4061 6350617.625671241 5716226.509644872 192000.0
8125 6608410.543033829 5294910.716594588 192000.0
12202 6976422.219033838 5294910.716594588 191136.0
16285 7261059.334906322 5294910.716594588 191136.0
20351 6617503.231635064 5294910.716594588 190275.888
24416 6794650.731300977 5292648.601095237 190275.888
28500 6382738.501922286 5292648.601095237 190275.888
32576 6137420.339784797 5292648.601095237 189419.646504
36655 6023110.013257036 5292648.601095237 189419.646504
40759 6317366.105495872 5292648.601095237 188567.258094732
44860 5793770.372843705 5292648.601095237 188567.258094732
48937 7178769.988532649 5292648.601095237 187718.70543330573
53021 6561106.915291265 5292648.601095237 187718.70543330573
57120 6352624.517606723 5292648.601095237 187718.70543330573
61216 6917633.504892424 5292648.601095237 186873.97125885586
65303 6623914.350297323 5292648.601095237 186873.97125885586
69389 6358841.046034215 5292648.601095237 186873.97125885586
73483 6427070.557993031 5199001.238030317 186873.97125885586
77568 6929563.5365938125 5172912.465027325 186033.03838819102
81673 6110846.453789977 5172912.465027325 186033.03838819102
85747 6467308.261049006 5172912.465027325 185195.88971544418
89834 6174527.4911039295 5172912.465027325 185195.88971544418
93923 6380384.82963837 5172912.465027325 184362.5082117247
98005 6050829.327798867 5172912.465027325 184362.5082117247
102098 6702489.443717068 5172912.465027325 184362.5082117247
106186 6978390.845294888 5041709.534118797 183532.87692477193
110279 6543150.582538095 5041709.534118797 183532.87692477193
114389 6205817.9568366585 5041709.534118797 182706.97897861048
118484 6432188.755973934 5041709.534118797 182706.97897861048
122587 6952038.265514518 5041709.534118797 181884.79757320674
126674 6516841.063451343 5041709.534118797 181884.79757320674
130782 6636412.132929219 5041709.534118797 181884.79757320674
134884 6348995.11719205 5041709.534118797 181884.79757320674
138978 6529744.318618633 5041709.534118797 181066.31598412732
143062 5616888.628610997 5041709.534118797 181066.31598412732
147160 6828486.543399141 5041709.534118797 180251.51756219874
151248 6138989.4604055 5041709.534118797 180251.51756219874
155345 6984727.080450601 5041709.534118797 180251.51756219874
159448 6844028.967053272 5041709.534118797 179440.38573316886
163520 6813906.273222948 5041709.534118797 179440.38573316886
167639 6201191.547679211 5041709.534118797 178632.9039973696
171725 6653743.4818158625 5041709.534118797 178632.9039973696
175836 6686273.298734279 5041709.534118797 177829.05592938146
179921 6029504.245526954 5041709.534118797 177829.05592938146
184025 6949874.149748409 4807279.485209806 177028.82517769924
188141 6100340.536094693 4807279.485209806 177028.82517769924
192240 6382888.6379835745 4807279.485209806 177028.82517769924
196371 6857377.5117576225 4807279.485209806 176232.1954643996
200496 6638085.058647751 4807279.485209806 176232.1954643996
204617 7062903.452505293 4807279.485209806 176232.1954643996
208739 6474592.202638116 4807279.485209806 175439.15058480983
212852 6409621.801961413 4807279.485209806 175439.15058480983
216974 5637338.461930243 4807279.485209806 174649.6744071782
221082 6724622.771254996 4807279.485209806 174649.6744071782
225214 6907161.299060818 4807279.485209806 173863.7508723459
229328 6407335.273047467 4807279.485209806 173863.7508723459
233461 5789308.53109342 4807279.485209806 173863.7508723459
237568 6590416.552155148 4807279.485209806 173863.7508723459
241702 6013643.55994795 4807279.485209806 173081.36399342035
245817 6230228.347371293 4807279.485209806 173081.36399342035
249944 6462056.9104104 4807279.485209806 172302.49785544997
254074 6373138.322807586 4807279.485209806 172302.49785544997
258186 6074613.516208867 4807279.485209806 171527.13661510046
262298 6743601.170019154 4807279.485209806 171527.13661510046
266416 6777564.175473508 4807279.485209806 171527.13661510046
270552 6267681.24518502 4807279.485209806 170755.26450033253
274690 6501479.732080144 4807279.485209806 170755.26450033253
278818 6165362.72902873 4807279.485209806 169986.86581008104
282955 6386949.313001567 4807279.485209806 169986.86581008104
287098 6345923.851781855 4807279.485209806 169221.92491393568
291252 6561222.464579829 4807279.485209806 169221.92491393568
295407 6520340.463042884 4807279.485209806 168460.426251823
299523 6786555.480687466 4807279.485209806 168460.426251823
303657 6269309.437354799 4807279.485209806 167702.35433368981
307776 5921954.80564945 4807279.485209806 167702.35433368981
311929 6434497.258629463 4807279.485209806 166947.69373918822
316041 6550544.751544862 4807279.485209806 166947.69373918822
320187 6348357.270009482 4807279.485209806 166196.4291173619
324303 6730378.485022186 4807279.485209806 166196.4291173619
328433 6358516.592302536 4807279.485209806 165448.54518633377
332573 6562187.958920389 4807279.485209806 165448.54518633377
336716 6271446.796970031 4807279.485209806 164704.02673299526
340878 6337956.198256088 4807279.485209806 164704.02673299526
345042 5978914.3342437325 4807279.485209806 164704.02673299526
349195 6533447.047066413 4807279.485209806 164704.02673299526
353342 7218189.797978661 4807279.485209806 163962.8586126968
357503 6500628.565396297 4807279.485209806 163962.8586126968
361629 6389856.53939538 4807279.485209806 163962.8586126968
365738 7626744.765712284 4807279.485209806 163225.02574893966
369894 6899672.615837174 4807279.485209806 163225.02574893966
374060 6140385.869473295 4807279.485209806 163225.02574893966
378235 6727143.358038922 4807279.485209806 163225.02574893966
382377 6237691.085875985 4807279.485209806 163225.02574893966
386532 6061639.430739988 4807279.485209806 162490.51313306944
390694 6560561.307188024 4807279.485209806 162490.51313306944
394852 6386442.991593997 4807279.485209806 161759.30582397064
399007 6105316.653264743 4807279.485209806 161759.30582397064
403163 5989836.382589319 4807279.485209806 161759.30582397064
407315 6052644.387912675 4807279.485209806 161759.30582397064
411466 6893518.277570889 4807279.485209806 161031.38894776278
415618 6504570.030194868 4807279.485209806 161031.38894776278
419772 6079290.506544179 4807279.485209806 161031.38894776278
423922 6054616.260095739 4807279.485209806 160306.74769749786
428090 6417435.060292341 4807279.485209806 160306.74769749786
432252 5976668.700846269 4807279.485209806 160306.74769749786
436413 6451725.01176709 4807279.485209806 160306.74769749786
440576 6322412.699018554 4807279.485209806 159585.36733285914
444781 6629494.341851699 4807279.485209806 159585.36733285914
448943 6400005.363180773 4807279.485209806 159585.36733285914
453082 5917091.11982396 4807279.485209806 158867.23317986127
457247 6579840.287509641 4807279.485209806 158867.23317986127
461426 6536762.165053065 4807279.485209806 158867.23317986127
465613 6684762.419449133 4807279.485209806 158152.3306305519
469803 6539701.485434689 4807279.485209806 158152.3306305519
473966 6390859.9206112325 4807279.485209806 157440.64514271443
478136 6459440.7166352095 4807279.485209806 157440.64514271443
482345 6105927.678647442 4807279.485209806 156732.16223957224
486527 6447845.609131413 4807279.485209806 156732.16223957224
490729 5847724.755686585 4807279.485209806 156026.86750949416
494936 6240439.684846775 4807279.485209806 156026.86750949416
499104 6682287.536335788 4807279.485209806 156026.86750949416
503302 6115274.463552866 4807279.485209806 155324.74660570145
507487 6468401.486076211 4807279.485209806 155324.74660570145
511685 6545692.083341402 4807279.485209806 155324.74660570145
515876 6251194.984535564 4807279.485209806 154625.7852459758
520080 6619604.157300144 4807279.485209806 154625.7852459758
524254 5864029.10125844 4807279.485209806 154625.7852459758
528473 6602981.99020439 4807279.485209806 153929.96921236892
532643 6215195.198640312 4807279.485209806 153929.96921236892
536828 6230812.123521466 4807279.485209806 153237.28435091325
541053 7185524.452649047 4807279.485209806 153237.28435091325
545261 6369337.162157528 4807279.485209806 152547.71657133414
549493 5736378.486693253 4807279.485209806 152547.71657133414
553720 6399479.45958624 4807279.485209806 152547.71657133414
557974 6492146.103850095 4807279.485209806 152547.71657133414
562173 6885777.251555864 4807279.485209806 151861.25184676313
566369 6825452.10144068 4807279.485209806 151861.25184676313
570576 6087157.293711932 4807279.485209806 151861.25184676313
574839 6832230.271384267 4807279.485209806 151177.8762134527
579031 6165058.339354513 4807279.485209806 151177.8762134527
583253 6209960.289651052 4726034.349548019 150497.57577049217
587453 5970713.634929045 4726034.349548019 150497.57577049217
591663 6540758.875260748 4726034.349548019 149820.33667952497
595891 5921029.937228964 4726034.349548019 149820.33667952497
600134 5643567.594641938 4726034.349548019 149146.14516446713
604349 6216728.321990478 4726034.349548019 149146.14516446713
608555 6109506.990279291 4726034.349548019 148474.98751122702
612787 5934191.80575732 4726034.349548019 148474.98751122702
616999 6324166.827970661 4726034.349548019 147806.8500674265
621206 6365574.530975331 4726034.349548019 147806.8500674265
625427 6188781.956868329 4726034.349548019 147806.8500674265
629681 6436360.804433372 4726034.349548019 147141.7192421231
633931 6160170.665048776 4726034.349548019 147141.7192421231
638190 6868212.535423705 4726034.349548019 146479.58150553354
642436 6093713.396120855 4726034.349548019 146479.58150553354
646712 6688037.122695861 4726034.349548019 145820.42338875865
650929 7117850.165831772 4726034.349548019 145820.42338875865
655158 5535495.870568555 4726034.349548019 145164.23148350924
659401 6026098.244391824 4726034.349548019 145164.23148350924
663638 5636092.740278423 4726034.349548019 144510.99244183346
667921 6224470.967646648 4726034.349548019 144510.99244183346
672163 6334232.131246091 4726034.349548019 143860.69297584522
676396 6360605.246909857 4726034.349548019 143860.69297584522
680635 6072425.2635297645 4726034.349548019 143860.69297584522
684889 6835870.693374659 4726034.349548019 143213.31985745393
689122 6252718.814202394 4726034.349548019 143213.31985745393
693397 6911889.974978982 4726034.349548019 142568.8599180954
697626 5908031.355374244 4726034.349548019 142568.8599180954
701928 5997019.055699222 4726034.349548019 141927.30004846398
706222 5328447.123549658 4726034.349548019 141927.30004846398
710469 6802034.478633784 4726034.349548019 141927.30004846398
714730 6270444.320141701 4726034.349548019 141288.6271982459
718974 6717180.083092637 4726034.349548019 141288.6271982459
723264 6279963.744458269 4726034.349548019 140652.8283758538
727534 6176735.44727981 4726034.349548019 140652.8283758538
731773 6491286.367679389 4726034.349548019 140019.89064816246
736056 5978273.527998609 4726034.349548019 140019.89064816246
740326 6885986.699073756 4726034.349548019 140019.89064816246
744583 7157406.257529131 4726034.349548019 139389.80114024575
748813 6013266.770142608 4726034.349548019 139389.80114024575
753180 6111274.632629899 4726034.349548019 138762.54703511464
757460 6454541.1862988975 4726034.349548019 138762.54703511464
761761 6051925.992652564 4726034.349548019 138138.11557345663
766090 6126914.486371359 4726034.349548019 138138.11557345663
770442 6511731.655810095 4726034.349548019 138138.11557345663
774708 6667222.719320735 4726034.349548019 138138.11557345663
778933 6671792.423484309 4726034.349548019 137516.49405337608
783219 5694603.883034833 4726034.349548019 137516.49405337608
787516 6309478.717966853 4726034.349548019 137516.49405337608
791808 6427252.566219342 4726034.349548019 137516.49405337608
796118 6221054.366473043 4726034.349548019 136897.66983013588
800417 5932851.997085708 4726034.349548019 136897.66983013588
804758 5841117.553284337 4726034.349548019 136897.66983013588
809062 6399321.298396273 4726034.349548019 136281.6303159003
813364 6193263.758242782 4726034.349548019 136281.6303159003
817649 6279384.272209945 4726034.349548019 136281.6303159003
821977 6712717.06801247 4726034.349548019 135668.36297947876
826274 5861436.69234991 4726034.349548019 135668.36297947876
830574 6564354.907521421 4726034.349548019 135057.8553460711
834866 6558885.160939153 4726034.349548019 135057.8553460711
839217 6752569.2932115365 4726034.349548019 135057.8553460711
843504 5994086.69750939 4726034.349548019 134450.09499701377
847818 6333978.980332266 4726034.349548019 134450.09499701377
852175 6237873.570105828 4726034.349548019 133845.06956952723
856510 6806942.948625346 4726034.349548019 133845.06956952723
860854 6957338.712072304 4726034.349548019 133845.06956952723
865201 6223959.857691999 4726034.349548019 133242.76675646438
869557 5752633.9405440595 4726034.349548019 133242.76675646438
873879 5825643.105782957 4726034.349548019 132643.1743060603
878194 6067872.795589561 4726034.349548019 132643.1743060603
882500 6263547.084001096 4726034.349548019 132643.1743060603
886840 6086318.007824323 4726034.349548019 132046.28002168305
891134 6019331.307385625 4726034.349548019 132046.28002168305
895460 5995631.610228925 4726034.349548019 131452.07176158548
899812 5430580.567879668 4726034.349548019 131452.07176158548
904151 6632197.126845868 4726034.349548019 131452.07176158548
908505 6551126.150885713 4726034.349548019 130860.53743865836
912882 6029808.149323622 4726034.349548019 130860.53743865836
917226 6013131.552120869 4726034.349548019 130860.53743865836
921600 5943602.803447619 4726034.349548019 130860.53743865836
925966 6588365.570578007 4726034.349548019 130860.53743865836
930332 6163852.029383132 4726034.349548019 130271.6650201844
934657 5864013.189446284 4726034.349548019 130271.6650201844
938993 5837793.595264317 4726034.349548019 130271.6650201844
943316 6282620.808297361 4726034.349548019 129685.44252759358
947669 6734249.414610142 4726034.349548019 129685.44252759358
952036 5955386.158641353 4726034.349548019 129685.44252759358
956436 6536537.510158207 4726034.349548019 129101.85803621942
960800 6149673.3280804325 4726034.349548019 129101.85803621942
965204 5961365.752580473 4726034.349548019 128520.89967505644
969590 6531766.072765887 4429636.222761897 128520.89967505644
974000 6447957.863173751 4429636.222761897 128520.89967505644
978355 5989568.165422136 4429636.222761897 127942.55562651869
982768 6202230.223968714 4429636.222761897 127942.55562651869
987146 6782735.123365808 4429636.222761897 127942.55562651869
991541 5867479.4770610165 4429636.222761897 127366.81412619936
995904 5947936.886588113 4429636.222761897 127366.81412619936
1000266 5761619.941560729 4429636.222761897 127366.81412619936
1004646 6332151.392402792 4429636.222761897 127366.81412619936
1009082 6438583.84613781 4429636.222761897 126793.66346263146
1013456 6666263.512650781 4429636.222761897 126793.66346263146
1017828 6071184.248107031 4429636.222761897 126223.09197704963
1022202 5464671.126623005 4429636.222761897 126223.09197704963
1026653 5557233.252409724 4429636.222761897 126223.09197704963
1031055 6005916.665420108 4429636.222761897 126223.09197704963
1035483 5986468.407655664 4429636.222761897 125655.08806315291
1039858 5862430.952212511 4429636.222761897 125655.08806315291
1044273 5498953.039659748 4429636.222761897 125089.64016686873
1048773 6568486.617699598 4429636.222761897 125089.64016686873
1053185 6266867.741869224 4429636.222761897 125089.64016686873
1057604 6389081.850087895 4429636.222761897 124526.73678611784
1062025 5604421.105580357 4429636.222761897 124526.73678611784
1066508 5946237.5885305125 4429636.222761897 123966.36647058031
1070945 6400970.0972244935 4429636.222761897 123966.36647058031
1075423 6172630.225545351 4429636.222761897 123408.51782146271
1079873 5167159.147091679 4429636.222761897 123408.51782146271
1084357 5710598.464817525 4429636.222761897 122853.17949126613
1088828 6491338.548489551 4429636.222761897 122853.17949126613
1093227 6127196.444221301 4429636.222761897 122853.17949126613
1097674 6528204.764679041 4429636.222761897 122300.34018355544
1102120 6304288.274389051 4429636.222761897 122300.34018355544
1106558 6374485.526140053 4429636.222761897 121749.98865272944
1110991 6163722.554015902 4429636.222761897 121749.98865272944
1115392 5420742.804688857 4429636.222761897 121202.11370379217
1119903 6299207.334802225 4429636.222761897 121202.11370379217
1124379 6305976.460389206 4429636.222761897 121202.11370379217
1128850 5853277.067191515 4429636.222761897 121202.11370379217
1133329 5518757.110339963 4429636.222761897 120656.70419212511
1137706 5896611.524214698 4429636.222761897 120656.70419212511
1142190 6106402.245953002 4429636.222761897 120113.74902326055
1146579 6169962.3791027265 4429636.222761897 120113.74902326055
1151033 5744270.572951577 4429636.222761897 119573.23715265589
1155547 6144702.5395584935 4429636.222761897 119573.23715265589
1160017 5888864.085871124 4429636.222761897 119573.23715265589
1164484 6133137.720013534 4429636.222761897 119035.15758546894
1169030 5816147.263457527 4429636.222761897 119035.15758546894
1173539 6233059.068671086 4429636.222761897 119035.15758546894
1178056 5654009.580688423 4429636.222761897 118499.49937633434
1182574 4918106.430825574 4429636.222761897 118499.49937633434
1187036 5742624.5712300865 4429636.222761897 118499.49937633434
1191533 5878163.8297569705 4429636.222761897 117966.25162914084
1196006 6822481.4718565885 4429636.222761897 117966.25162914084
1200541 6881662.521622208 4429636.222761897 117435.40349680971
1205014 5878449.887510562 4429636.222761897 117435.40349680971
1209521 5599838.845512386 4429636.222761897 116906.94418107407
1214032 5737636.2488702545 4429636.222761897 116906.94418107407
1218514 5734885.611375401 4429636.222761897 116906.94418107407
1223016 5359656.519260687 4429636.222761897 116380.86293225925
1227554 5763066.920415484 4429636.222761897 116380.86293225925
1232062 5835902.220125729 4429636.222761897 116380.86293225925
1236537 5786867.3183383355 4429636.222761897 116380.86293225925
1241094 6168117.571724442 4429636.222761897 115857.14904906409
1245626 6014075.551311868 4429636.222761897 115857.14904906409
1250173 5722519.5463924 4429636.222761897 115335.7918783433
1254718 6205725.045188944 4429636.222761897 115335.7918783433
1259316 6245362.330259983 4429636.222761897 115335.7918783433
1263906 6310708.540929821 4429636.222761897 115335.7918783433
1268394 5762243.355202355 4429636.222761897 114816.78081489076
1272932 6098134.586169549 4429636.222761897 114816.78081489076
1277545 5997574.88454982 4429636.222761897 114300.10530122377
1282114 5889315.245297575 4429636.222761897 114300.10530122377
1286675 5994251.119566986 4429636.222761897 113785.75482736826
1291207 5593305.573489994 4429636.222761897 113785.75482736826
1295782 5679742.877527159 4429636.222761897 113273.71893064512
1300402 5900031.655737501 4429636.222761897 113273.71893064512
1304948 6205429.1045086095 4429636.222761897 113273.71893064512
1309502 4954797.6270110095 4429636.222761897 112763.98719545722
1314035 5216902.52663949 4429636.222761897 112763.98719545722
1318666 5453129.0386040835 4429636.222761897 112763.98719545722
1323267 6050337.034485882 4429636.222761897 112763.98719545722
1327875 5726103.073437317 4423669.163730899 112256.54925307767
1332470 5682742.817688012 4423669.163730899 112256.54925307767
1336987 5594232.753282357 4423669.163730899 111751.39478143882
1341593 6121993.191131856 4423669.163730899 111751.39478143882
1346265 5326989.382539384 4423669.163730899 111751.39478143882
1350882 5429436.050115096 4423669.163730899 111751.39478143882
1355426 6194431.738929738 4423669.163730899 111248.51350492236
1360074 5552223.067839553 4423669.163730899 111248.51350492236
1364625 5457964.6304386975 4423669.163730899 111248.51350492236
1369149 5433145.49105926 4423669.163730899 110747.89519415022
1373767 5358792.693299213 4423669.163730899 110747.89519415022
1378374 6181528.388708216 4423669.163730899 110747.89519415022
1383010 6247771.528734 4423669.163730899 110249.52966577654
1387606 5105511.882130998 4400333.191989792 110249.52966577654
1392221 5630672.405737414 4400333.191989792 109753.40678228055
1396849 5977584.556943719 4400333.191989792 109753.40678228055
1401490 6530489.692379439 4400333.191989792 109259.5164517603
1406126 6266519.567341479 4400333.191989792 109259.5164517603
1410805 6291505.183925598 4400333.191989792 109259.5164517603
1415444 5744836.665093462 4400333.191989792 108767.84862772738
1420077 5467281.378007792 4400333.191989792 108767.84862772738
1424713 6064907.443936743 4400333.191989792 108278.39330890261
1429420 5447428.865613601 4400333.191989792 108278.39330890261
1434083 5977019.582157491 4400333.191989792 108278.39330890261
1438689 6188003.214874719 4400333.191989792 108278.39330890261
1443250 5851930.74545186 4400333.191989792 107791.14053901256
1447949 6088359.742154516 4400333.191989792 107791.14053901256
1452565 5746113.65193008 4400333.191989792 107791.14053901256
1457240 5491749.280552555 4400333.191989792 107306.080406587
1461959 5779049.974494958 4400333.191989792 107306.080406587
1466657 5805576.184997576 4400333.191989792 107306.080406587
1471303 6620815.928261514 4400333.191989792 107306.080406587
1476049 5350239.268255264 4201358.435319431 106823.20304475736
1480664 6195670.02223629 4201358.435319431 106823.20304475736
1485314 5859948.991548216 4201358.435319431 106342.49863105596
1489974 5401557.982155026 4201358.435319431 106342.49863105596
1494667 5562135.486890647 4201358.435319431 105863.95738721621
1499378 5975370.236408912 4201358.435319431 105863.95738721621
1504160 5552855.564740986 4201358.435319431 105387.56957897375
1508861 5407314.743944131 4201358.435319431 105387.56957897375
1513606 5781736.917695633 4201358.435319431 104913.32551586838
1518380 5237944.36584253 4201358.435319431 104913.32551586838
1523041 5651578.86735468 4201358.435319431 104913.32551586838
1527823 5774709.949954465 4201358.435319431 104441.21555104697
1532573 5616104.913682775 4201358.435319431 104441.21555104697
1537368 5912644.088787238 4201358.435319431 103971.23008106728
1542094 5891625.932657838 4201358.435319431 103971.23008106728
1546810 5606128.0704741925 4201358.435319431 103503.35954570248
1551630 5320599.400319335 4201358.435319431 103503.35954570248
1556417 5930119.944296128 4201358.435319431 103503.35954570248
1561216 5571761.009525745 4201358.435319431 103503.35954570248
1565949 5761304.603519177 4201358.435319431 103037.59442774682
1570655 5880576.450726814 4201358.435319431 103037.59442774682
1575456 6378444.473917824 4201358.435319431 103037.59442774682
1580156 5659905.999422829 4201358.435319431 103037.59442774682
1584878 5533331.322260526 4201358.435319431 102573.92525282197
1589627 5881203.903965109 4201358.435319431 102573.92525282197
1594356 5724193.9699506285 4201358.435319431 102573.92525282197
1599174 5155438.2677413095 4201358.435319431 102573.92525282197
1604029 5544912.403524342 4201358.435319431 102573.92525282197
1608855 5751204.86939696 4201358.435319431 102112.34258918428
1613661 6008351.380624236 4201358.435319431 102112.34258918428
1618461 5894899.280254044 4201358.435319431 102112.34258918428
1623209 6007646.552572538 4201358.435319431 101652.83704753296
1628035 5688565.766817796 4201358.435319431 101652.83704753296
1632806 5470054.073335134 4201358.435319431 101652.83704753296
1637545 5527230.253613473 4201358.435319431 101195.39928081907
1642289 5982653.184703336 4201358.435319431 101195.39928081907
1647130 5237482.585572776 4201358.435319431 100740.01998405538
1651994 5653520.696065884 4201358.435319431 100740.01998405538
1656866 6634458.828678648 4201358.435319431 100286.68989412714
1661639 5659819.794737434 4201358.435319431 100286.68989412714
1666495 6034235.632796739 4201358.435319431 99835.39978960357
1671328 5149655.222801545 4201358.435319431 99835.39978960357
1676182 5784210.5365254525 4201358.435319431 99835.39978960357
1680989 5620405.7713152105 4201358.435319431 99386.14049055036
1685830 6291076.35174875 4201358.435319431 99386.14049055036
1690663 5515410.804138967 4201358.435319431 99386.14049055036
1695499 5775581.219804756 4201358.435319431 98938.90285834289
1700410 6327360.105433022 4201358.435319431 98938.90285834289
1705279 5471419.331833217 4201358.435319431 98938.90285834289
1710097 5693554.949544084 4201358.435319431 98493.67779548035
1714999 5600186.884097927 4201358.435319431 98493.67779548035
1719969 5611175.648755693 4201358.435319431 98493.67779548035
1724856 6015404.44754304 4201358.435319431 98493.67779548035
1729746 5194950.575657292 4201358.435319431 98050.4562454007
1734690 5247268.079710017 4201358.435319431 98050.4562454007
1739548 5873118.104889966 4201358.435319431 98050.4562454007
1744430 5333349.6552741695 4201358.435319431 97609.22919229639
1749315 5561277.10799238 4201358.435319431 97609.22919229639
1754197 5535466.835054526 4201358.435319431 97169.98766093106
1759213 5966805.394906069 4201358.435319431 97169.98766093106
1764027 5310730.853946695 4201358.435319431 97169.98766093106
1768969 5391144.567618865 4201358.435319431 96732.72271645688
1773840 5400320.447246218 4201358.435319431 96732.72271645688
1778784 5871612.345356391 4201358.435319431 96297.42546423283
1783711 5757699.284727239 4201358.435319431 96297.42546423283
1788657 5112235.944632736 4201358.435319431 95864.08704964379
1793639 5745711.710828114 4201358.435319431 95864.08704964379
1798505 5788696.250382456 4201358.435319431 95864.08704964379
1803541 5018966.91354739 4201358.435319431 95432.6986579204
1808520 5501864.585387653 4201358.435319431 95432.6986579204
1813397 6171109.726950934 4201358.435319431 95003.25151395975
1818323 5916907.115888539 4201358.435319431 95003.25151395975
1823230 5580886.208941776 4201358.435319431 94575.73688214694
1828210 4933779.704599214 4201358.435319431 94575.73688214694
1833356 5121430.902862398 4201358.435319431 94575.73688214694
1838327 5455069.871705501 4201358.435319431 94575.73688214694
1843224 6023700.213194238 4201358.435319431 94150.14606617729
1848201 6192068.455329972 4201358.435319431 94150.14606617729
1853116 5647067.49669428 4201358.435319431 94150.14606617729
1858141 5832551.279385487 4201358.435319431 93726.4704088795
1863079 6148143.768842088 4201358.435319431 93726.4704088795
1868064 6217580.835102018 4135098.0371686765 93726.4704088795
1873087 5137002.4755404815 4135098.0371686765 93726.4704088795
1878026 5325385.301669237 4135098.0371686765 93726.4704088795
1883014 6003811.819430641 4135098.0371686765 93304.70129203955
1888022 5443279.432539643 4135098.0371686765 93304.70129203955
1892920 6162172.893691829 4135098.0371686765 93304.70129203955
1898000 5309171.864081394 4135098.0371686765 92884.83013622537
1903073 5924861.835757309 4135098.0371686765 92884.83013622537
1908136 5691253.783629472 4135098.0371686765 92466.84840061236
1913231 5231237.060675699 4135098.0371686765 92466.84840061236
1918378 6048035.807327196 4135098.0371686765 92050.7475828096
1923520 5246925.562315483 4135098.0371686765 92050.7475828096
1928698 5716199.901330352 4135098.0371686765 91636.51921868697
1933914 5261744.760870415 4135098.0371686765 91636.51921868697
1938980 5910757.019291247 4135098.0371686765 91224.15488220289
1944081 4905068.762966539 4135098.0371686765 91224.15488220289
1949195 5297693.175846168 4135098.0371686765 91224.15488220289
1954286 5936817.306603897 4135098.0371686765 90813.64618523298
1959355 5172433.4088716805 4135098.0371686765 90813.64618523298
1964411 4985569.762035397 4135098.0371686765 90404.98477739944
1969506 4872607.172901498 4135098.0371686765 90404.98477739944
1974628 5722779.625790015 4135098.0371686765 90404.98477739944
1979713 5058507.042446209 4135098.0371686765 89998.16234590115
1984893 5716921.930237443 4135098.0371686765 89998.16234590115
1990029 5469893.467462503 4135098.0371686765 89998.16234590115
1995221 5854158.367881471 4135098.0371686765 89998.16234590115
2000189 5521578.220998879 4135098.0371686765 89593.1706153446
2005378 5867466.649866983 4135098.0371686765 89593.1706153446
2010530 5071242.772841623 4135098.0371686765 89593.1706153446
2015713 5216665.461675753 4135098.0371686765 89190.00134757555
2020841 5507180.341704405 4135098.0371686765 89190.00134757555
2026081 5674370.09514147 4135098.0371686765 88788.64634151147
2031392 5238730.552771639 4024247.2224458233 88788.64634151147
2036515 5919959.693414548 4024247.2224458233 88788.64634151147
2041789 5003262.386374121 4024247.2224458233 88389.09743297467
2046970 5600578.917208639 4024247.2224458233 88389.09743297467
2052158 4898869.71914128 4024247.2224458233 87991.34649452628
2057373 5402720.66914398 4024247.2224458233 87991.34649452628
2062624 4620482.938531147 4024247.2224458233 87991.34649452628
2067827 5288951.056956599 4024247.2224458233 87991.34649452628
2073127 5022958.775386329 4024247.2224458233 87595.38543530092
2078362 5065730.233703197 4024247.2224458233 87595.38543530092
2083686 4627977.886806391 4024247.2224458233 87201.20620084208
2088986 5487033.215881627 4024247.2224458233 87201.20620084208
2094314 5071234.497081682 4024247.2224458233 86808.8007729383
2099520 5713718.26028555 4024247.2224458233 86808.8007729383
2104854 5895837.838559797 4024247.2224458233 86418.16116946007
2110144 4074808.2144378372 3795760.6916954014 86418.16116946007
2115495 5125641.667362506 3795760.6916954014 86029.27944419751
2120863 4682127.4136102805 3795760.6916954014 86029.27944419751
2126153 5407357.496775138 3795760.6916954014 85642.14768669863
2131377 5183750.538129429 3795760.6916954014 85642.14768669863
2136709 5777206.452840495 3795760.6916954014 85256.7580221085
2142013 5143632.954256519 3795760.6916954014 85256.7580221085
2147441 4716103.868562174 3795760.6916954014 84873.10261100902
2152873 5363901.2885029465 3795760.6916954014 84873.10261100902
2158234 5556884.776494713 3795760.6916954014 84491.17364925948
2163633 4631304.162285661 3795760.6916954014 84491.17364925948
2169048 5426560.56100817 3795760.6916954014 84491.17364925948
2174363 5432106.497529666 3795760.6916954014 84110.96336783782
2179719 5250784.465213412 3795760.6916954014 84110.96336783782
2185210 5648875.885212282 3795760.6916954014 84110.96336783782
2190532 5907068.669489007 3795760.6916954014 84110.96336783782
2195806 5410462.858685041 3795760.6916954014 83732.46403268255
2201169 4876828.886075498 3795760.6916954014 83732.46403268255
2206549 5329697.481330249 3795760.6916954014 83732.46403268255
2211932 5448214.3076250255 3795760.6916954014 83732.46403268255
2217257 5182468.152459422 3795760.6916954014 83732.46403268255
2222708 5243764.599933326 3795760.6916954014 83355.66794453548
2228133 5054734.7852420295 3795760.6916954014 83355.66794453548
2233537 4603317.381270296 3795760.6916954014 82980.56743878507
2238878 5430260.960955398 3795760.6916954014 82980.56743878507
2244233 5857499.914695951 3795760.6916954014 82607.15488531055
2249635 5391797.404926513 3795760.6916954014 82607.15488531055
2255043 5542178.619630535 3795760.6916954014 82607.15488531055
2260532 4961390.744967571 3795760.6916954014 82235.42268832665
2265983 5270898.679096463 3795760.6916954014 82235.42268832665
2271515 4900297.449789938 3795760.6916954014 81865.36328622919
2276979 5157095.910462928 3795760.6916954014 81865.36328622919
2282509 5054540.6979907965 3795760.6916954014 81496.96915144115
2287972 4770282.187072852 3795760.6916954014 81496.96915144115
2293647 5411876.167946486 3444162.011202341 81130.23279025967
2299114 5098704.885013977 3444162.011202341 81130.23279025967
2304672 5451425.108332867 3444162.011202341 80765.14674270351
2310200 4980590.713630274 3444162.011202341 80765.14674270351
2315792 4982197.870600793 3444162.011202341 80401.70358236136
2321412 5156652.460857537 3444162.011202341 80401.70358236136
2326972 5324391.267644183 3444162.011202341 80039.89591624073
2332736 5687839.099209716 3444162.011202341 80039.89591624073
2338477 5084296.351735653 3444162.011202341 80039.89591624073
2344115 4599283.8029125035 3444162.011202341 80039.89591624073
2349648 5364970.357438678 3444162.011202341 79679.71638461764
2355209 5222159.492678118 3444162.011202341 79679.71638461764
2360821 5666874.452585354 3444162.011202341 79321.15766088686
2366433 5088474.374474809 3444162.011202341 79321.15766088686
2372139 5125159.025999147 3444162.011202341 78964.21245141288
2377819 4798071.017156655 3444162.011202341 78964.21245141288
2383529 4931579.473234963 3444162.011202341 78608.87349538153
2389151 5134113.084926058 3444162.011202341 78608.87349538153
2394790 4681598.831295611 3444162.011202341 78255.13356465232
2400498 5358029.311878313 3444162.011202341 78255.13356465232
2406163 4872525.577897718 3444162.011202341 78255.13356465232
2411779 5895619.546150178 3444162.011202341 77902.98546361139
2417533 4660462.880107039 3444162.011202341 77902.98546361139
2423309 5463997.810009264 3444162.011202341 77902.98546361139
2429023 5249575.378804882 3444162.011202341 77552.42202902514
2434674 4450244.07463172 3444162.011202341 77552.42202902514
2440561 4735094.7483198475 3444162.011202341 77552.42202902514
2446353 5393529.69344985 3444162.011202341 77552.42202902514
2451843 5195165.668521833 3444162.011202341 77203.43612989453
2457724 5247771.520796614 3444162.011202341 77203.43612989453
2463556 4795861.871184611 3444162.011202341 77203.43612989453
2469180 4888508.747812702 3444162.011202341 76856.02066731
2474873 5258700.223011702 3444162.011202341 76856.02066731
2480770 5020642.96032715 3444162.011202341 76856.02066731
2486536 5047595.652298773 3444162.011202341 76856.02066731
2492509 4850452.119804213 3444162.011202341 76510.16857430711
2498438 4611089.106760741 3444162.011202341 76510.16857430711
2504169 4692045.520747735 3444162.011202341 76165.87281572273
2509995 5212230.22265405 3444162.011202341 76165.87281572273
2515874 4379829.69648801 3444162.011202341 76165.87281572273
2521635 4465691.250216512 3444162.011202341 76165.87281572273
2527522 4413039.457923919 3444162.011202341 75823.12638805198
2533354 5405749.832074146 3444162.011202341 75823.12638805198
2539235 5041034.796020783 3444162.011202341 75823.12638805198
2545191 4960655.672685857 3444162.011202341 75481.92231930576
2551114 4669966.241283499 3444162.011202341 75481.92231930576
2557114 4588005.803829095 3444162.011202341 75142.25366886889
2563003 5055718.510870849 3444162.011202341 75142.25366886889
2568895 5094467.219038027 3444162.011202341 74804.11352735898
2574895 4183032.155023337 3444162.011202341 74804.11352735898
2580649 4614676.311010155 3444162.011202341 74804.11352735898
2586584 4518345.684323484 3444162.011202341 74467.49501648586
2592562 4879975.005087226 3444162.011202341 74467.49501648586
2598457 3954695.337524555 3444162.011202341 74467.49501648586
2604457 4856306.561356826 3444162.011202341 74132.39128891168
2610419 4999586.847919207 3444162.011202341 74132.39128891168
2616407 4850560.692431404 3444162.011202341 73798.79552811157
2622304 4913346.064222296 3444162.011202341 73798.79552811157
2628186 5351212.473157062 3444162.011202341 73466.70094823507
2634093 4904362.580876224 3444162.011202341 73466.70094823507
2639995 5240073.822317411 3444162.011202341 73136.10079396801
2645982 4781816.6479498735 3444162.011202341 73136.10079396801
2651982 4585552.848930809 3444162.011202341 72806.98834039515
2657982 4875291.730361026 3444162.011202341 72806.98834039515
2663982 4284762.057683563 3444162.011202341 72479.35689286338
2669843 4988622.51652403 3444162.011202341 72479.35689286338
2675843 4375117.336025151 3444162.011202341 72153.1997868455
2681843 4251890.395651651 3444162.011202341 72153.1997868455
2687843 5004431.3065134315 3444162.011202341 71828.5103878047
2693843 4921709.619946761 3444162.011202341 71828.5103878047
2699843 4021751.0686194687 3444162.011202341 71828.5103878047
2705843 5278910.724988332 3444162.011202341 71828.5103878047
2711843 4566511.10595214 3444162.011202341 71828.5103878047
2717843 5069657.339656985 3444162.011202341 71505.28209105958
2723843 5154811.725680454 3444162.011202341 71505.28209105958
2729843 4653821.826998845 3444162.011202341 71505.28209105958
2735823 4236766.359182291 3444162.011202341 71183.50832164982
2741823 4033128.66421662 3444162.011202341 71183.50832164982
2747823 4639533.209134829 3444162.011202341 71183.50832164982
2753823 4481812.987725314 3444162.011202341 70863.1825342024
2759823 4263356.137104141 3444162.011202341 70863.1825342024
2765823 5176273.750896354 3444162.011202341 70544.29821279849
2771823 4632405.388946229 3444162.011202341 70544.29821279849
2777823 5177140.446452037 3444162.011202341 70226.8488708409
2783823 4898804.697853257 3444162.011202341 70226.8488708409
2789823 4162283.2082322114 3444162.011202341 69910.82805092212
2795823 4607540.6655248655 3444162.011202341 69910.82805092212
2801823 4566063.790270833 3444162.011202341 69596.22932469298
2807823 4466669.121894603 3444162.011202341 69596.22932469298
2813823 5349920.262560154 3444162.011202341 69283.04629273186
2819823 4129531.0399205037 3444162.011202341 69283.04629273186
2825823 4913217.6452104915 3444162.011202341 68971.27258441458
2831823 4871199.689742489 3444162.011202341 68971.27258441458
2837823 5257591.647225223 3444162.011202341 68660.90185778472
2843823 4067277.6365231173 3444162.011202341 68660.90185778472
2849823 4997467.150724724 3444162.011202341 68351.9277994247
2855823 4505841.234680235 3444162.011202341 68351.9277994247
2861823 4346143.200837821 3444162.011202341 68044.34412432728
2867823 4406495.191557516 3444162.011202341 68044.34412432728
2873823 4592151.018618468 3444162.011202341 68044.34412432728
2879823 4792857.578251536 3444162.011202341 67738.14457576782
2885823 4132080.0803177264 3444162.011202341 67738.14457576782
2891823 4256638.793790907 3444162.011202341 67433.32292517686
2897823 4160988.5802481137 3444162.011202341 67433.32292517686
2903823 4462782.235187368 3444162.011202341 67129.87297201357
2909823 4811272.624711665 3444162.011202341 67129.87297201357
2915823 3811080.3304440347 3297164.3088126304 66827.78854363952
2921823 5307344.55668666 3247516.695705853 66827.78854363952
2927823 4704596.699028437 3247516.695705853 66827.78854363952
2933823 4707790.4078253675 3247516.695705853 66527.06349519314
2939823 4332541.172410701 3247516.695705853 66527.06349519314
2945823 3857073.7540458417 3247516.695705853 66527.06349519314
2951823 4936354.124366764 3247516.695705853 66527.06349519314
2957823 4239363.534635727 3247516.695705853 66227.69170946478
2963823 4239070.456349363 3247516.695705853 66227.69170946478
2969823 3777829.9208196444 3247516.695705853 65929.66709677219
2975823 4325688.25704439 3247516.695705853 65929.66709677219
2981823 4522897.843410137 3247516.695705853 65632.98359483671
2987823 3886026.4279810614 3247516.695705853 65632.98359483671
2993823 4008924.8409867603 3247516.695705853 65632.98359483671
2999823 4295886.861197507 3247516.695705853 65337.63516865995
3005823 4504780.154426666 3247516.695705853 65337.63516865995
3011823 4272607.862207643 3247516.695705853 65337.63516865995
3017823 3716278.7838773876 3247516.695705853 65043.61581040099
3023823 4746905.083662955 3247516.695705853 65043.61581040099
3029823 4498979.332685478 3247516.695705853 64750.91953925419
3035823 4428901.556981488 3247516.695705853 64750.91953925419
3041823 4692164.303785221 3247516.695705853 64459.54040132755
3047823 4242482.314378799 3247516.695705853 64459.54040132755
3053823 4802391.04820097 3247516.695705853 64459.54040132755
3059823 4281986.78754433 3247516.695705853 64459.54040132755
3065823 4243303.035409743 3247516.695705853 64169.47246952158
3071823 4390564.038541373 3247516.695705853 64169.47246952158
3077823 3738685.6597311506 3226120.5967856664 64169.47246952158
3083823 4406454.714034232 3226120.5967856664 64169.47246952158
3089823 4805884.26492309 3226120.5967856664 63880.70984340873
3095823 4766353.43256756 3226120.5967856664 63880.70984340873
3101823 4276364.301230741 3226120.5967856664 63593.2466491134
3107823 3813680.811530647 3226120.5967856664 63593.2466491134
3113823 4175855.055547089 3226120.5967856664 63307.07703919239
3119823 4512532.136248516 3226120.5967856664 63307.07703919239
3125823 4503061.869498824 3226120.5967856664 63022.195192516025
3131823 4399427.506271581 3226120.5967856664 63022.195192516025
3137823 4488334.022069669 3226120.5967856664 62738.59531414971
3143823 3818918.2370102415 3226120.5967856664 62738.59531414971
3149823 4301263.219441979 3226120.5967856664 62738.59531414971
3155823 4074253.807767841 3226120.5967856664 62456.27163523604
3161823 4409180.815295421 3226120.5967856664 62456.27163523604
3167823 4258937.9696569005 3226120.5967856664 62175.218412877475
3173823 4770308.592094276 3180219.317835642 62175.218412877475
3179823 3995161.0469827196 3180219.317835642 62175.218412877475
3185823 4046695.5408958606 3180219.317835642 62175.218412877475
3191823 4277095.205877653 3180219.317835642 62175.218412877475
3197823 4082511.3965036133 3180219.317835642 61895.42993001953
3203823 4328853.881926354 3158675.6585709015 61895.42993001953
3209823 4637246.826330143 3158675.6585709015 61616.90049533444
3215823 4358435.857666843 3158675.6585709015 61616.90049533444
3221823 3814868.5130375465 3158675.6585709015 61616.90049533444
3227823 4032813.633183705 3158675.6585709015 61616.90049533444
3233823 3877183.9226395083 3158675.6585709015 61339.62444310544
3239823 3761667.5693429727 3158675.6585709015 61339.62444310544
3245823 3849948.046099989 3158675.6585709015 61339.62444310544
3251823 3643460.365231188 3158675.6585709015 61063.59613311147
3257823 4216635.456660309 3158675.6585709015 61063.59613311147
3263823 4154393.273261771 3096907.6564648603 60788.80995051247
3269823 3710364.87183196 3096907.6564648603 60788.80995051247
3275823 4081007.8675108813 3096907.6564648603 60515.260305735166
3281823 3615586.325158221 3096907.6564648603 60515.260305735166
3287823 4130656.346569692 2829376.2526799985 60242.94163435936
3293823 4388010.637361122 2829376.2526799985 60242.94163435936
3299823 4453861.954429855 2829376.2526799985 59971.848397004745
3305823 4731868.232844169 2829376.2526799985 59971.848397004745
3311823 4705501.73744413 2829376.2526799985 59701.975079218224
3317823 3995760.26277872 2829376.2526799985 59701.975079218224
3323823 3600351.606813342 2829376.2526799985 59701.975079218224
3329823 3884333.5252931826 2829376.2526799985 59701.975079218224
3335823 4210692.833397473 2829376.2526799985 59433.316191361744
3341823 4684735.23027504 2829376.2526799985 59433.316191361744
3347823 3530381.6987929177 2829376.2526799985 59433.316191361744
3353823 4132004.267958829 2829376.2526799985 59433.316191361744
3359823 4603116.759752268 2829376.2526799985 59165.86626850062
3365823 4070838.683559696 2829376.2526799985 59165.86626850062
3371823 4469553.998212499 2829376.2526799985 59165.86626850062
3377823 4137808.209755733 2829376.2526799985 58899.61987029237
3383823 3636145.9997117 2829376.2526799985 58899.61987029237
3389823 3677374.8249647645 2829376.2526799985 58899.61987029237
3395823 4033073.2602299824 2829376.2526799985 58899.61987029237
3401823 5229202.859665729 2829376.2526799985 58899.61987029237
3407823 4671276.875030827 2829376.2526799985 58899.61987029237
3413823 3554100.9885313376 2829376.2526799985 58634.57158087606
3419823 4688786.780715938 2829376.2526799985 58634.57158087606
3425823 4133365.3081374625 2829376.2526799985 58370.716008762116
3431823 4360110.076991815 2829376.2526799985 58370.716008762116
3437823 5126419.589558915 2829376.2526799985 58370.716008762116
3443823 4158427.2535977187 2829376.2526799985 58108.04778672269
3449823 4064180.5677067153 2829376.2526799985 58108.04778672269
3455823 4259335.830949511 2829376.2526799985 58108.04778672269
3461823 3316510.0359686785 2829376.2526799985 57846.56157168244
3467823 4292307.4164628405 2829376.2526799985 57846.56157168244
3473823 3831410.321631986 2746192.1954317717 57846.56157168244
3479823 3680510.361334378 2746192.1954317717 57846.56157168244
3485823 4377657.489770572 2746192.1954317717 57846.56157168244
3491823 4410094.167402534 2746192.1954317717 57586.25204460987
3497823 3874138.2157040825 2746192.1954317717 57586.25204460987
3503823 4083553.0267979843 2746192.1954317717 57327.11391040913
3509823 4052030.638659503 2746192.1954317717 57327.11391040913
3515823 4155309.556968996 2746192.1954317717 57327.11391040913
3521823 4220599.321772698 2746192.1954317717 57327.11391040913
3527823 4372569.913613171 2746192.1954317717 57069.14189781229
3533823 4573848.511360622 2746192.1954317717 57069.14189781229
3539823 4433894.047523067 2746192.1954317717 57069.14189781229
3545823 4227888.439024219 2746192.1954317717 56812.33075927214
3551823 3854157.713894511 2746192.1954317717 56812.33075927214
3557823 3494228.6979607637 2746192.1954317717 56812.33075927214
3563823 3980027.351124567 2746192.1954317717 56556.67527085542
3569823 3588520.245598382 2746192.1954317717 56556.67527085542
3575823 3628052.02357391 2746192.1954317717 56302.170232136574
3581823 3675538.4403604716 2746192.1954317717 56302.170232136574
3587823 3888682.164440127 2746192.1954317717 56302.170232136574
3593823 4177393.393286853 2746192.1954317717 56302.170232136574
3599823 4024691.4264775068 2746192.1954317717 56048.81046609196
3605823 3799209.6394796716 2746192.1954317717 56048.81046609196
3611823 4381311.265635931 2746192.1954317717 56048.81046609196
3617823 3848672.1732299384 2746192.1954317717 56048.81046609196
3623823 3880280.5159953116 2746192.1954317717 55796.590818994555
3629823 4068373.078246132 2746192.1954317717 55796.590818994555
3635823 3572061.074584953 2746192.1954317717 55796.590818994555
3641823 3660406.5116134696 2746192.1954317717 55545.50616030908
3647823 3886652.3951761154 2746192.1954317717 55545.50616030908
3653823 3669633.5194762265 2746192.1954317717 55295.55138258769
3659823 3844799.5306804795 2746192.1954317717 55295.55138258769
3665823 3369849.2421044647 2746192.1954317717 55046.72140136605
3671823 3219273.5015264098 2746192.1954317717 55046.72140136605
3677823 3957031.7901802463 2746192.1954317717 54799.0111550599
3683823 3782528.685353812 2746192.1954317717 54799.0111550599
3689823 4061369.709355576 2746192.1954317717 54552.41560486214
3695823 3865285.883346895 2746192.1954317717 54552.41560486214
3701823 3664880.803326242 2746192.1954317717 54552.41560486214
3707823 3844354.429516053 2746192.1954317717 54306.92973464026
3713823 3752294.5353074553 2746192.1954317717 54306.92973464026
3719823 3417504.4441668936 2746192.1954317717 54306.92973464026
3725823 3805866.1566805397 2616077.736868907 54062.548550834385
3731823 3857746.626941178 2616077.736868907 54062.548550834385
3737823 3723014.4027506537 2616077.736868907 53819.26708235563
3743823 3531905.014681467 2616077.736868907 53819.26708235563
3749823 3448406.768291614 2616077.736868907 53819.26708235563
3755823 4095781.909101002 2616077.736868907 53577.08038048504
3761823 4045610.245845958 2616077.736868907 53577.08038048504
3767823 4044875.8088755077 2616077.736868907 53335.98351877285
3773823 3806475.0523155113 2616077.736868907 53335.98351877285
3779823 3723560.711118812 2616077.736868907 53095.971592938375
3785823 3358218.509265518 2616077.736868907 53095.971592938375
3791823 3644765.762779333 2616077.736868907 53095.971592938375
3797823 3102994.933776537 2616077.736868907 52857.03972077015
3803823 3265291.2580973245 2616077.736868907 52857.03972077015
3809823 3634776.2082101987 2289883.7825337187 52857.03972077015
3815823 4064832.8629782456 2289883.7825337187 52619.18304202669
3821823 3172552.4233013717 2289883.7825337187 52619.18304202669
3827823 3527010.4389102696 2289883.7825337187 52619.18304202669
3833823 3592739.1111849025 2289883.7825337187 52382.39671833757
3839823 3403416.266750786 2289883.7825337187 52382.39671833757
3845823 3750638.898581418 2289883.7825337187 52382.39671833757
3851823 3700769.331994845 2289883.7825337187 52146.675933105056
3857823 3760354.8531527333 2289883.7825337187 52146.675933105056
3863823 3239912.694886289 2289883.7825337187 51912.01589140609
3869823 3165364.4870161116 2289883.7825337187 51912.01589140609
3875823 3101173.8712463775 2289883.7825337187 51678.41181989476
3881823 3759156.108458035 2289883.7825337187 51678.41181989476
3887823 2891806.2581943553 2289883.7825337187 51678.41181989476
3893823 3890447.3201122717 2289883.7825337187 51445.85896670524
3899823 3595082.649115285 2289883.7825337187 51445.85896670524
3905823 4020628.115194057 2289883.7825337187 51445.85896670524
3911823 3640492.5751958755 2289883.7825337187 51214.352601355065
3917823 3961665.999932616 2289883.7825337187 51214.352601355065
3923823 3264670.217968778 2289883.7825337187 51214.352601355065
3929823 3485819.879484987 2289883.7825337187 51214.352601355065
3935823 3200237.299981603 2289883.7825337187 51214.352601355065
3941823 3782667.8166264254 2289883.7825337187 50983.88801464897
3947823 3616997.6700792117 2289883.7825337187 50983.88801464897
3953823 3298755.680007174 2289883.7825337187 50754.46051858305
3959823 3337453.976489789 2289883.7825337187 50754.46051858305
3965823 2977073.443928888 2289883.7825337187 50754.46051858305
3971823 3714843.6026619086 2289883.7825337187 50754.46051858305
3977823 2875934.450278864 2289883.7825337187 50526.06544624943
3983823 3538103.1683783745 2289883.7825337187 50526.06544624943
3989823 3835394.6621610685 2289883.7825337187 50526.06544624943
3995823 3651604.7357019777 2289883.7825337187 50526.06544624943
4001823 3268787.67012791 2289883.7825337187 50298.69815174131
4007823 3539164.727733567 2289883.7825337187 50298.69815174131
4013823 3972412.1424372313 2289883.7825337187 50298.69815174131
4019823 3725881.4881331995 2289883.7825337187 50072.35401005847
4025823 3564583.2911840463 2289883.7825337187 50072.35401005847
4031823 3520832.469133057 2289883.7825337187 50072.35401005847
4037823 3434242.956871387 2289883.7825337187 49847.028417013214
4043823 3752510.1142245405 2289883.7825337187 49847.028417013214
4049823 3342799.3749591047 2289883.7825337187 49622.716789136655
4055823 3578033.2656456493 2289883.7825337187 49622.716789136655
4061823 3502166.875146328 2289883.7825337187 49399.414563585546
4067823 3211130.0231997166 2289883.7825337187 49399.414563585546
4073823 3281202.0152959144 2289883.7825337187 49399.414563585546
4079823 3055892.6834776704 2276885.760505948 49177.11719804941
4085823 3090436.3802038683 2276885.760505948 49177.11719804941
4091823 4176078.69124968 2276885.760505948 48955.82017065819
4097823 3638706.513471635 2276885.760505948 48955.82017065819
4103823 3556501.5590703306 2276885.760505948 48955.82017065819
4109823 3878146.068778728 2276885.760505948 48735.51897989023
4115823 3474174.358423004 2276885.760505948 48735.51897989023
4121823 3484480.842361152 2276885.760505948 48516.20914448072
4127823 3370298.761666952 2276885.760505948 48516.20914448072
4133823 3668863.3501819856 2276885.760505948 48297.88620333056
4139823 3662118.9464748194 2276885.760505948 48297.88620333056
4145823 3529410.4536812943 2276885.760505948 48297.88620333056
4151823 3332223.44473616 2276885.760505948 48080.54571541558
4157823 2998390.8087571394 2276885.760505948 48080.54571541558
4163823 3339551.9427086855 2276885.760505948 47864.18325969621
4169823 3439826.867564209 2276885.760505948 47864.18325969621
4175823 3212732.064700955 2276885.760505948 47864.18325969621
4181823 3195892.8778985795 2276885.760505948 47648.79443502758
4187823 3336998.40763271 2276885.760505948 47648.79443502758
4193823 3208311.072051321 2276885.760505948 47648.79443502758
4199823 3231516.1148816263 2276885.760505948 47648.79443502758
4205823 3005233.678356907 2276885.760505948 47434.374860069955
4211823 3225115.369503181 2276885.760505948 47434.374860069955
4217823 2958233.399949397 2276885.760505948 47434.374860069955
4223823 3222500.900837773 2276885.760505948 47434.374860069955
4229823 3039659.0191795174 2276885.760505948 47220.92017319964
4235823 3489252.7626370694 2276885.760505948 47220.92017319964
4241823 3038053.73825038 2276885.760505948 47008.42603242025
4247823 3176039.5927100047 2276885.760505948 47008.42603242025
4253823 2722301.198989235 2276885.760505948 46796.888115274356
4259823 4126332.738291584 2252124.8326483318 46796.888115274356
4265823 3522748.175666991 2252124.8326483318 46586.30211875562
4271823 3192989.3507473003 2252124.8326483318 46586.30211875562
4277823 2791080.5534084663 2252124.8326483318 46376.66375922122
4283823 3655948.967612986 2252124.8326483318 46376.66375922122
4289823 3706462.2999588307 2252124.8326483318 46167.968772304725
4295823 3489099.976102103 2252124.8326483318 46167.968772304725
4301823 2835407.789574064 2252124.8326483318 45960.21291282935
4307823 3037187.4985186453 2252124.8326483318 45960.21291282935
4313823 3376448.033069924 2252124.8326483318 45960.21291282935
4319823 3634988.5455012517 2252124.8326483318 45960.21291282935
4325823 3748240.2541671647 2252124.8326483318 45753.39195472162
4331823 2867112.316030974 2252124.8326483318 45753.39195472162
4337823 3239681.58441684 2252124.8326483318 45753.39195472162
4343823 2512999.4572441396 2252124.8326483318 45753.39195472162
4349823 2784003.273655813 2252124.8326483318 45547.501690925375
4355823 3172842.775323108 2252124.8326483318 45547.501690925375
4361823 3512786.0572773786 2252124.8326483318 45547.501690925375
4367823 3187948.5902306344 2252124.8326483318 45342.53793331621
4373823 2842944.300825972 2252124.8326483318 45342.53793331621
4379823 3132560.607658522 2252124.8326483318 45138.49651261629
4385823 3560276.250775298 2252124.8326483318 45138.49651261629
4391823 3069383.5005323812 1920331.718059359 44935.373278309526
4397823 3487506.6802864955 1920331.718059359 44935.373278309526
4403823 3260030.640320367 1920331.718059359 44733.164098557136
4409823 2882500.7926880578 1920331.718059359 44733.164098557136
4415823 3410983.8640330806 1920331.718059359 44531.86486011363
4421823 2578225.528190792 1920331.718059359 44531.86486011363
4427823 3371234.9046894666 1920331.718059359 44531.86486011363
4433823 2839164.4739574306 1920331.718059359 44331.47146824312
4439823 2703285.0902305213 1920331.718059359 44331.47146824312
4445823 2880585.031428619 1920331.718059359 44331.47146824312
4451823 2466588.1673541125 1920331.718059359 44331.47146824312
4457823 3323484.634918738 1920331.718059359 44331.47146824312
4463823 3056081.380169779 1920331.718059359 44131.97984663603
4469823 2740519.389509184 1920331.718059359 44131.97984663603
4475823 3162699.1424005497 1920331.718059359 44131.97984663603
4481823 3270552.229877477 1920331.718059359 44131.97984663603
4487823 3114543.344516187 1920331.718059359 43933.38593732617
4493823 2934025.9909261577 1920331.718059359 43933.38593732617
4499823 2673683.1538769454 1920331.718059359 43735.68570060821
4505823 2640030.459094667 1920331.718059359 43735.68570060821
4511823 2776170.578395596 1920331.718059359 43735.68570060821
4517823 3214435.3377418737 1920331.718059359 43735.68570060821
4523823 2717816.0277686506 1920331.718059359 43735.68570060821
4529823 3239862.7639241638 1920331.718059359 43538.875114955474
4535823 2641863.8071522675 1920331.718059359 43538.875114955474
4541823 3249645.430211515 1920331.718059359 43538.875114955474
4547823 2582644.1244124826 1920331.718059359 43538.875114955474
4553823 2871187.8536974937 1920331.718059359 43342.950176938175
4559823 3212120.9438584372 1920331.718059359 43342.950176938175
4565823 2420287.267171526 1876443.9839901638 43147.906901141956
4571823 3235676.871864703 1876443.9839901638 43147.906901141956
4577823 2343698.3978559314 1876443.9839901638 42953.74132008682
4583823 3064367.1157084373 1876443.9839901638 42953.74132008682
4589823 3620806.7942072474 1876443.9839901638 42953.74132008682
4595823 3505114.496354916 1876443.9839901638 42760.449484146426
4601823 3434853.8424109123 1876443.9839901638 42760.449484146426
4607823 2752102.735021252 1876443.9839901638 42760.449484146426
4613823 2539510.488127121 1876443.9839901638 42568.02746146777
4619823 2535321.282581988 1876443.9839901638 42568.02746146777
4625823 3198635.565144312 1876443.9839901638 42568.02746146777
4631823 3372690.726226996 1876443.9839901638 42376.47133789117
4637823 3061435.9566964903 1876443.9839901638 42376.47133789117
4643823 2714218.4161131405 1876443.9839901638 42376.47133789117
4649823 2685554.9261802537 1876443.9839901638 42376.47133789117
4655823 3147821.61895759 1876443.9839901638 42185.77721687066
4661823 2750552.4843879803 1876443.9839901638 42185.77721687066
4667823 2811321.044714434 1876443.9839901638 41995.94121939474
4673823 2356338.4740773262 1876443.9839901638 41995.94121939474
4679823 2837187.0632703705 1876443.9839901638 41995.94121939474
4685823 2552460.517053183 1876443.9839901638 41995.94121939474
4691823 3085024.7228641994 1876443.9839901638 41806.95948390747
4697823 2728404.180916044 1876443.9839901638 41806.95948390747
4703823 2621036.4377523093 1876443.9839901638 41806.95948390747
4709823 2426495.709962686 1876443.9839901638 41806.95948390747
4715823 2698505.570582285 1876443.9839901638 41618.82816622989
4721823 2720118.3168308823 1876443.9839901638 41618.82816622989
4727823 2439131.8303339966 1876443.9839901638 41431.54343948186
4733823 2923252.051644645 1876443.9839901638 41431.54343948186
4739823 2146080.863052886 1876443.9839901638 41431.54343948186
4745823 2844409.490034376 1876443.9839901638 41431.54343948186
4751823 2281513.1190637844 1876443.9839901638 41245.10149400419
4757823 2717996.9297321667 1876443.9839901638 41245.10149400419
4763823 2505171.3936277516 1876443.9839901638 41059.49853728118
4769823 2592666.895831257 1876443.9839901638 41059.49853728118
4775823 3191350.382629001 1876443.9839901638 41059.49853728118
4781823 2807691.767904693 1876443.9839901638 41059.49853728118
4787823 2853143.3913233387 1876443.9839901638 40874.73079386342
4793823 2961346.319488775 1876443.9839901638 40874.73079386342
4799823 3086505.3467328306 1876443.9839901638 40690.794505291036
4805823 2840642.308824013 1876443.9839901638 40690.794505291036
4811823 2766062.219556352 1876443.9839901638 40507.68593001723
4817823 2801743.6443469166 1876443.9839901638 40507.68593001723
4823823 2600993.416601485 1876443.9839901638 40325.40134333215
4829823 2577234.563382378 1876443.9839901638 40325.40134333215
4835823 3048300.535519747 1876443.9839901638 40325.40134333215
4841823 2764591.321385862 1876443.9839901638 40143.937037287156
4847823 2863871.5831595957 1876443.9839901638 40143.937037287156
4853823 2684708.4664621376 1876443.9839901638 40143.937037287156
4859823 3077181.97275607 1876443.9839901638 39963.28932061937
4865823 2804035.214127334 1876443.9839901638 39963.28932061937
4871823 2635659.698165946 1876443.9839901638 39783.45451867658
4877823 2520474.2580238692 1876443.9839901638 39783.45451867658
4883823 2649177.5229057935 1876443.9839901638 39783.45451867658
4889823 2567401.9165266925 1876443.9839901638 39604.42897334254
4895823 2496318.2945077983 1876443.9839901638 39604.42897334254
4901823 3159502.348640622 1876443.9839901638 39604.42897334254
4907823 2782044.625273785 1876443.9839901638 39426.2090429625
4913823 2052407.786680488 1876443.9839901638 39426.2090429625
4919823 2415751.8874981743 1876443.9839901638 39426.2090429625
4925823 2864937.501162717 1876443.9839901638 39248.79110226917
4931823 2659838.0686260317 1876443.9839901638 39248.79110226917
4937823 2554447.9134186907 1733432.5929579006 39072.17154230896
4943823 2621484.213931015 1733432.5929579006 39072.17154230896
4949823 2344943.2515911744 1733432.5929579006 38896.346770368575
4955823 3041986.836990872 1733432.5929579006 38896.346770368575
4961823 2607617.3512039236 1733432.5929579006 38896.346770368575
4967823 2475771.3829913745 1733432.5929579006 38721.31320990192
4973823 2611400.746673014 1733432.5929579006 38721.31320990192
4979823 2989714.733996398 1733432.5929579006 38721.31320990192
4985823 2887279.8721775548 1729848.0113676891 38547.06730045736
4991823 2728412.0164949186 1729848.0113676891 38547.06730045736
4997823 2324899.5059829927 1729848.0113676891 38373.605497605306
5003823 2744131.9961289233 1729848.0113676891 38373.605497605306
5009823 2600456.2187515246 1729848.0113676891 38373.605497605306
5015823 2030727.0291358077 1729848.0113676891 38200.92427286608
5021823 2345099.321391965 1729848.0113676891 38200.92427286608
5027823 2454150.8133905604 1658554.2854826024 38200.92427286608
5033823 2573963.882176588 1658554.2854826024 38200.92427286608
5039823 2412946.991856788 1658554.2854826024 38029.02011363819
5045823 2506059.079067304 1658554.2854826024 38029.02011363819
5051823 2677238.640517665 1658554.2854826024 38029.02011363819
5057823 2297019.440030088 1658554.2854826024 37857.88952312682
5063823 2401832.626119041 1415996.9072868663 37857.88952312682
5069823 2504644.6637940016 1415996.9072868663 37857.88952312682
5075823 2691525.884250839 1415996.9072868663 37687.52902027275
5081823 2615609.774591668 1415996.9072868663 37687.52902027275
5087823 2260808.2034720895 1415996.9072868663 37687.52902027275
5093823 2019752.3295344715 1415996.9072868663 37517.935139681525
5099823 2231822.750089447 1415996.9072868663 37517.935139681525
5105823 2188122.671574697 1415996.9072868663 37349.10443155296
5111823 2997141.9556253813 1415996.9072868663 37349.10443155296
5117823 2338767.2326670345 1415996.9072868663 37181.03346161097
5123823 2380491.4429865293 1415996.9072868663 37181.03346161097
5129823 2439235.383541823 1415996.9072868663 37181.03346161097
5135823 2496002.3399680546 1415996.9072868663 37181.03346161097
5141823 2744565.960729808 1415996.9072868663 37181.03346161097
5147823 2283373.459950657 1415996.9072868663 37013.71881103372
5153823 2688760.743326615 1415996.9072868663 37013.71881103372
5159823 1996292.7564526936 1415996.9072868663 37013.71881103372
5165823 2535935.292834756 1415996.9072868663 37013.71881103372
5171823 2419564.455034564 1415996.9072868663 36847.15707638407
5177823 2387084.8891446744 1415996.9072868663 36847.15707638407
5183823 1838351.8907181066 1415996.9072868663 36847.15707638407
5189823 2254755.9780130982 1415996.9072868663 36847.15707638407
5195823 1897313.894127909 1415996.9072868663 36681.34486954034
5201823 2463821.114861769 1415996.9072868663 36681.34486954034
5207823 2365832.25810588 1415996.9072868663 36516.27881762741
5213823 2225326.4837780027 1415996.9072868663 36516.27881762741
5219823 2401890.5278181513 1415996.9072868663 36516.27881762741
5225823 2487823.1496934616 1415996.9072868663 36516.27881762741
5231823 1966006.7538348804 1415996.9072868663 36351.95556294809
5237823 2378008.7490625796 1415996.9072868663 36351.95556294809
5243823 2485676.811312639 1415996.9072868663 36351.95556294809
5249823 2479962.3532439168 1415996.9072868663 36188.37176291482
5255823 2079595.988792092 1415996.9072868663 36188.37176291482
5261823 2628607.0374523816 1415996.9072868663 36188.37176291482
5267823 2424520.5041472064 1415996.9072868663 36025.52408998171
5273823 2329116.596453846 1415996.9072868663 36025.52408998171
5279823 2124102.4195098747 1415996.9072868663 35863.40923157679
5285823 2692157.202657335 1415996.9072868663 35863.40923157679
5291823 2946984.3178365673 1415996.9072868663 35702.023890034696
5297823 2445125.8560965536 1415996.9072868663 35702.023890034696
5303823 2180667.5727004404 1415996.9072868663 35702.023890034696
5309823 2642764.69057644 1415996.9072868663 35702.023890034696
5315823 2223291.474411635 1415996.9072868663 35541.36478252954
5321823 2017994.928912219 1415996.9072868663 35541.36478252954
5327823 2383311.279542776 1415996.9072868663 35541.36478252954
5333823 2468131.8184996415 1415996.9072868663 35541.36478252954
5339823 2177076.768374931 1415996.9072868663 35381.42864100816
5345823 2178689.0530417087 1415996.9072868663 35381.42864100816
5351823 2543919.430289269 1415996.9072868663 35381.42864100816
5357823 2443147.1353034973 1415996.9072868663 35222.212212123624
5363823 2354405.431024287 1415996.9072868663 35222.212212123624
5369823 1937037.4787009482 1415996.9072868663 35222.212212123624
5375823 2485961.86405953 1415996.9072868663 35063.71225716907
5381823 2133206.7832982875 1415996.9072868663 35063.71225716907
5387823 2089625.7048127668 1415996.9072868663 34905.92555201181
5393823 2164279.3839778886 1415996.9072868663 34905.92555201181
5399823 2337500.4999588537 1415996.9072868663 34748.84888702776
5405823 2402252.4672383475 1415996.9072868663 34748.84888702776
5411823 2491670.764186104 1415996.9072868663 34748.84888702776
5417823 2117304.699100085 1415996.9072868663 34592.47906703613
5423823 2314066.9669874953 1415996.9072868663 34592.47906703613
5429823 2031822.769076398 1415996.9072868663 34592.47906703613
5435823 2294273.274262004 1415996.9072868663 34592.47906703613
5441823 2315008.3990544127 1415996.9072868663 34436.81291123447
5447823 2424846.5839321194 1415996.9072868663 34436.81291123447
5453823 2355834.0757818324 1415996.9072868663 34436.81291123447
5459823 2071000.4227113393 1415996.9072868663 34281.847253133914
5465823 2004402.7146798233 1415996.9072868663 34281.847253133914
5471823 1860818.8303753315 1415996.9072868663 34281.847253133914
5477823 1485145.151029742 1393794.9349909793 34281.847253133914
5483823 1934010.884663776 1393794.9349909793 34281.847253133914
5489823 2139395.5674253227 1393794.9349909793 34281.847253133914
5495823 2054341.1265973423 1393794.9349909793 34127.578940494815
5501823 1917685.0337923293 1393794.9349909793 34127.578940494815
5507823 1996490.147719557 1390250.3580328957 34127.578940494815
5513823 2061833.434809168 1372626.846491574 34127.578940494815
5519823 1878292.5036430312 1182371.8319539663 33974.00483526259
5525823 2065609.330807563 1182371.8319539663 33974.00483526259
5531823 1720831.5974980637 1182371.8319539663 33821.12181350391
5537823 2183443.0550744184 1182371.8319539663 33821.12181350391
5543823 1657288.7437437961 1182371.8319539663 33821.12181350391
5549823 1824831.5743547466 1182371.8319539663 33821.12181350391
5555823 1846969.562993226 1182371.8319539663 33668.926765343145
5561823 2124867.9185451944 1182371.8319539663 33668.926765343145
5567823 2099369.9063031008 1182371.8319539663 33517.4165948991
5573823 1792821.3140088127 1182371.8319539663 33517.4165948991
5579823 2056339.3008182228 1182371.8319539663 33517.4165948991
5585823 1870930.4468122039 1182371.8319539663 33366.58822022205
5591823 1600086.0618156362 1182371.8319539663 33366.58822022205
5597823 1607459.3841478745 1182371.8319539663 33366.58822022205
5603823 1677540.7459423682 1182371.8319539663 33216.438573231055
5609823 1811846.877473123 1182371.8319539663 33216.438573231055
5615823 1533636.6164137116 1182371.8319539663 33066.96459965152
5621823 2138129.064771405 1182371.8319539663 33066.96459965152
5627823 1745366.0068911049 1182371.8319539663 32918.163258953085
5633823 1742943.5446033466 1182371.8319539663 32918.163258953085
5639823 1710870.382820735 1182371.8319539663 32918.163258953085
5645823 1851391.557231019 1182371.8319539663 32918.163258953085
5651823 2306572.4522401723 1182371.8319539663 32770.0315242878
5657823 1606089.8155346473 1182371.8319539663 32770.0315242878
5663823 1839759.098837764 1182371.8319539663 32770.0315242878
5669823 1674293.2023295818 1182371.8319539663 32770.0315242878
5675823 1822373.5084777654 1182371.8319539663 32770.0315242878
5681823 2174485.5793904336 1182371.8319539663 32770.0315242878
5687823 2139862.70117538 1182371.8319539663 32622.566382428504
5693823 2318089.9384178524 1182371.8319539663 32622.566382428504
5699823 1851235.9844905364 1182371.8319539663 32475.764833707577
5705823 1875959.2065313186 1182371.8319539663 32475.764833707577
5711823 1397616.3373034778 1182371.8319539663 32475.764833707577
5717823 1939576.7782171736 1182371.8319539663 32329.623891955896
5723823 1797730.916686751 1182371.8319539663 32329.623891955896
5729823 1944586.6511855503 1182371.8319539663 32184.140584442095
5735823 1863676.8566329929 1182371.8319539663 32184.140584442095
5741823 2450036.6689326027 1182371.8319539663 32184.140584442095
5747823 1782852.7664038138 1182371.8319539663 32039.311951812106
5753823 2029343.6400716861 1182371.8319539663 32039.311951812106
5759823 1687152.3525020145 1182371.8319539663 32039.311951812106
5765823 1895813.643193467 1182371.8319539663 31895.13504802895
5771823 2101950.9297366655 1182371.8319539663 31895.13504802895
5777823 1975530.9545097412 1182371.8319539663 31751.606940312824
5783823 1898603.7205056353 1165465.4968456991 31751.606940312824
5789823 1634921.878812797 1165465.4968456991 31751.606940312824
5795823 1258312.9318341948 1087057.232472508 31751.606940312824
5801823 1594634.0474091116 1057018.8866025093 31751.606940312824
5807823 2212049.5230807625 1057018.8866025093 31751.606940312824
5813823 1727885.31816906 1057018.8866025093 31608.724709081416
5819823 1592591.6115433932 1057018.8866025093 31608.724709081416
5825823 1418078.3545682589 1057018.8866025093 31608.724709081416
5831823 1509760.9042925867 1057018.8866025093 31466.48544789055
5837823 1637966.717789481 1057018.8866025093 31466.48544789055
5843823 1654572.174634307 1057018.8866025093 31466.48544789055
5849823 1534148.29619219 1057018.8866025093 31324.886263375043
5855823 2279569.633566836 1057018.8866025093 31324.886263375043
5861823 2219334.0104465988 1057018.8866025093 31183.924275189856
5867823 1376027.412452757 1057018.8866025093 31183.924275189856
5873823 1447402.7623883942 1057018.8866025093 31183.924275189856
5879823 1496592.241397566 1057018.8866025093 31183.924275189856
5885823 1711407.460450562 1051095.4154756204 31043.596615951505
5891823 1924382.3551085466 1051095.4154756204 31043.596615951505
5897823 1501609.7299461092 1051095.4154756204 30903.900431179725
5903823 1619662.7874287162 1051095.4154756204 30903.900431179725
5909823 1441533.2569219095 1051095.4154756204 30764.832879239417
5915823 1782588.308293833 1051095.4154756204 30764.832879239417
5921823 1617844.6392104845 1051095.4154756204 30764.832879239417
5927823 1687058.4866058317 1051095.4154756204 30764.832879239417
5933823 1392920.470260085 1051095.4154756204 30626.391131282842
5939823 2010418.96885934 1051095.4154756204 30626.391131282842
5945823 1302417.3064863675 1051095.4154756204 30488.572371192073
5951823 1940054.959212515 1051095.4154756204 30488.572371192073
5957823 1797427.8896145595 1051095.4154756204 30351.37379552171
5963823 1658389.6017356024 1051095.4154756204 30351.37379552171
5969823 1876666.5650740035 1051095.4154756204 30214.792613441867
5975823 1414380.5250698868 1051095.4154756204 30214.792613441867
5981823 1547831.5400024785 1051095.4154756204 30214.792613441867
5987823 1050375.1664321495 1005024.5651386216 30214.792613441867
5993823 1642120.9480675634 1004292.1662925716 30214.792613441867
5999823 1559257.267531029 1004292.1662925716 30214.792613441867
6005823 1523794.176940422 1003424.8125880023 30078.82604668138
6011823 1301500.3417158586 1003424.8125880023 30078.82604668138
6017823 2046908.907797828 1003424.8125880023 29943.471329471315
6023823 1788841.0382559034 1003424.8125880023 29943.471329471315
6029823 1654324.1430723078 1003424.8125880023 29808.725708488695
6035823 1611876.367625609 1003424.8125880023 29808.725708488695
6041823 1448015.0277119568 1003424.8125880023 29674.586442800497
6047823 1560938.220702119 1003424.8125880023 29674.586442800497
6053823 1655977.9226046144 1003424.8125880023 29541.050803807895
6059823 1806588.1213665833 1003424.8125880023 29541.050803807895
6065823 1356751.267095177 1003424.8125880023 29408.116075190763
6071823 1352393.2511570472 1003424.8125880023 29408.116075190763
6077823 1401986.8797868309 1003424.8125880023 29408.116075190763
6083823 1507897.8053006474 914787.3761519641 29408.116075190763
6089823 1619680.9412246598 885336.239252286 29408.116075190763
6095823 1250836.0067677095 885336.239252286 29275.779552852408
6101823 1603051.0992222608 885336.239252286 29275.779552852408
6107823 1470889.041278849 885336.239252286 29275.779552852408
6113823 1212422.1731224682 885336.239252286 29144.038544864572
6119823 1498638.5256303784 885336.239252286 29144.038544864572
6125823 1640660.3014300829 885336.239252286 29144.038544864572
6131823 1630368.749589062 885336.239252286 29012.890371412683
6137823 1436012.8614683948 885336.239252286 29012.890371412683
6143823 1311433.707227526 885336.239252286 28882.332364741327
6149823 1294065.1034305466 885336.239252286 28882.332364741327
6155823 1338766.7018422715 885336.239252286 28882.332364741327
6161823 1287868.3848106344 885336.239252286 28752.361869099994
6167823 1467051.5694319652 885336.239252286 28752.361869099994
6173823 1484966.346840821 885336.239252286 28622.976240689044
6179823 1560104.9769670984 885336.239252286 28622.976240689044
6185823 1076736.6931126046 885336.239252286 28494.172847605943
6191823 1841172.1107444912 885336.239252286 28494.172847605943
6197823 1397507.0347227398 885336.239252286 28365.949069791717
6203823 1223285.756413801 885336.239252286 28365.949069791717
6209823 1588514.1171733744 885336.239252286 28365.949069791717
6215823 1461407.4505958934 885336.239252286 28238.302298977655
6221823 1457483.1469388448 885076.8469460607 28238.302298977655
6227823 1225327.0946286502 885076.8469460607 28238.302298977655
6233823 1233818.4024626412 885076.8469460607 28111.229938632256
6239823 1376491.0424678908 885076.8469460607 28111.229938632256
6245823 1465555.372376079 885076.8469460607 28111.229938632256
6251823 1670366.9772053775 885076.8469460607 27984.72940390841
6257823 1430325.2732569068 885076.8469460607 27984.72940390841
6263823 1493605.04719264 885076.8469460607 27984.72940390841
6269823 1415622.5579003317 885076.8469460607 27858.798121590826
6275823 1340187.573822534 885076.8469460607 27858.798121590826
6281823 1522588.2837360105 885076.8469460607 27733.43353004367
6287823 1486962.3131364768 885076.8469460607 27733.43353004367
6293823 881550.705802841 867205.9204540504 27608.633079158473
6299823 1159248.6359399655 832397.2784478476 27608.633079158473
6305823 1438693.2663281565 832397.2784478476 27608.633079158473
6311823 1643182.0704706444 832397.2784478476 27484.394230302263
6317823 1579482.6180006703 832397.2784478476 27484.394230302263
6323823 1606966.0924936968 832397.2784478476 27360.714456265905
6329823 1689628.6176395693 832397.2784478476 27360.714456265905
6335823 1310723.0898157062 832397.2784478476 27237.59124121271
6341823 1526551.3172799777 832397.2784478476 27237.59124121271
6347823 1407679.5555528197 832397.2784478476 27237.59124121271
6353823 1453064.0715823297 832397.2784478476 27237.59124121271
6359823 1368923.542271706 832397.2784478476 27115.022080627255
6365823 1429412.9071502336 832397.2784478476 27115.022080627255
6371823 1351100.678598433 832397.2784478476 26993.004481264434
6377823 1079747.996603634 832397.2784478476 26993.004481264434
6383823 1262824.2340186432 832397.2784478476 26871.535961098743
6389823 1393373.9949926373 832397.2784478476 26871.535961098743
6395823 1267949.7141740655 832397.2784478476 26871.535961098743
6401823 1364727.367505974 832397.2784478476 26750.6140492738
6407823 1315204.5788177932 832397.2784478476 26750.6140492738
6413823 1290635.7416948432 832397.2784478476 26630.23628605207
6419823 1174653.703430613 832397.2784478476 26630.23628605207
6425823 1321511.8337137646 832397.2784478476 26630.23628605207
6431823 1009971.9877025817 832397.2784478476 26630.23628605207
6437823 1353444.0513561226 832397.2784478476 26510.400222764838
6443823 884635.4436556902 774888.0886324433 26510.400222764838
6449823 1120441.0347942694 727321.0804828583 26510.400222764838
6455823 1024343.1182538606 727321.0804828583 26510.400222764838
6461823 1034416.6401288048 710344.5043228853 26391.103421762396
6467823 1157277.221406916 710344.5043228853 26391.103421762396
6473823 1229802.7388842753 710344.5043228853 26272.343456364466
6479823 949597.8284086694 710344.5043228853 26272.343456364466
6485823 915080.6625081731 710344.5043228853 26272.343456364466
6491823 1245862.7654934265 686910.1328520898 26272.343456364466
6497823 1301298.7413266709 686910.1328520898 26154.117910810826
6503823 1220451.836735803 686910.1328520898 26154.117910810826
6509823 868156.4597810705 686910.1328520898 26154.117910810826
6515823 1015998.0921034375 686910.1328520898 26154.117910810826
6521823 1003947.7170067303 686910.1328520898 26036.42438021218
6527823 967467.2863781331 686910.1328520898 26036.42438021218
6533823 1245811.6213624424 686910.1328520898 25919.260470501224
6539823 1297958.6904939895 686910.1328520898 25919.260470501224
6545823 1382749.3343454802 686910.1328520898 25802.62379838397
6551823 1331405.090464283 686910.1328520898 25802.62379838397
6557823 939400.5691853937 686910.1328520898 25686.511991291245
6563823 1016073.0527770539 686910.1328520898 25686.511991291245
6569823 975470.3305852842 686910.1328520898 25686.511991291245
6575823 1173670.08326342 686910.1328520898 25570.922687330436
6581823 1202171.327164746 686910.1328520898 25570.922687330436
6587823 897214.0573867927 686910.1328520898 25570.922687330436
6593823 1124307.2172296555 686910.1328520898 25455.85353523745
6599823 1362195.1273563607 686910.1328520898 25455.85353523745
6605823 1552154.3116351357 686910.1328520898 25341.30219432888
6611823 1195187.9589121218 686910.1328520898 25341.30219432888
6617823 1329914.516694684 686910.1328520898 25341.30219432888
6623823 1112211.9812962546 686910.1328520898 25227.2663344544
6629823 1049803.0669487144 686910.1328520898 25227.2663344544
6635823 1177750.2558258749 686910.1328520898 25227.2663344544
6641823 1028557.2438406843 686910.1328520898 25113.74363594936
6647823 748330.3949661677 598093.0309138703 25113.74363594936
6653823 1166522.1046974794 598093.0309138703 25113.74363594936
6659823 919939.2261572529 598093.0309138703 25000.73178958759
6665823 1415893.162651014 598093.0309138703 25000.73178958759
6671823 961849.2274750042 598093.0309138703 24888.228496534448
6677823 1101826.9566665185 598093.0309138703 24888.228496534448
6683823 1187871.3397804426 598093.0309138703 24888.228496534448
6689823 1232917.0431095792 598093.0309138703 24776.231468300044
6695823 1070284.7401771236 598093.0309138703 24776.231468300044
6701823 998597.6548826519 598093.0309138703 24776.231468300044
6707823 1206547.9370678058 598093.0309138703 24664.738426692697
6713823 1173560.4458825863 598093.0309138703 24664.738426692697
6719823 1200747.275581283 598093.0309138703 24553.74710377258
6725823 1465026.4676043245 598093.0309138703 24553.74710377258
6731823 1298196.5699059376 598093.0309138703 24553.74710377258
6737823 1156354.5851891886 598093.0309138703 24443.255241805604
6743823 839687.7597610556 598093.0309138703 24443.255241805604
6749823 1006661.6824783481 598093.0309138703 24443.255241805604
6755823 805498.4863305103 598093.0309138703 24333.26059321748
6761823 748206.1449124353 598093.0309138703 24333.26059321748
6767823 966660.2781152659 598093.0309138703 24333.26059321748
6773823 726951.8171661666 598093.0309138703 24223.760920548004
6779823 1118777.7569428545 598093.0309138703 24223.760920548004
6785823 1003140.946394714 598093.0309138703 24223.760920548004
6791823 1258099.5150720773 598093.0309138703 24114.75399640554
6797823 736910.8412636338 598093.0309138703 24114.75399640554
6803823 1025595.0599926767 598093.0309138703 24006.237603421716
6809823 636369.9888316836 507392.49942102376 24006.237603421716
6815823 845379.0251613306 507392.49942102376 23898.20953420632
6821823 821863.5937425775 507392.49942102376 23898.20953420632
6827823 1050618.8629344257 507392.49942102376 23790.66759130239
6833823 801289.2022578965 507392.49942102376 23790.66759130239
6839823 758743.718304027 507392.49942102376 23683.60958714153
6845823 853714.1666480268 507392.49942102376 23683.60958714153
6851823 903258.8020690776 507392.49942102376 23683.60958714153
6857823 827216.9171461742 507392.49942102376 23577.033343999396
6863823 920186.084389463 507392.49942102376 23577.033343999396
6869823 887335.2461683344 507392.49942102376 23470.9366939514
6875823 839099.8869183946 507392.49942102376 23470.9366939514
6881823 799033.1593125212 507392.49942102376 23365.31747882862
6887823 971279.7606920487 507392.49942102376 23365.31747882862
6893823 1064908.8193858087 507392.49942102376 23365.31747882862
6899823 952743.0001314735 507392.49942102376 23260.17355017389
6905823 945566.5922518712 507392.49942102376 23260.17355017389
6911823 799858.2827046018 507392.49942102376 23260.17355017389
6917823 1046533.6817654338 507392.49942102376 23155.50276919811
6923823 993456.3434272292 507392.49942102376 23155.50276919811
6929823 730265.7566229122 507392.49942102376 23051.303006736718
6935823 602284.7108074108 507392.49942102376 23051.303006736718
6941823 756532.1707608684 507392.49942102376 23051.303006736718
6947823 753130.1739368946 507392.49942102376 22947.572143206406
6953823 839054.7156602379 507392.49942102376 22947.572143206406
6959823 844053.0555047119 507392.49942102376 22947.572143206406
6965823 488687.58047281386 488687.5720304491 22844.30806856198
6971823 818183.3699823051 486269.31748162187 22844.30806856198
6977823 642085.8632006628 405734.1286777625 22844.30806856198
6983823 681040.8839685587 404825.7319130353 22844.30806856198
6989823 720890.8835537586 404825.7319130353 22741.50868225345
6995823 693465.0718725179 404825.7319130353 22741.50868225345
7001823 971022.5809997785 404825.7319130353 22741.50868225345
7007823 749624.9055022643 404825.7319130353 22639.17189318331
7013823 850748.6504376959 404825.7319130353 22639.17189318331
7019823 1155484.69218188 404825.7319130353 22537.295619663986
7025823 775043.2466896728 404825.7319130353 22537.295619663986
7031823 882930.0363412484 404825.7319130353 22435.8777893755
7037823 949199.6891805219 404825.7319130353 22435.8777893755
7043823 825560.263712516 404825.7319130353 22334.91633932331
7049823 868366.1190207283 404825.7319130353 22334.91633932331
7055823 523912.157474727 404825.7319130353 22334.91633932331
7061823 513256.7703509075 404825.7319130353 22334.91633932331
7067823 565472.0571696591 401128.30392338184 22234.409215796357
7073823 833834.0370200637 392132.21068232186 22234.409215796357
7079823 580629.9820474834 392132.21068232186 22134.354374325274
7085823 675890.0385766821 392132.21068232186 22134.354374325274
7091823 766909.7276211589 392132.21068232186 22134.354374325274
7097823 683306.9641999002 392132.21068232186 22034.74977964081
7103823 499371.1573770536 335060.1758882833 22034.74977964081
7109823 752878.3128622526 335060.1758882833 22034.74977964081
7115823 647922.9933385756 335060.1758882833 21935.593405632426
7121823 611222.7978878235 335060.1758882833 21935.593405632426
7127823 684539.2034126644 335060.1758882833 21935.593405632426
7133823 861230.222160114 335060.1758882833 21836.88323530708
7139823 725801.5994459547 335060.1758882833 21836.88323530708
7145823 675527.0297188531 335060.1758882833 21836.88323530708
7151823 633618.4772455787 335060.1758882833 21738.6172607482
7157823 744573.3816926725 335060.1758882833 21738.6172607482
7163823 878880.8572473743 335060.1758882833 21738.6172607482
7169823 585083.1518322307 335060.1758882833 21640.793483074835
7175823 542490.9382465769 335060.1758882833 21640.793483074835
7181823 656534.1182008168 335060.1758882833 21543.409912401
7187823 679745.573464851 335060.1758882833 21543.409912401
7193823 877643.6402769423 335060.1758882833 21446.464567795196
7199823 829708.3813750204 335060.1758882833 21446.464567795196
7205823 684733.472421516 335060.1758882833 21349.955477240117
7211823 970814.6398511719 335060.1758882833 21349.955477240117
7217823 828639.1219069897 335060.1758882833 21349.955477240117
7223823 699175.6882286181 335060.1758882833 21253.880677592537
7229823 563500.6661860062 335060.1758882833 21253.880677592537
7235823 512855.59470111557 335060.1758882833 21253.880677592537
7241823 705536.6384062382 334285.0735205291 21253.880677592537
7247823 597848.3756366931 334285.0735205291 21158.238214543373
7253823 632772.2786975554 334285.0735205291 21158.238214543373
7259823 498377.4287581183 334285.0735205291 21158.238214543373
7265823 453884.26840715867 334285.0735205291 21158.238214543373
7271823 835847.874821232 334285.0735205291 21063.026142577928
7277823 696794.7410864527 334285.0735205291 21063.026142577928
7283823 834427.833843151 334285.0735205291 20968.24252493633
7289823 693303.2543390553 334285.0735205291 20968.24252493633
7295823 646929.1509707264 334285.0735205291 20968.24252493633
7301823 669655.9769545433 334285.0735205291 20873.885433574116
7307823 537728.1192345717 334285.0735205291 20873.885433574116
7313823 494825.7843181745 334285.0735205291 20873.885433574116
7319823 718149.6172735791 334285.0735205291 20779.952949123035
7325823 797388.0376471037 334285.0735205291 20779.952949123035
7331823 833389.3120037816 334285.0735205291 20686.44316085198
7337823 727758.6371729707 334285.0735205291 20686.44316085198
7343823 757775.4125527128 334285.0735205291 20593.35416662815
7349823 900812.1019445411 334285.0735205291 20593.35416662815
7355823 627230.7958137707 334285.0735205291 20593.35416662815
7361823 744442.7791545466 334285.0735205291 20593.35416662815
7367823 712033.9003665308 334285.0735205291 20500.684072878325
7373823 558484.6366525816 334285.0735205291 20500.684072878325
7379823 420417.8793276591 334285.0735205291 20500.684072878325
7385823 547515.6941388242 334285.0735205291 20408.430994550374
7391823 562049.5795864109 334285.0735205291 20408.430994550374
7397823 662945.3322046539 334285.0735205291 20316.5930550749
7403823 712295.531301223 334285.0735205291 20316.5930550749
7409823 890806.1696064859 334285.0735205291 20225.168386327063
7415823 839775.1280875499 334285.0735205291 20225.168386327063
7421823 633238.5141527113 334285.0735205291 20225.168386327063
7427823 472936.03667443 334285.0735205291 20225.168386327063
7433823 476674.28575380746 334285.0735205291 20225.168386327063
7439823 698639.2646425761 334285.0735205291 20134.15512858859
7445823 528444.9744369858 334285.0735205291 20134.15512858859
7451823 598569.0504623514 334285.0735205291 20043.551430509942
7457823 642227.5197770983 334285.0735205291 20043.551430509942
7463823 638587.7661913502 334285.0735205291 20043.551430509942
7469823 504818.4351056411 305573.5320126919 19953.35544907265
7475823 497557.2545307139 305573.5320126919 19953.35544907265
7481823 522451.4499124157 305573.5320126919 19863.565349551824
7487823 594126.0171754534 305573.5320126919 19863.565349551824
7493823 524694.6938809328 305573.5320126919 19774.179305478843
7499823 758974.5840090057 305573.5320126919 19774.179305478843
7505823 664370.7154644516 305573.5320126919 19774.179305478843
7511823 510019.22314110724 305573.5320126919 19685.19549860419
7517823 770772.0698891032 305573.5320126919 19685.19549860419
7523823 521964.9485629053 305573.5320126919 19685.19549860419
7529823 331447.1694390168 272846.5136583463 19596.61211886047
7535823 720315.2717539166 272846.5136583463 19596.61211886047
7541823 654007.2531183948 272846.5136583463 19508.4273643256
7547823 523560.6925358054 272846.5136583463 19508.4273643256
7553823 431378.9732813989 272846.5136583463 19508.4273643256
7559823 815998.8522772056 272846.5136583463 19508.4273643256
7565823 518182.627963347 272846.5136583463 19420.639441186133
7571823 534490.4836485697 272846.5136583463 19420.639441186133
7577823 428358.6735524045 272846.5136583463 19420.639441186133
7583823 271313.0215060058 235367.35378527993 19333.246563700795
7589823 393086.1549974611 224976.89964498673 19333.246563700795
7595823 332701.06578293897 224976.89964498673 19246.246954164144
7601823 384985.9359726768 224976.89964498673 19246.246954164144
7607823 438100.56707021245 224976.89964498673 19159.638842870405
7613823 512764.66755291465 224976.89964498673 19159.638842870405
7619823 502451.57168203034 224976.89964498673 19159.638842870405
7625823 383587.5154984556 224976.89964498673 19073.42046807749
7631823 375884.19124803913 224976.89964498673 19073.42046807749
7637823 474722.0546652404 224976.89964498673 19073.42046807749
7643823 332402.7808577824 224976.89964498673 18987.59007597114
7649823 431118.0269876947 224976.89964498673 18987.59007597114
7655823 700164.022514671 224976.89964498673 18987.59007597114
7661823 619153.7559916027 224976.89964498673 18902.14592062927
7667823 380664.9952504004 224976.89964498673 18902.14592062927
7673823 368057.4266020754 224976.89964498673 18902.14592062927
7679823 403654.2390618017 224976.89964498673 18902.14592062927
7685823 399898.4925075036 224976.89964498673 18902.14592062927
7691823 369093.19552058424 224976.89964498673 18817.08626398644
7697823 462812.7321131186 224976.89964498673 18817.08626398644
7703823 354731.97954225587 224976.89964498673 18817.08626398644
7709823 591797.8752943446 206536.55391085686 18817.08626398644
7715823 437121.8981676123 206536.55391085686 18817.08626398644
7721823 414092.2104865175 206536.55391085686 18732.4093757985
7727823 346986.8306534466 206536.55391085686 18732.4093757985
7733823 440386.91562065535 206536.55391085686 18648.113533607408
7739823 402580.94378680317 206536.55391085686 18648.113533607408
7745823 594519.3779735356 206536.55391085686 18564.197022706176
7751823 407356.9957149229 206536.55391085686 18564.197022706176
7757823 526586.7476470636 206536.55391085686 18480.658136103997
7763823 444426.2856330593 206536.55391085686 18480.658136103997
7769823 241843.82703320368 206536.55391085686 18397.49517449153
7775823 216526.21185977606 195029.99827090945 18397.49517449153
7781823 444642.98980140587 195029.99827090945 18397.49517449153
7787823 579967.4713163986 195029.99827090945 18314.70644620632
7793823 499330.8450448191 195029.99827090945 18314.70644620632
7799823 346441.1871410266 195029.99827090945 18232.290267198394
7805823 275369.1898105411 195029.99827090945 18232.290267198394
7811823 454139.2417896089 195029.99827090945 18232.290267198394
7817823 524732.2106266399 195029.99827090945 18150.244960996002
7823823 332693.29379272106 195029.99827090945 18150.244960996002
7829823 268971.35967824515 195029.99827090945 18150.244960996002
7835823 348012.59397670225 195029.99827090945 18068.568858671522
7841823 363620.7533851641 195029.99827090945 18068.568858671522
7847823 454024.8466894874 195029.99827090945 18068.568858671522
7853823 370688.0751012223 195029.99827090945 17987.2602988075
7859823 312900.96603705257 195029.99827090945 17987.2602988075
7865823 381996.2339195727 195029.99827090945 17987.2602988075
7871823 384392.4255447497 195029.99827090945 17987.2602988075
7877823 396561.60959376046 195029.99827090945 17906.317627462868
7883823 492984.71525188326 195029.99827090945 17906.317627462868
7889823 440522.0817463282 195029.99827090945 17825.739198139287
7895823 440589.680714973 195029.99827090945 17825.739198139287
7901823 286968.53707929334 195029.99827090945 17745.523371747662
7907823 322868.74107722816 182233.92736930933 17745.523371747662
7913823 476088.5811471332 182233.92736930933 17745.523371747662
7919823 249790.4496399927 182233.92736930933 17665.6685165748
7925823 335092.54844249046 180472.62325644447 17665.6685165748
7931823 475243.2017964018 180472.62325644447 17665.6685165748
7937823 329258.8285384524 180472.62325644447 17586.173008250214
7943823 391640.6641160613 180472.62325644447 17586.173008250214
7949823 535280.3167001703 180472.62325644447 17586.173008250214
7955823 503222.2107906754 180472.62325644447 17507.03522971309
7961823 349202.48574871814 180472.62325644447 17507.03522971309
7967823 324866.7889346021 180472.62325644447 17507.03522971309
7973823 410668.9070651157 180472.62325644447 17507.03522971309
7979823 381262.5396101857 180472.62325644447 17428.25357117938
7985823 232196.37938064328 180472.62325644447 17428.25357117938
7991823 476009.8539586022 154639.3162214249 17428.25357117938
7997823 239805.11285954752 154639.3162214249 17428.25357117938
8003823 279185.7387223551 136113.89215347674 17349.82643010907
8009823 401932.4119217958 136113.89215347674 17349.82643010907
8015823 364037.08666779695 136113.89215347674 17271.75221117358
8021823 347631.65840442025 136113.89215347674 17271.75221117358
8027823 352474.703451045 136113.89215347674 17271.75221117358
8033823 227621.10824093586 136113.89215347674 17194.029326223303
8039823 320614.3521700748 136113.89215347674 17194.029326223303
8045823 450807.3712601384 136113.89215347674 17116.656194255298
8051823 196112.0229552124 136113.89215347674 17116.656194255298
8057823 302451.228466615 136113.89215347674 17039.63124138115
8063823 212612.58880612598 120563.86164629707 17039.63124138115
8069823 348744.0666129639 120563.86164629707 17039.63124138115
8075823 312657.6615113875 120563.86164629707 16962.952900794935
8081823 405962.48563504394 120563.86164629707 16962.952900794935
8087823 285639.4200013113 111971.85062506613 16886.619612741357
8093823 337885.1459842557 111971.85062506613 16886.619612741357
8099823 227752.87248406 111971.85062506613 16810.62982448402
8105823 266224.3097694969 111971.85062506613 16810.62982448402
8111823 370741.2343461625 111971.85062506613 16734.981990273845
8117823 430160.6252667398 111971.85062506613 16734.981990273845
8123823 234110.86989100656 111971.85062506613 16659.674571317613
8129823 281822.27479088673 111971.85062506613 16659.674571317613
8135823 263247.33820526686 111971.85062506613 16584.706035746683
8141823 244136.0798046107 111971.85062506613 16584.706035746683
8147823 191132.02255581057 98761.22749985952 16584.706035746683
8153823 177025.53070282587 98152.13918134032 16584.706035746683
8159823 268885.31187275646 98152.13918134032 16584.706035746683
8165823 309205.6455164712 98152.13918134032 16510.074858585824
8171823 322242.4531019914 98152.13918134032 16510.074858585824
8177823 336793.52017901547 98152.13918134032 16435.77952172219
8183823 401128.6323602769 98152.13918134032 16435.77952172219
8189823 380456.2066703456 98152.13918134032 16435.77952172219
8195823 172391.99347842537 98152.13918134032 16361.818513874441
8201823 334410.9311589958 98152.13918134032 16361.818513874441
8207823 259991.0950180491 98152.13918134032 16361.818513874441
8213823 318496.68261165376 98152.13918134032 16288.190330562007
8219823 147962.51130323202 88299.88900781385 16288.190330562007
8225823 200296.7224262248 78738.83373831287 16288.190330562007
8231823 263818.13484376034 78738.83373831287 16288.190330562007
8237823 215308.01338073943 78738.83373831287 16214.893474074479
8243823 215582.61271971406 78738.83373831287 16214.893474074479
8249823 191666.00161649616 78738.83373831287 16214.893474074479
8255823 221702.99917902827 78738.83373831287 16141.926453441145
8261823 196777.2035994658 78738.83373831287 16141.926453441145
8267823 169919.15828592956 78738.83373831287 16069.28778440066
8273823 250143.1628935239 78738.83373831287 16069.28778440066
8279823 261468.18234625875 78738.83373831287 15996.975989370858
8285823 222691.46144739533 78738.83373831287 15996.975989370858
8291823 204663.69820189834 78738.83373831287 15996.975989370858
8297823 164839.01675232747 78738.83373831287 15996.975989370858
8303823 227544.34895349044 78738.83373831287 15996.975989370858
8309823 246483.64052822528 78738.83373831287 15924.98959741869
8315823 236219.24751195897 78738.83373831287 15924.98959741869
8321823 365746.73674414784 78738.83373831287 15924.98959741869
8327823 266878.3707660547 78738.83373831287 15853.327144230307
8333823 236367.93701833268 78738.83373831287 15853.327144230307
8339823 381374.30475275056 78738.83373831287 15781.987172081272
8345823 441865.29987261107 78738.83373831287 15781.987172081272
8351823 448146.23095584504 78738.83373831287 15710.968229806907
8357823 236386.0904778992 78738.83373831287 15710.968229806907
8363823 294462.35004165384 78738.83373831287 15710.968229806907
8369823 242945.42800251712 78738.83373831287 15640.268872772776
8375823 205916.61149205733 78738.83373831287 15640.268872772776
8381823 223945.73025810134 78738.83373831287 15640.268872772776
8387823 278687.73612884193 78738.83373831287 15569.8876628453
8393823 219452.91763122764 78738.83373831287 15569.8876628453
8399823 186931.92918540255 78738.83373831287 15569.8876628453
8405823 228372.366717271 78738.83373831287 15569.8876628453
8411823 343215.3962257957 78738.83373831287 15499.823168362496
8417823 138990.77462516117 78738.83373831287 15499.823168362496
8423823 225797.36063845974 78738.83373831287 15430.073964104866
8429823 167271.60384890824 78738.83373831287 15430.073964104866
8435823 232677.12307383068 78738.83373831287 15430.073964104866
8441823 341086.5575668098 78738.83373831287 15360.638631266394
8447823 253177.5112647962 78738.83373831287 15360.638631266394
8453823 176831.58041847896 78738.83373831287 15360.638631266394
8459823 227838.43468004197 78738.83373831287 15360.638631266394
8465823 135002.62517074923 58885.14328683363 15291.515757425697
8471823 182296.5164657469 58885.14328683363 15291.515757425697
8477823 269732.73098418204 58885.14328683363 15291.515757425697
8483823 193909.3929743263 58885.14328683363 15222.703936517282
8489823 183888.5696774719 58885.14328683363 15222.703936517282
8495823 128612.78242814193 58885.14328683363 15222.703936517282
8501823 205172.53122760318 58885.14328683363 15154.201768802955
8507823 134369.91719118235 58885.14328683363 15154.201768802955
8513823 287491.8876314327 58885.14328683363 15154.201768802955
8519823 267389.3728106775 58885.14328683363 15086.007860843343
8525823 239957.50015372533 58885.14328683363 15086.007860843343
8531823 306093.6575923457 58885.14328683363 15086.007860843343
8537823 284336.60127801215 58885.14328683363 15086.007860843343
8543823 346737.2437215781 58885.14328683363 15018.120825469548
8549823 314468.6200167792 58885.14328683363 15018.120825469548
8555823 267030.8808282894 58885.14328683363 15018.120825469548
8561823 286193.88683384936 58885.14328683363 14950.539281754936
8567823 166914.07976779182 58885.14328683363 14950.539281754936
8573823 194619.561038796 58885.14328683363 14950.539281754936
8579823 166235.69537380582 58885.14328683363 14950.539281754936
8585823 164639.47001739856 58885.14328683363 14883.26185498704
8591823 173037.54553219234 58885.14328683363 14883.26185498704
8597823 153387.90473555351 58885.14328683363 14883.26185498704
8603823 253089.46499462443 58885.14328683363 14816.2871766396
8609823 237639.79966777464 58885.14328683363 14816.2871766396
8615823 108118.71350343442 58885.14328683363 14749.613884344722
8621823 195317.74467769306 58885.14328683363 14749.613884344722
8627823 189171.76017758576 58885.14328683363 14749.613884344722
8633823 89368.19428280514 58885.14328683363 14749.613884344722
8639823 163416.63865857886 58885.14328683363 14683.240621865172
8645823 157588.48708530134 58885.14328683363 14683.240621865172
8651823 215277.78614839716 58885.14328683363 14683.240621865172
8657823 205349.63257431774 58885.14328683363 14617.16603906678
8663823 253601.45125547145 58885.14328683363 14617.16603906678
8669823 285666.7028607998 58885.14328683363 14617.16603906678
8675823 251946.14795593783 58885.14328683363 14551.38879189098
8681823 227889.27752794774 58885.14328683363 14551.38879189098
8687823 245570.90349103356 58885.14328683363 14551.38879189098
8693823 248354.38888193402 58885.14328683363 14485.907542327472
8699823 174840.5725400582 58885.14328683363 14485.907542327472
8705823 241224.4400078942 58885.14328683363 14420.720958386999
8711823 180445.7997179699 58885.14328683363 14420.720958386999
8717823 253275.522013841 58885.14328683363 14420.720958386999
8723823 163139.65925874116 58885.14328683363 14420.720958386999
8729823 131928.35655504031 58885.14328683363 14355.827714074258
8735823 47519.40355666845 22123.083558441114 14355.827714074258
8741823 138580.64450987236 22123.083558441114 14355.827714074258
8747823 108634.87715477732 10910.910581234912 14291.226489360924
8753823 75326.34313301813 10910.910581234912 14291.226489360924
8759823 14147.418512392394 0.5096235101182174 14226.915970158801
8765823 155892.32612348444 0.5096235101182174 14226.915970158801
8771823 83718.64172327363 0.5096235101182174 14162.894848293088
8777823 31328.924133636738 0.5096235101182174 14162.894848293088
8783823 151041.20896896307 0.5096235101182174 14162.894848293088
8789823 162935.90960877863 0.5096235101182174 14162.894848293088
8795823 159360.3334639658 0.5096235101182174 14099.161821475771
8801823 117744.0431794822 0.5096235101182174 14099.161821475771
8807823 124505.41693581044 0.5096235101182174 14099.161821475771
8813823 173526.2094484534 0.5096235101182174 14099.161821475771
8819823 97086.83732352222 0.5096235101182174 14035.71559327913
8825823 66860.28556589205 0.5096235101182174 14035.71559327913
8831823 44276.39000490339 0.5096235101182174 13972.554873109375
8837823 80403.83585637838 0.5096235101182174 13972.554873109375
8843823 79129.85762612142 0.5096235101182174 13972.554873109375
8849823 102662.29003096386 0.5096235101182174 13909.678376180384
8855823 199798.8424983953 0.5096235101182174 13909.678376180384
8861823 231869.93935090763 0.5096235101182174 13847.084823487572
8867823 72696.06889939096 0.5096235101182174 13847.084823487572
8873823 113379.62740752855 0.5096235101182174 13847.084823487572
8879823 62300.23857311695 0.5096235101182174 13847.084823487572
8885823 80351.58198652824 0.5096235101182174 13784.77294178188
8891823 88715.38211730617 0.5096235101182174 13784.77294178188
8897823 116734.4180056265 0.5096235101182174 13722.741463543862
8903823 102663.08071804424 0.5096235101182174 13722.741463543862
8909823 91133.03956181265 0.5096235101182174 13660.989126957915
8915823 99369.64905582741 0.5096235101182174 13660.989126957915
8921823 130535.71563312296 0.5096235101182174 13660.989126957915
8927823 99484.73585299254 0.5096235101182174 13599.514675886605
8933823 77394.53864772311 0.5096235101182174 13599.514675886605
8939823 114613.7969461625 0.5096235101182174 13538.316859845116
8945823 117030.7546765948 0.5096235101182174 13538.316859845116
8951823 61493.121804402945 0.5096235101182174 13477.394433975813
8957823 77365.71459949098 0.5096235101182174 13477.394433975813
8963823 129765.97123081842 0.5096235101182174 13416.746159022921
8969823 106547.08085144922 0.5096235101182174 13416.746159022921
8975823 120456.85092938376 0.5096235101182174 13416.746159022921
8981823 75358.53315126109 0.5096235101182174 13356.37080130732
8987823 25793.09763133702 0.5096235101182174 13356.37080130732
8993823 123047.77133551637 0.5096235101182174 13356.37080130732
8999823 41307.980654187646 0.5096235101182174 13356.37080130732
9005823 48575.64068086165 0.5096235101182174 13296.267132701438
9011823 107799.55733570481 0.5096235101182174 13296.267132701438
9017823 42654.20723716095 0.5096235101182174 13236.433930604282
9023823 137765.26446944603 0.5096235101182174 13236.433930604282
9029823 130957.4841620917 0.5096235101182174 13236.433930604282
9035823 43373.41862593527 0.5096235101182174 13176.869977916564
9041823 38156.79201629077 0.5096235101182174 13176.869977916564
9047823 90181.17210589253 0.5096235101182174 13117.57406301594
9053823 56584.500060663886 0.5096235101182174 13117.57406301594
9059823 160258.37999485226 0.5096235101182174 13058.544979732369
9065823 152479.87504586598 0.5096235101182174 13058.544979732369
9071823 65879.10855151662 0.5096235101182174 12999.781527323574
9077823 101232.35656636613 0.5096235101182174 12999.781527323574
9083823 72698.18660021924 0.5096235101182174 12941.28251045062
9089823 77880.0864037307 0.5096235101182174 12941.28251045062
9095823 140227.98355214833 0.5096235101182174 12941.28251045062
9101823 55136.07893696007 0.5096235101182174 12883.046739153591
9107823 131078.82936488616 0.5096235101182174 12883.046739153591
9113823 159559.9024118002 0.5096235101182174 12883.046739153591
9119823 152552.73924001565 0.5096235101182174 12825.0730288274
9125823 141394.43429526885 0.5096235101182174 12825.0730288274
9131823 121260.32390753717 0.5096235101182174 12767.360200197678
9137823 22793.66716164649 0.5096235101182174 12767.360200197678
9143823 145017.34966712882 0.5096235101182174 12767.360200197678
9149823 82361.14394338444 0.5096235101182174 12709.907079296789
9155823 135213.41925878986 0.5096235101182174 12709.907079296789
9161823 100975.43593905606 0.5096235101182174 12652.712497439954
9167823 139823.4752588528 0.5096235101182174 12652.712497439954
9173823 25507.727261416916 0.5096235101182174 12652.712497439954
9179823 11662.021070687671 0.5096235101182174 12595.775291201475
9185823 75289.72533241668 0.5096235101182174 12595.775291201475
9191823 92370.61935920439 0.5096235101182174 12595.775291201475
9197823 21599.85691452129 0.5096235101182174 12539.09430239107
9203823 104925.30564637476 0.5096235101182174 12539.09430239107
9209823 64225.90350004828 0.5096235101182174 12539.09430239107
9215823 65816.51161114812 0.5096235101182174 12482.66837803031
9221823 142882.76755392397 0.5096235101182174 12482.66837803031
9227823 58279.94179882221 0.5096235101182174 12426.496370329174
9233823 68637.42288813075 0.5096235101182174 12426.496370329174
9239823 98615.38395331531 0.5096235101182174 12370.577136662694
9245823 47533.27385480827 0.5096235101182174 12370.577136662694
9251823 91200.20936131175 0.5096235101182174 12370.577136662694
9257823 60361.29384139014 0.5096235101182174 12370.577136662694
9263823 43249.97914503714 0.5096235101182174 12314.909539547712
9269823 50602.43555812991 0.5096235101182174 12314.909539547712
9275823 63149.25340105737 0.5096235101182174 12259.492446619748
9281823 65442.61006536884 0.5096235101182174 12259.492446619748
9287823 83266.82924708229 0.5096235101182174 12204.32473060996
9293823 54091.22104917334 0.5096235101182174 12204.32473060996
9299823 44785.54491694563 0.5096235101182174 12149.405269322217
9305823 48279.14490727812 0.5096235101182174 12149.405269322217
9311823 5151.372023284679 0.5096235101182174 12094.732945610267
9317823 73555.67019256653 0.5096235101182174 12094.732945610267
9323823 94296.23468128803 0.5096235101182174 12094.732945610267
9329823 36080.383272194995 0.5096235101182174 12040.30664735502
9335823 84165.09000696146 0.5096235101182174 12040.30664735502
9341823 26972.734735379538 0.5096235101182174 11986.125267441923
9347823 72203.44086049299 0.5096235101182174 11986.125267441923
9353823 97264.36235456915 0.5096235101182174 11932.187703738435
9359823 113260.38553482661 0.5096235101182174 11932.187703738435
9365823 32066.040144459683 0.5096235101182174 11878.492859071612
9371823 22572.265429811196 0.5096235101182174 11878.492859071612
9377823 17156.563190468212 0.5096235101182174 11878.492859071612
9383823 84486.43156319216 0.5096235101182174 11878.492859071612
9389823 57345.90377377006 0.5096235101182174 11825.03964120579
9395823 39471.4361114977 0.5096235101182174 11825.03964120579
9401823 82670.20984792041 0.5096235101182174 11825.03964120579
9407823 70024.86315842588 0.5096235101182174 11771.826962820365
9413823 47877.717386371856 0.5096235101182174 11771.826962820365
9419823 50638.54019805815 0.5096235101182174 11718.853741487674
9425823 20497.78728694744 0.5096235101182174 11718.853741487674
9431823 23241.426900147955 0.5096235101182174 11718.853741487674
9437823 70550.24430477846 0.5096235101182174 11666.118899650979
9443823 40606.403185484836 0.5096235101182174 11666.118899650979
9449823 42227.22093861546 0.5096235101182174 11613.62136460255
9455823 27428.669455651838 0.5096235101182174 11613.62136460255
9461823 127701.65410473675 0.5096235101182174 11561.36006846184
9467823 87503.29453289884 0.5096235101182174 11561.36006846184
9473823 57627.25427736897 0.5096235101182174 11509.333948153762
9479823 36234.46769557427 0.5096235101182174 11509.333948153762
9485823 15563.863239883078 0.5096235101182174 11509.333948153762
9491823 98820.5844358004 0.5096235101182174 11509.333948153762
9497823 44896.489423459614 0.5096235101182174 11457.54194538707
9503823 73039.55425047319 0.5096235101182174 11457.54194538707
9509823 28000.651273831194 0.5096235101182174 11405.98300663283
9515823 56994.85936872142 0.5096235101182174 11405.98300663283
9521823 17122.170789017804 0.5096235101182174 11354.656083102984
9527823 18011.189787714844 0.5096235101182174 11354.656083102984
9533823 65292.238582448306 0.5096235101182174 11354.656083102984
9539823 35128.250518815454 0.5096235101182174 11303.560130729022
9545823 79586.239344532 0.5096235101182174 11303.560130729022
9551823 52973.03791652322 0.5096235101182174 11303.560130729022
9557823 28275.024809078164 0.5096235101182174 11252.694110140741
9563823 39377.64599587667 0.5096235101182174 11252.694110140741
9569823 59531.77999284885 0.5096235101182174 11252.694110140741
9575823 47308.43068434 0.5096235101182174 11202.056986645108
9581823 41047.083090409884 0.5096235101182174 11202.056986645108
9587823 50440.90660249081 0.5096235101182174 11202.056986645108
9593823 29721.299102429803 0.5096235101182174 11151.647730205206
9599823 46169.21580148165 0.5096235101182174 11151.647730205206
9605823 23031.435425712396 0.5096235101182174 11101.465315419284
9611823 5287.255591579751 0.5096235101182174 11101.465315419284
9617823 45423.04815834357 0.5096235101182174 11051.508721499898
9623823 34878.63545873265 0.5096235101182174 11051.508721499898
9629823 27324.07704788782 0.5096235101182174 11001.77693225315
9635823 21368.153002866307 0.5096235101182174 11001.77693225315
9641823 24277.755198878873 0.5096235101182174 10952.268936058012
9647823 49286.50930863703 0.5096235101182174 10952.268936058012
9653823 90000.64321763325 0.5096235101182174 10952.268936058012
9659823 44733.07750606363 0.5096235101182174 10902.983725845752
9665823 57766.79876278426 0.5096235101182174 10902.983725845752
9671823 25402.18644991667 0.5096235101182174 10853.920299079447
9677823 0.5223032290778065 0.5096235101182174 10853.920299079447
9683823 29509.32146456868 0.5059062388787808 10805.077657733591
9689823 31979.407213698694 0.5059062388787808 10805.077657733591
9695823 40519.91602416197 0.5059062388787808 10756.454808273791
9701823 39352.061681070954 0.5059062388787808 10756.454808273791
9707823 52282.83408252285 0.5052139127768337 10756.454808273791
9713823 6849.0224954510795 0.5052139127768337 10708.05076163656
9719823 57321.755722991395 0.5052139127768337 10708.05076163656
9725823 18028.37161923635 0.5052139127768337 10708.05076163656
9731823 40933.75720383419 0.5052139127768337 10659.864533209195
9737823 43375.0559677382 0.5052139127768337 10659.864533209195
9743823 29372.801965342875 0.5052139127768337 10611.895142809753
9749823 34939.71929369685 0.5052139127768337 10611.895142809753
9755823 66185.97219377737 0.5052139127768337 10611.895142809753
9761823 68007.2343347958 0.5052139127768337 10611.895142809753
9767823 31185.199245649135 0.5052139127768337 10564.14161466711
9773823 37189.866489405635 0.5052139127768337 10564.14161466711
9779823 17696.476618409528 0.5052139127768337 10564.14161466711
9785823 71021.93477454573 0.5052139127768337 10564.14161466711
9791823 29681.878015123373 0.5052139127768337 10516.60297740111
9797823 31743.174219658733 0.5052139127768337 10516.60297740111
9803823 32110.881602448404 0.5052139127768337 10516.60297740111
9809823 40136.65895712088 0.5052139127768337 10516.60297740111
9815823 44140.83033398347 0.5052139127768337 10469.278264002805
9821823 83228.09858927058 0.5052139127768337 10469.278264002805
9827823 13248.081949669828 0.5052139127768337 10422.166511814794
9833823 32777.112377673984 0.5052139127768337 10422.166511814794
9839823 35516.69649891818 0.5052139127768337 10422.166511814794
9845823 21670.766343103896 0.5052139127768337 10375.266762511628
9851823 27193.789031893808 0.5052139127768337 10375.266762511628
9857823 78195.12489228843 0.5052139127768337 10328.578062080327
9863823 28348.66112559983 0.5052139127768337 10328.578062080327
9869823 34284.48322051557 0.5052139127768337 10328.578062080327
9875823 4042.3022241428007 0.5052139127768337 10328.578062080327
9881823 57182.760446601256 0.5052139127768337 10282.099460800966
9887823 8715.382097092435 0.5052139127768337 10282.099460800966
9893823 56315.62442633124 0.5052139127768337 10235.830013227362
9899823 51367.59232729247 0.5052139127768337 10235.830013227362
9905823 49891.025044581234 0.5052139127768337 10189.76877816784
9911823 22564.309936401314 0.5052139127768337 10189.76877816784
9917823 36862.683578709446 0.5052139127768337 10189.76877816784
9923823 3465.514580126802 0.5052139127768337 10143.914818666084
9929823 55306.784333185846 0.5052139127768337 10143.914818666084
9935823 30644.49292509252 0.5052139127768337 10098.267201982087
9941823 9297.711085798874 0.5052139127768337 10098.267201982087
9947823 28292.352118703708 0.5052139127768337 10098.267201982087
9953823 49603.58968495175 0.5052139127768337 10098.267201982087
9959823 43934.01571424228 0.5052139127768337 10052.82499957317
9965823 30804.174910624126 0.5052139127768337 10052.82499957317
9971823 16069.63827731463 0.5052139127768337 10007.58728707509
9977823 9226.692728698157 0.5052139127768337 10007.58728707509
9983823 20797.458494897786 0.5052139127768337 9962.553144283253
9989823 16929.8292531968 0.5052139127768337 9962.553144283253
9995823 11764.3176391379 0.5052139127768337 9962.553144283253
10001823 54789.90652209602 0.5052139127768337 9962.553144283253
10007823 25744.376250563502 0.5052139127768337 9917.721655133979
10013823 27513.753238925863 0.5052139127768337 9917.721655133979
10019823 28166.87411436478 0.5052139127768337 9917.721655133979
10025823 61476.899488816925 0.5052139127768337 9873.091907685877
10031823 12709.623621158811 0.5052139127768337 9873.091907685877
10037823 26977.119710879375 0.5052139127768337 9828.66299410129
10043823 7351.404096137224 0.5052139127768337 9828.66299410129
10049823 53541.96467040643 0.5052139127768337 9828.66299410129
10055823 57785.0274758327 0.5052139127768337 9784.434010627836
10061823 51063.29396312016 0.5052139127768337 9784.434010627836
10067823 0.5585385885712236 0.5052139127768337 9784.434010627836
10073823 65878.7745644777 0.5052139127768337 9784.434010627836
10079823 23656.3402957792 0.5052139127768337 9740.404057580012
10085823 51755.49297577398 0.5052139127768337 9740.404057580012
10091823 21929.255128841847 0.5052139127768337 9740.404057580012
10097823 57925.078968900685 0.5052139127768337 9740.404057580012
10103823 12028.094233846534 0.5052139127768337 9696.572239320902
10109823 12118.200379034319 0.5052139127768337 9696.572239320902
10115823 32856.27800939579 0.5052139127768337 9652.937664243958
10121823 39804.45033944425 0.5052139127768337 9652.937664243958
10127823 18166.8222426311 0.5052139127768337 9652.937664243958
10133823 31103.940005800054 0.5052139127768337 9609.499444754862
10139823 12868.965810260039 0.5052139127768337 9609.499444754862
10145823 24870.39969731471 0.5052139127768337 9566.256697253466
10151823 18334.7418384792 0.5052139127768337 9566.256697253466
10157823 17866.8066060567 0.5052139127768337 9523.208542115826
10163823 14298.60984690743 0.5052139127768337 9523.208542115826
10169823 17116.0583914381 0.5052139127768337 9523.208542115826
10175823 9907.483614001527 0.5052139127768337 9480.354103676305
10181823 25159.157779118723 0.5052139127768337 9480.354103676305
10187823 68647.11584552944 0.5052139127768337 9437.692510209763
10193823 32809.72364341474 0.5052139127768337 9437.692510209763
10199823 94.37683231677026 0.5052139127768337 9395.22289391382
10205823 37445.531942305024 0.5052139127768337 9395.22289391382
10211823 12467.315956458187 0.5052139127768337 9352.944390891209
10217823 2034.412860536238 0.5052139127768337 9352.944390891209
10223823 25641.82980832513 0.5052139127768337 9352.944390891209
10229823 42893.62465508003 0.5052139127768337 9310.856141132199
10235823 7834.312622739919 0.5052139127768337 9310.856141132199
10241823 15650.614926012662 0.5052139127768337 9268.957288497104
10247823 31626.32227132232 0.5052139127768337 9268.957288497104
10253823 44220.09983086133 0.5052139127768337 9227.246980698868
10259823 36285.244531308155 0.5052139127768337 9227.246980698868
10265823 38142.22626144525 0.5052139127768337 9185.724369285725
10271823 14768.523836335095 0.5052139127768337 9185.724369285725
10277823 52422.01424074392 0.5052139127768337 9185.724369285725
10283823 15505.73249083374 0.5052139127768337 9144.388609623938
10289823 6234.072310215663 0.5052139127768337 9144.388609623938
10295823 7351.405680801817 0.5052139127768337 9103.23886088063
10301823 26176.989382011474 0.5052139127768337 9103.23886088063
10307823 119.97234326418604 0.5052139127768337 9062.274286006668
10313823 29122.16393595593 0.5052139127768337 9062.274286006668
10319823 10462.709606204155 0.5052139127768337 9021.49405171964
10325823 19958.554374367523 0.5052139127768337 9021.49405171964
10331823 29864.11003872638 0.5052139127768337 8980.8973284869
10337823 22613.32058609398 0.5052139127768337 8980.8973284869
10343823 51293.50645776408 0.5052139127768337 8980.8973284869
10349823 38027.311556607776 0.5052139127768337 8940.48329050871
10355823 29440.88120312364 0.5052139127768337 8940.48329050871
10361823 19105.524367115097 0.5052139127768337 8940.48329050871
10367823 9107.225713572145 0.5052139127768337 8900.251115701421
10373823 49516.961223804894 0.5052139127768337 8900.251115701421
10379823 8143.528314347506 0.5052139127768337 8900.251115701421
10385823 18087.883248687867 0.5052139127768337 8900.251115701421
10391823 8715.422415698526 0.5052139127768337 8900.251115701421
10397823 15247.55820353338 0.5052139127768337 8860.199985680765
10403823 65325.54237223698 0.5052139127768337 8860.199985680765
10409823 12970.857736125025 0.5052139127768337 8820.329085745203
10415823 7585.1082978860695 0.5052139127768337 8820.329085745203
10421823 16103.096419140493 0.5052139127768337 8820.329085745203
10427823 6107.9751405803 0.5052139127768337 8820.329085745203
10433823 3253.371793891223 0.5052139127768337 8820.329085745203
10439823 12081.730585241587 0.5052139127768337 8780.63760485935
10445823 11939.961253242951 0.5052139127768337 8780.63760485935
10451823 31645.223550502684 0.5052139127768337 8741.124735637484
10457823 8871.920189221843 0.5052139127768337 8741.124735637484
10463823 36748.49371231012 0.5052139127768337 8701.789674327116
10469823 15054.890762768166 0.5052139127768337 8701.789674327116
10475823 32436.835511127756 0.5052139127768337 8662.631620792645
10481823 18526.77194029324 0.4926937241516498 8662.631620792645
10487823 32119.085324815165 0.4926937241516498 8662.631620792645
10493823 47542.52761772744 0.4926937241516498 8662.631620792645
10499823 26340.258231471205 0.4926937241516498 8623.649778499079
10505823 42067.44441355053 0.4926937241516498 8623.649778499079
10511823 11019.271498078837 0.4926937241516498 8584.843354495833
10517823 18564.844650049818 0.4926937241516498 8584.843354495833
10523823 6709.505962040743 0.4926937241516498 8584.843354495833
10529823 11758.592506913297 0.4926937241516498 8546.211559400603
10535823 15522.522125209798 0.4926937241516498 8546.211559400603
10541823 7400.730750023201 0.4926937241516498 8507.7536073833
10547823 8914.275686870991 0.4926937241516498 8507.7536073833
10553823 21566.05893713443 0.4926937241516498 8469.468716150075
10559823 671.7153824604683 0.4926937241516498 8469.468716150075
10565823 0.5477437896265349 0.4926937241516498 8469.468716150075
10571823 5731.79188938571 0.4926937241516498 8469.468716150075
10577823 17424.64062398405 0.4926937241516498 8431.3561069274
10583823 7598.633908874929 0.4926937241516498 8431.3561069274
10589823 12276.513154600689 0.4926937241516498 8393.415004446228
10595823 21916.742129680984 0.4926937241516498 8393.415004446228
10601823 14100.08168561881 0.4926937241516498 8355.64463692622
10607823 15533.23000986726 0.4926937241516498 8355.64463692622
10613823 15687.173073681382 0.4926937241516498 8355.64463692622
10619823 483.5002815843199 0.4926937241516498 8318.044236060052
10625823 21435.900953819655 0.4926937241516498 8318.044236060052
10631823 31040.71139622336 0.4926937241516498 8318.044236060052
10637823 12313.75553484606 0.4926937241516498 8280.613036997782
10643823 14844.735283240192 0.4926937241516498 8280.613036997782
10649823 14643.148583819631 0.4926937241516498 8243.350278331292
10655823 20033.427119091422 0.4926937241516498 8243.350278331292
10661823 5486.236351625747 0.4926937241516498 8243.350278331292
10667823 21477.423777870637 0.4926937241516498 8206.255202078803
10673823 17149.549136674566 0.4926937241516498 8206.255202078803
10679823 26973.3952684558 0.4926937241516498 8169.327053669448
10685823 12771.34018827459 0.4926937241516498 8169.327053669448
10691823 8143.538005847741 0.4926937241516498 8132.565081927936
10697823 8265.548873746113 0.4926937241516498 8132.565081927936
10703823 0.5567411364297677 0.4926937241516498 8132.565081927936
10709823 24589.005677628425 0.4926937241516498 8095.968539059261
10715823 21695.531996928512 0.4926937241516498 8095.968539059261
10721823 10851.510732754192 0.4926937241516498 8059.536680633495
10727823 14687.175751565981 0.4926937241516498 8059.536680633495
10733823 10816.410248460063 0.4926937241516498 8059.536680633495
10739823 12956.49508609578 0.4926937241516498 8023.268765570645
10745823 11705.792791658612 0.4926937241516498 8023.268765570645
10751823 16041.183636858974 0.4926937241516498 7987.164056125577
10757823 6026.756917896301 0.4926937241516498 7987.164056125577
10763823 5151.4280710426065 0.4926937241516498 7951.221817873013
10769823 3253.40441697893 0.4926937241516498 7951.221817873013
10775823 6021.978503014214 0.4926937241516498 7915.441319692584
10781823 13466.24118436197 0.4926937241516498 7915.441319692584
10787823 7043.4633602138265 0.4926937241516498 7879.821833753968
10793823 3176.5264035466544 0.4926937241516498 7879.821833753968
10799823 31870.835028356334 0.4926937241516498 7879.821833753968
10805823 32026.4945185782 0.4926937241516498 7844.362635502076
10811823 10639.007790580967 0.4926937241516498 7844.362635502076
10817823 26915.34819553952 0.4926937241516498 7844.362635502076
10823823 15619.858048437702 0.4926937241516498 7844.362635502076
10829823 3535.4730831767893 0.4926937241516498 7844.362635502076
10835823 5488.128843156582 0.4926937241516498 7809.063003642317
10841823 19683.15990962725 0.4926937241516498 7809.063003642317
10847823 12442.854841492097 0.4926937241516498 7773.922220125927
10853823 5488.1474587337825 0.4926937241516498 7773.922220125927
10859823 23864.856628743568 0.4926937241516498 7773.922220125927
10865823 41657.956840108774 0.4926937241516498 7738.939570135361
10871823 14514.948741918526 0.4926937241516498 7738.939570135361
10877823 6224.895261375573 0.4926937241516498 7738.939570135361
10883823 7465.699058158658 0.4926937241516498 7704.114342069752
10889823 6749.21901492799 0.4926937241516498 7704.114342069752
10895823 6021.631173769395 0.4926937241516498 7669.445827530439
10901823 7465.66377574214 0.4926937241516498 7669.445827530439
10907823 26691.854939394805 0.4926937241516498 7634.933321306552
10913823 0.5331422296821984 0.4926937241516498 7634.933321306552
10919823 9962.343148236092 0.4926937241516498 7634.933321306552
10925823 18998.389972604433 0.4926937241516498 7600.576121360673
10931823 19685.182929855557 0.4926937241516498 7600.576121360673
10937823 7351.374964161222 0.4926937241516498 7600.576121360673
10943823 10794.333509511576 0.4926937241516498 7566.37352881455
10949823 15519.251505273469 0.4926937241516498 7566.37352881455
10955823 0.5096149515558286 0.4926937241516498 7566.37352881455
10961823 0.5658893606132999 0.4926937241516498 7532.324847934885
10967823 10727.950603018826 0.4926937241516498 7532.324847934885
10973823 16899.204381650325 0.4926937241516498 7532.324847934885
10979823 552.2298062182338 0.4926937241516498 7498.429386119178
10985823 6962.535860476963 0.4926937241516498 7498.429386119178
10991823 10332.028393881586 0.4926937241516498 7498.429386119178
10997823 7351.389390128235 0.4926937241516498 7498.429386119178
11003823 5231.567169949992 0.4926937241516498 7464.686453881643
11009823 13752.376298345354 0.4926937241516498 7464.686453881643
11015823 10329.737893958096 0.4926937241516498 7431.095364839176
11021823 16629.40949315196 0.4926937241516498 7431.095364839176
11027823 13036.838434182522 0.4926937241516498 7397.6554356974
11033823 5231.596161965156 0.4926937241516498 7397.6554356974
11039823 14967.402781702234 0.4926937241516498 7397.6554356974
11045823 33725.192446685076 0.4926937241516498 7364.365986236762
11051823 11860.320147411336 0.4926937241516498 7364.365986236762
11057823 16618.916912799268 0.4926937241516498 7331.226339298697
11063823 21581.64284723786 0.4926937241516498 7331.226339298697
11069823 16588.133199090917 0.4926937241516498 7298.2358207718535
11075823 14576.44132060023 0.4926937241516498 7298.2358207718535
11081823 9936.221489398004 0.4926937241516498 7298.2358207718535
11087823 19621.12138195278 0.4926937241516498 7265.393759578381
11093823 15279.203893430178 0.4926937241516498 7265.393759578381
11099823 21654.131811385367 0.4926937241516498 7232.6994876602785
11105823 18868.045715433127 0.4926937241516498 7232.6994876602785
11111823 26892.15303231946 0.4926937241516498 7200.152339965807
11117823 5663.171042458462 0.4926937241516498 7200.152339965807
11123823 5151.383328982823 0.4926937241516498 7167.751654435961
11129823 9394.176961334093 0.4926937241516498 7167.751654435961
11135823 3082.6517332344943 0.4926937241516498 7135.496771991
11141823 94.39031106826849 0.4926937241516498 7135.496771991
11147823 9602.251539125582 0.4926937241516498 7135.496771991
11153823 0.5490222315574242 0.4926937241516498 7135.496771991
11159823 6942.831970439029 0.4926937241516498 7103.3870365170405
11165823 0.5253153449202728 0.4926937241516498 7103.3870365170405
11171823 8493.333914515933 0.4926937241516498 7103.3870365170405
11177823 0.5143591831410739 0.4926937241516498 7071.421794852714
11183823 12086.888151399966 0.4926937241516498 7071.421794852714
11189823 0.5284817826530622 0.4926937241516498 7071.421794852714
11195823 18823.155799261727 0.4926937241516498 7039.600396775877
11201823 94.38172964122913 0.4926937241516498 7039.600396775877
11207823 119.96373719755576 0.4926937241516498 7007.922194990386
11213823 7296.936805179729 0.4926937241516498 7007.922194990386
11219823 0.549404005892668 0.4926937241516498 7007.922194990386
11225823 0.5458337460466667 0.4926937241516498 6976.3865451129295
11231823 5372.739305729017 0.4926937241516498 6976.3865451129295
11237823 23554.19254038148 0.4926937241516498 6976.3865451129295
11243823 9354.85690643014 0.4926937241516498 6944.992805659922
11249823 5372.759575948794 0.4926937241516498 6944.992805659922
11255823 5151.418094651415 0.4926937241516498 6944.992805659922
11261823 4679.954911282213 0.4926937241516498 6944.992805659922
11267823 8715.406252715002 0.4926937241516498 6913.740338034453
11273823 6843.045303988827 0.4926937241516498 6913.740338034453
11279823 0.5647614635994788 0.4926937241516498 6913.740338034453
11285823 0.5420344831644313 0.4926937241516498 6913.740338034453
11291823 6790.885666440036 0.4926937241516498 6882.628506513299
11297823 3082.7025383819955 0.4926937241516498 6882.628506513299
11303823 3256.8518306846972 0.4926937241516498 6851.65667823399
11309823 12961.22131564007 0.4926937241516498 6851.65667823399
11315823 5372.741491587206 0.4926937241516498 6820.824223181937
11321823 0.5555291971440895 0.4926937241516498 6820.824223181937
11327823 94.36472805605747 0.4926937241516498 6790.130514177618
11333823 483.50042424952215 0.4926937241516498 6790.130514177618
11339823 6749.2909151869 0.4926937241516498 6790.130514177618
11345823 15172.617899213303 0.4926937241516498 6759.574926863819
11351823 11388.869471707721 0.4926937241516498 6759.574926863819
11357823 0.5741602071586966 0.4926937241516498 6759.574926863819
11363823 4679.923228028919 0.4926937241516498 6729.156839692932
11369823 14891.482015441043 0.4926937241516498 6729.156839692932
11375823 0.548443945009393 0.4926937241516498 6698.875633914315
11381823 0.5503750342182242 0.4926937241516498 6698.875633914315
11387823 12138.753132823815 0.4926937241516498 6698.875633914315
11393823 3987.783688185564 0.4926937241516498 6668.730693561701
11399823 119.94628744474721 0.4926937241516498 6668.730693561701
11405823 6679.584254147655 0.4926937241516498 6668.730693561701
11411823 13876.174341204975 0.4926937241516498 6638.721405440673
11417823 5151.414650900161 0.4926937241516498 6638.721405440673
11423823 12839.028063453345 0.4926937241516498 6608.847159116191
11429823 6227.4603192982195 0.4926937241516498 6608.847159116191
11435823 0.5233982469752773 0.4926937241516498 6608.847159116191
11441823 12374.95637043697 0.4926937241516498 6608.847159116191
11447823 15345.478615875449 0.4926937241516498 6608.847159116191
11453823 12765.261224695549 0.4926937241516498 6579.1073469001685
11459823 5372.756737844918 0.4926937241516498 6579.1073469001685
11465823 119.96047594583459 0.4926937241516498 6579.1073469001685
11471823 9903.984927751255 0.4926937241516498 6579.1073469001685
11477823 12127.868850962695 0.4926937241516498 6549.501363839118
11483823 10540.326573869013 0.4926937241516498 6549.501363839118
11489823 9208.252189759978 0.4926937241516498 6549.501363839118
11495823 8837.78009877248 0.4926937241516498 6520.028607701843
11501823 18178.245045698543 0.4926937241516498 6520.028607701843
11507823 4807.744869280112 0.4926937241516498 6490.688478967185
11513823 3253.387784830056 0.4926937241516498 6490.688478967185
11519823 14669.70073623372 0.4926937241516498 6490.688478967185
11525823 3248.674460153605 0.4926937241516498 6461.480380811833
11531823 0.5483492303744547 0.4926937241516498 6461.480380811833
11537823 2773.8550176549297 0.4926937241516498 6432.40371909818
11543823 7572.679604870585 0.4926937241516498 6432.40371909818
11549823 8972.076858360251 0.4926937241516498 6403.457902362238
11555823 0.5605404624835602 0.4926937241516498 6403.457902362238
11561823 2958.4233412770955 0.4926937241516498 6374.642341801608
11567823 3465.552234655389 0.4926937241516498 6374.642341801608
11573823 2773.863642613108 0.4926937241516498 6345.956451263502
11579823 13503.048892853289 0.4915309914012431 6345.956451263502
11585823 4107.672188672293 0.4915309914012431 6345.956451263502
11591823 12039.903720498774 0.4915309914012431 6317.399647232816
11597823 22067.254099404683 0.4915309914012431 6317.399647232816
11603823 7449.6203606844665 0.4915309914012431 6288.971348820269
11609823 0.5370424467638716 0.4915309914012431 6288.971348820269
11615823 8605.847511723623 0.4915309914012431 6288.971348820269
11621823 8741.003212535139 0.4915309914012431 6260.670977750578
11627823 0.5602976132829276 0.4915309914012431 6260.670977750578
11633823 3465.5240389244805 0.4915309914012431 6260.670977750578
11639823 13539.999454904373 0.4915309914012431 6232.4979583507
11645823 4679.9297283814585 0.4915309914012431 6232.4979583507
11651823 3465.5543578750858 0.4915309914012431 6232.4979583507
11657823 2773.889489524904 0.4915309914012431 6232.4979583507
11663823 6224.884925384933 0.4915309914012431 6232.4979583507
11669823 0.5083086194199998 0.4915309914012431 6204.4517175381225
11675823 0.5285658389191785 0.4915309914012431 6204.4517175381225
11681823 22267.38271007687 0.4915309914012431 6204.4517175381225
11687823 4017.2354902282755 0.4915309914012431 6176.531684809202
11693823 2958.4030663662443 0.4915309914012431 6176.531684809202
11699823 119.99013165259899 0.4915309914012431 6148.737292227561
11705823 5605.675532985627 0.4915309914012431 6148.737292227561
11711823 4107.666154500833 0.4816639604950916 6121.067974412537
11717823 6595.350734393992 0.4816639604950916 6121.067974412537
11723823 0.5573116399005948 0.4816639604950916 6093.523168527681
11729823 0.5338595838357983 0.4816639604950916 6093.523168527681
11735823 19219.55971772642 0.4816639604950916 6093.523168527681
11741823 2034.3735354400276 0.4816639604950916 6066.102314269307
11747823 3445.007439510691 0.4816639604950916 6066.102314269307
11753823 17220.98018415679 0.4816639604950916 6038.804853855095
11759823 14562.596580040472 0.4816639604950916 6038.804853855095
11765823 577.3262212085048 0.4816639604950916 6011.630232012747
11771823 5618.891704500764 0.4816639604950916 6011.630232012747
11777823 119.96704451289838 0.4816639604950916 6011.630232012747
11783823 22648.31537486474 0.4816639604950916 5984.5778959686895
11789823 9160.860185270598 0.4816639604950916 5984.5778959686895
11795823 14140.846866414207 0.4816639604950916 5957.647295436831
11801823 119.96040907938621 0.4816639604950916 5957.647295436831
11807823 8365.306819070738 0.4816639604950916 5957.647295436831
11813823 3559.3408867666285 0.4816639604950916 5957.647295436831
11819823 0.46687261488040444 0.45913400531991627 5930.837882607366
11825823 2864.5557050777675 0.45913400531991627 5930.837882607366
11831823 0.507559283410858 0.45913400531991627 5904.149112135633
11837823 94.35498700976844 0.45913400531991627 5904.149112135633
11843823 8417.842830551263 0.45913400531991627 5904.149112135633
11849823 0.5572448599160359 0.45913400531991627 5877.580441131023
11855823 5951.9328342914205 0.45913400531991627 5877.580441131023
11861823 4526.695528344724 0.45913400531991627 5877.580441131023
11867823 119.96849987312748 0.45913400531991627 5851.131329145934
11873823 0.5258609943519176 0.45913400531991627 5851.131329145934
11879823 10637.1197298623 0.45913400531991627 5851.131329145934
11885823 8686.402799926263 0.45913400531991627 5824.801238164778
11891823 2864.6012194524574 0.45913400531991627 5824.801238164778
11897823 94.39055735886802 0.45913400531991627 5824.801238164778
11903823 7355.786338607273 0.45913400531991627 5824.801238164778
11909823 94.36926128791262 0.45913400531991627 5798.589632593036
11915823 552.2169004052773 0.45913400531991627 5798.589632593036
11921823 5466.584652309787 0.45913400531991627 5798.589632593036
11927823 4107.660943224864 0.45913400531991627 5798.589632593036
11933823 11102.798159809852 0.45913400531991627 5772.495979246368
11939823 0.525006370550405 0.45913400531991627 5772.495979246368
11945823 94.34721492340037 0.45913400531991627 5746.519747339759
11951823 0.5634298426980069 0.45913400531991627 5746.519747339759
11957823 8696.456470876876 0.45913400531991627 5720.6604084767305
11963823 2773.9117121631925 0.45913400531991627 5720.6604084767305
11969823 0.5813227007149011 0.45913400531991627 5720.6604084767305
11975823 7637.824953875722 0.45913400531991627 5720.6604084767305
11981823 2864.616030222858 0.45913400531991627 5694.917436638585
11987823 8777.946486757322 0.45913400531991627 5694.917436638585
11993823 5151.411502941057 0.45913400531991627 5669.290308173711
11999823 0.5186743222798675 0.45913400531991627 5669.290308173711
12005823 3465.5008822449386 0.45913400531991627 5669.290308173711
12011823 94.38993021622937 0.45913400531991627 5669.290308173711
12017823 6238.873295371158 0.45913400531991627 5669.290308173711
12023823 6424.651035628226 0.45913400531991627 5643.77850178693
12029823 120.03376358612914 0.45913400531991627 5643.77850178693
12035823 5618.886735207567 0.45913400531991627 5643.77850178693
12041823 5151.395236495812 0.45913400531991627 5643.77850178693
12047823 11608.529555974806 0.45913400531991627 5618.381498528889
12053823 5488.1100928632895 0.45913400531991627 5618.381498528889
12059823 3559.364144080045 0.45913400531991627 5593.098781785509
12065823 0.5264892567496068 0.45913400531991627 5593.098781785509
12071823 5372.7456389663 0.45913400531991627 5593.098781785509
12077823 11012.64736435415 0.45913400531991627 5593.098781785509
12083823 3634.362491003892 0.45913400531991627 5593.098781785509
12089823 0.5087414697862541 0.45913400531991627 5567.929837267475
12095823 577.3241575029364 0.45913400531991627 5567.929837267475
12101823 17139.93684815079 0.45913400531991627 5567.929837267475
12107823 0.5251727615786238 0.45913400531991627 5542.8741529997715
12113823 5971.069701118993 0.45913400531991627 5542.8741529997715
12119823 5492.183949907529 0.45913400531991627 5542.8741529997715
12125823 119.97994731601106 0.45913400531991627 5517.931219311273
12131823 9735.992336026893 0.45913400531991627 5517.931219311273
12137823 3465.536884329978 0.45913400531991627 5517.931219311273
12143823 483.47759029002464 0.45913400531991627 5517.931219311273
12149823 5499.383924995232 0.45913400531991627 5493.100528824372
12155823 577.2703183126758 0.45913400531991627 5493.100528824372
12161823 7924.764030015528 0.45913400531991627 5468.381576444663
12167823 7445.170446789415 0.45913400531991627 5468.381576444663
12173823 4107.6632926846205 0.45913400531991627 5468.381576444663
12179823 94.3310287783494 0.45913400531991627 5443.773859350662
12185823 0.5340282286132656 0.45913400531991627 5443.773859350662
12191823 14429.657941530817 0.45913400531991627 5443.773859350662
12197823 2864.5763380927287 0.45913400531991627 5419.276876983584
12203823 3465.495444558185 0.45913400531991627 5419.276876983584
12209823 119.98629224453742 0.45913400531991627 5419.276876983584
12215823 5728.200063708166 0.45913400531991627 5419.276876983584
12221823 5151.435555981039 0.45913400531991627 5394.890131037158
12227823 8264.312941771255 0.45913400531991627 5394.890131037158
12233823 119.94853730799336 0.45913400531991627 5394.890131037158
12239823 5372.748380094269 0.45913400531991627 5394.890131037158
12245823 9138.640974870004 0.45913400531991627 5394.890131037158
12251823 5151.404186056808 0.45913400531991627 5394.890131037158
12257823 2864.6398763219045 0.45913400531991627 5370.613125447491
12263823 0.5550294171741075 0.45913400531991627 5370.613125447491
12269823 671.6858718178063 0.45913400531991627 5370.613125447491
12275823 0.5280827952216899 0.45913400531991627 5370.613125447491
12281823 0.5214117896354798 0.45913400531991627 5346.445366382978
12287823 11550.460441836192 0.45913400531991627 5346.445366382978
12293823 94.40647158618629 0.45913400531991627 5322.386362234255
12299823 5637.893565401063 0.45913400531991627 5322.386362234255
12305823 6617.635535030356 0.45913400531991627 5322.386362234255
12311823 3987.7524556714347 0.45913400531991627 5298.435623604201
12317823 7445.204436085156 0.45913400531991627 5298.435623604201
12323823 2864.5925814149614 0.45913400531991627 5274.592663297983
12329823 0.5144395247739697 0.45913400531991627 5274.592663297983
12335823 7351.341818658844 0.45913400531991627 5274.592663297983
12341823 0.5705814014400741 0.45913400531991627 5250.856996313142
12347823 5245.206752184516 0.45913400531991627 5250.856996313142
12353823 5151.40759939809 0.45913400531991627 5250.856996313142
12359823 11262.713241333002 0.45913400531991627 5227.228139829734
12365823 3654.896522460804 0.45913400531991627 5227.228139829734
12371823 3535.483840147253 0.45913400531991627 5227.228139829734
12377823 0.5512119957760689 0.45913400531991627 5227.228139829734
12383823 0.5113234847398024 0.45913400531991627 5227.228139829734
12389823 2773.8592881429963 0.45913400531991627 5203.7056132005
12395823 0.5191659238581556 0.45913400531991627 5203.7056132005
12401823 5151.392972253181 0.45913400531991627 5180.288937941098
12407823 3248.6363692720515 0.45913400531991627 5180.288937941098
12413823 2864.591210119556 0.45913400531991627 5156.977637720363
12419823 3368.097704914252 0.45913400531991627 5156.977637720363
12425823 0.5121275579016343 0.45913400531991627 5156.977637720363
12431823 2864.587852903867 0.45913400531991627 5133.771238350622
12437823 0.5107333123810349 0.45913400531991627 5133.771238350622
12443823 0.5326075243545402 0.45913400531991627 5110.669267778045
12449823 0.5341050795203585 0.45913400531991627 5110.669267778045
12455823 6022.000384289975 0.45913400531991627 5087.671256073044
12461823 2893.332470084671 0.45913400531991627 5087.671256073044
12467823 10124.779279249033 0.45913400531991627 5064.776735420715
12473823 120.01346017502465 0.45913400531991627 5064.776735420715
12479823 483.52667620996186 0.45913400531991627 5041.985240111322
12485823 0.5205756460138771 0.45913400531991627 5041.985240111322
12491823 8055.652641056069 0.45913400531991627 5041.985240111322
12497823 0.5503092507999708 0.45913400531991627 5019.296306530821
12503823 4107.723423423584 0.45913400531991627 5019.296306530821
12509823 3325.582188708417 0.45913400531991627 4996.709473151433
12515823 0.5524736299018143 0.45913400531991627 4996.709473151433
12521823 0.5518772592323112 0.45913400531991627 4996.709473151433
12527823 0.5394105887137979 0.45913400531991627 4996.709473151433
12533823 94.40542561468452 0.45913400531991627 4974.224280522251
12539823 2893.352363121466 0.45913400531991627 4974.224280522251
12545823 119.95720891969522 0.45913400531991627 4974.224280522251
12551823 0.5232451686961921 0.45913400531991627 4951.840271259902
12557823 483.5005745807607 0.45913400531991627 4951.840271259902
12563823 4107.691166640811 0.45913400531991627 4951.840271259902
12569823 9577.727142265636 0.45913400531991627 4951.840271259902
12575823 7543.970144112247 0.45913400531991627 4929.556990039233
12581823 0.5497854341947459 0.45913400531991627 4929.556990039233
12587823 8822.224686991993 0.45913400531991627 4907.373983584057
12593823 0.5496256356163912 0.45913400531991627 4907.373983584057
12599823 7453.240162382419 0.45913400531991627 4907.373983584057
12605823 0.5711111547385083 0.45913400531991627 4907.373983584057
12611823 0.5536809389990373 0.45913400531991627 4885.290800657929
12617823 3535.4909748131886 0.45913400531991627 4885.290800657929
12623823 9172.88906961268 0.45913400531991627 4863.306992054969
12629823 3987.743343183862 0.45913400531991627 4863.306992054969
12635823 3465.5120587181023 0.45913400531991627 4863.306992054969
12641823 213.82432339492357 0.45913400531991627 4841.422110590722
12647823 2864.5986707132756 0.45913400531991627 4841.422110590722
12653823 94.4148927549535 0.45913400531991627 4819.635711093064
12659823 3987.7481674536275 0.45913400531991627 4819.635711093064
12665823 0.5362913234582249 0.45913400531991627 4819.635711093064
12671823 0.5345651497368651 0.45913400531991627 4797.947350393146
12677823 3248.6278051510963 0.45913400531991627 4797.947350393146
12683823 483.46322954214077 0.45913400531991627 4797.947350393146
12689823 3248.6758804810756 0.45913400531991627 4776.356587316377
12695823 7475.2370672076695 0.45913400531991627 4776.356587316377
12701823 4679.886759031622 0.45913400531991627 4754.862982673453
12707823 0.5215970897991156 0.45913400531991627 4754.862982673453
12713823 3987.7700889967678 0.45913400531991627 4733.466099251423
12719823 8094.909869368292 0.45913400531991627 4733.466099251423
12725823 3535.512934222597 0.45913400531991627 4712.165501804791
12731823 0.5098937661217037 0.45913400531991627 4712.165501804791
12737823 0.5220401721498832 0.45913400531991627 4712.165501804791
12743823 0.5160637426448593 0.45913400531991627 4690.96075704667
12749823 3202.1034103448565 0.45913400531991627 4690.96075704667
12755823 0.5137964874765673 0.45913400531991627 4669.85143363996
12761823 0.5175885977238329 0.45913400531991627 4669.85143363996
12767823 7355.763530957805 0.45913400531991627 4669.85143363996
12773823 0.49319411135478136 0.45913400531991627 4648.8371021885805
12779823 3535.4904756423753 0.45913400531991627 4648.8371021885805
12785823 94.39771694378733 0.45913400531991627 4648.8371021885805
12791823 7189.806261913129 0.45913400531991627 4648.8371021885805
12797823 2864.6054525665863 0.45913400531991627 4627.917335228733
12803823 2034.3601051030253 0.45913400531991627 4627.917335228733
12809823 119.99871186016152 0.45913400531991627 4627.917335228733
12815823 0.5580153564486285 0.45913400531991627 4607.091707220204
12821823 119.99924180199423 0.45913400531991627 4607.091707220204
12827823 3248.653886040896 0.45913400531991627 4586.359794537713
12833823 119.96004918015339 0.45913400531991627 4586.359794537713
12839823 2864.6276485758453 0.45913400531991627 4586.359794537713
12845823 2034.390786632569 0.45913400531991627 4565.721175462294
12851823 2773.9061305916707 0.45913400531991627 4565.721175462294
12857823 4017.2542420475247 0.45913400531991627 4565.721175462294
12863823 0.5526713322982675 0.45913400531991627 4545.175430172714
12869823 119.97356578806622 0.45913400531991627 4545.175430172714
12875823 2611.183713059995 0.45913400531991627 4545.175430172714
12881823 4107.6837407150015 0.45913400531991627 4524.722140736937
12887823 3535.51585016697 0.45913400531991627 4524.722140736937
12893823 2864.612346782669 0.45913400531991627 4524.722140736937
12899823 3253.3803018862254 0.45913400531991627 4504.360891103621
12905823 4107.651038675779 0.45913400531991627 4504.360891103621
12911823 3987.788502999722 0.45913400531991627 4504.360891103621
12917823 4107.671593405272 0.45913400531991627 4484.091267093655
12923823 0.5463180249873263 0.45913400531991627 4484.091267093655
12929823 3535.4870369633613 0.45913400531991627 4484.091267093655
12935823 552.2071965578762 0.45913400531991627 4463.912856391734
12941823 119.96611231136873 0.45913400531991627 4463.912856391734
12947823 4107.681902221465 0.45913400531991627 4463.912856391734
12953823 0.5450943102070273 0.45913400531991627 4443.825248537972
12959823 3987.7877617489494 0.45913400531991627 4443.825248537972
12965823 2864.619456376931 0.45913400531991627 4443.825248537972
12971823 2864.57930686737 0.45913400531991627 4423.828034919551
12977823 0.5017787884050195 0.45913400531991627 4423.828034919551
12983823 4107.669082572871 0.45913400531991627 4403.920808762414
12989823 4773.7133721749715 0.45913400531991627 4403.920808762414
12995823 2864.594680096038 0.45913400531991627 4384.103165122983
13001823 0.5407220066692339 0.45913400531991627 4384.103165122983
13007823 7351.4028138694675 0.45913400531991627 4384.103165122983
13013823 3253.354730589979 0.45913400531991627 4364.37470087993
13019823 6880.568173046265 0.45913400531991627 4364.37470087993
13025823 2864.6373661017533 0.45913400531991627 4344.73501472597
13031823 3584.9917839481654 0.45913400531991627 4344.73501472597
13037823 7452.766095487549 0.45913400531991627 4344.73501472597
13043823 3248.6234648452273 0.45913400531991627 4325.183707159704
13049823 94.34903565487302 0.45913400531991627 4325.183707159704
13055823 3176.5178722294418 0.45913400531991627 4325.183707159704
13061823 0.5138368700452812 0.45913400531991627 4305.720380477485
13067823 119.98442500095709 0.45913400531991627 4305.720380477485
13073823 0.5180785586464718 0.45913400531991627 4286.344638765337
13079823 7572.682064292416 0.45913400531991627 4286.344638765337
13085823 2773.88799691205 0.45913400531991627 4267.056087890893
13091823 0.5489717678767263 0.45913400531991627 4267.056087890893
13097823 119.97054599046426 0.45913400531991627 4247.854335495384
13103823 3654.9194371002104 0.45913400531991627 4247.854335495384
13109823 0.551249250699728 0.45913400531991627 4247.854335495384
13115823 213.80653872411156 0.45913400531991627 4228.738990985655
13121823 0.5813698848393768 0.45913400531991627 4228.738990985655
13127823 94.34169721282233 0.45913400531991627 4209.709665526219
13133823 0.5483655718735463 0.45913400531991627 4209.709665526219
13139823 4807.752008557178 0.45913400531991627 4209.709665526219
13145823 0.5425146275867303 0.45913400531991627 4190.765972031351
13151823 0.5291016846501313 0.45913400531991627 4190.765972031351
13157823 4107.681306735089 0.45913400531991627 4171.90752515721
13163823 213.80858126026135 0.45913400531991627 4171.90752515721
13169823 119.95647799545698 0.45913400531991627 4171.90752515721
13175823 94.36734081229147 0.45913400531991627 4171.90752515721
13181823 4018.4780591990425 0.45913400531991627 4153.133941294003
13187823 7642.631137098632 0.45913400531991627 4153.133941294003
13193823 3535.529846260715 0.45913400531991627 4134.444838558181
13199823 0.5521345054187458 0.45913400531991627 4134.444838558181
13205823 94.37497563199219 0.45913400531991627 4115.839836784669
13211823 0.5636136268759868 0.45913400531991627 4115.839836784669
13217823 3465.5333734548262 0.45913400531991627 4115.839836784669
13223823 3082.6712228784945 0.45913400531991627 4097.318557519138
13229823 2773.900003359625 0.45913400531991627 4097.318557519138
13235823 3350.7121439653247 0.45913400531991627 4078.880624010302
13241823 0.5749565625423588 0.45913400531991627 4078.880624010302
13247823 0.5625345161943026 0.45913400531991627 4078.880624010302
13253823 7000.495951107221 0.45913400531991627 4078.880624010302
13259823 0.5576129438332984 0.45913400531991627 4060.525661202256
13265823 0.5598999511726515 0.45913400531991627 4060.525661202256
13271823 7355.761356813108 0.45913400531991627 4060.525661202256
13277823 0.5396812865422638 0.45913400531991627 4042.253295726846
13283823 94.37214480015984 0.45913400531991627 4042.253295726846
13289823 9102.961600276298 0.45913400531991627 4042.253295726846
13295823 0.4944740037348373 0.45913400531991627 4024.0631558960754
13301823 119.9645302179933 0.45913400531991627 4024.0631558960754
13307823 2773.9029570689695 0.45913400531991627 4024.0631558960754
13313823 120.00113961894377 0.45913400531991627 4005.9548716945433
13319823 213.84097693842276 0.45913400531991627 4005.9548716945433
13325823 2773.856503375142 0.45913400531991627 3987.928074771918
13331823 2773.8816226396116 0.45913400531991627 3987.928074771918
13337823 0.5518823625928874 0.45913400531991627 3987.928074771918
13343823 2867.687891241674 0.45913400531991627 3969.982398435445
13349823 0.5313073729130952 0.45913400531991627 3969.982398435445
13355823 3082.672525623991 0.45913400531991627 3952.1174776424855
13361823 3465.517961212762 0.45913400531991627 3952.1174776424855
13367823 0.5333218189087294 0.45913400531991627 3934.3329489930943
13373823 2773.8533954997442 0.45913400531991627 3934.3329489930943
13379823 2034.3655071118787 0.45913400531991627 3934.3329489930943
13385823 0.5410117466347509 0.45913400531991627 3916.6284507226255
13391823 94.34291327577054 0.45913400531991627 3916.6284507226255
13397823 0.5381348504968537 0.45913400531991627 3916.6284507226255
13403823 2773.880575542874 0.45913400531991627 3899.003622694374
13409823 94.36890715789349 0.45913400531991627 3899.003622694374
13415823 119.98158489961405 0.45913400531991627 3899.003622694374
13421823 0.5363284456764615 0.45913400531991627 3899.003622694374
13427823 552.2153941231011 0.45913400531991627 3881.4581063922496
13433823 0.5324183799666187 0.45913400531991627 3881.4581063922496
13439823 3368.0745961210614 0.45913400531991627 3881.4581063922496
13445823 0.5212850937726843 0.45913400531991627 3881.4581063922496
13451823 671.6432420199152 0.45913400531991627 3863.9915449134846
13457823 0.5477631403699914 0.45913400531991627 3863.9915449134846
13463823 0.5656077307129881 0.45913400531991627 3863.9915449134846
13469823 0.5437882034809035 0.45913400531991627 3846.6035829613743
13475823 4898.467589085279 0.45913400531991627 3846.6035829613743
13481823 119.96733054142493 0.45913400531991627 3829.2938668380484
13487823 552.2383260300815 0.45913400531991627 3829.2938668380484
13493823 0.4896825339552924 0.45913400531991627 3829.2938668380484
13499823 0.5525631918678044 0.45913400531991627 3812.0620444372776
13505823 2958.4703799743143 0.45913400531991627 3812.0620444372776
13511823 119.98019456861131 0.45913400531991627 3794.90776523731
13517823 6721.824787763145 0.45913400531991627 3794.90776523731
13523823 3535.5156074187566 0.45913400531991627 3777.8306802937423
13529823 0.5890165429064107 0.45913400531991627 3777.8306802937423
13535823 0.5716242040721227 0.45913400531991627 3777.8306802937423
13541823 552.2311030624612 0.45913400531991627 3760.8304422324204
13547823 2773.8631758612064 0.45913400531991627 3760.8304422324204
13553823 0.5660079037484892 0.45913400531991627 3743.9067052423748
13559823 0.5611854892067288 0.45913400531991627 3743.9067052423748
13565823 3256.840616186523 0.45913400531991627 3727.0591250687844
13571823 0.5634915861601765 0.45913400531991627 3727.0591250687844
13577823 0.5495595604160015 0.45913400531991627 3727.0591250687844
13583823 0.5508334391717918 0.45913400531991627 3727.0591250687844
13589823 0.6000535871346372 0.45913400531991627 3710.287359005975
13595823 2773.8979082419078 0.45913400531991627 3710.287359005975
13601823 119.96324766987985 0.45913400531991627 3693.591065890448
13607823 0.5181820900057623 0.45913400531991627 3693.591065890448
13613823 0.5367931967951631 0.45913400531991627 3693.591065890448
13619823 6617.636163013268 0.45913400531991627 3693.591065890448
13625823 5946.740080849164 0.45913400531991627 3676.9699060939415
13631823 0.5021054224032249 0.45913400531991627 3676.9699060939415
13637823 5703.088053883734 0.45913400531991627 3676.9699060939415
13643823 0.5278392321267495 0.45913400531991627 3660.423541516519
13649823 671.6980529091336 0.45913400531991627 3660.423541516519
13655823 0.5685131092011202 0.45913400531991627 3643.951635579695
13661823 2864.6269009020075 0.45913400531991627 3643.951635579695
13667823 6713.621296923583 0.45913400531991627 3643.951635579695
13673823 3535.519446552887 0.45913400531991627 3627.5538532195865
13679823 3535.4987944712525 0.45913400531991627 3627.5538532195865
13685823 0.5666707458115351 0.45913400531991627 3627.5538532195865
13691823 0.5698758173878258 0.45913400531991627 3611.2298608800984
13697823 0.5603285829501127 0.45913400531991627 3611.2298608800984
13703823 0.5145793303308488 0.45913400531991627 3611.2298608800984
13709823 0.5158229674704043 0.45913400531991627 3611.2298608800984
13715823 2034.4196373400982 0.45913400531991627 3594.979326506138
13721823 0.5614665386933919 0.45913400531991627 3594.979326506138
13727823 0.5413354133679427 0.45913400531991627 3594.979326506138
13733823 2864.602811547393 0.45913400531991627 3578.8019195368606
13739823 3368.119668482025 0.45913400531991627 3578.8019195368606
13745823 0.5533960326520082 0.45913400531991627 3578.8019195368606
13751823 3368.0796194094687 0.45913400531991627 3562.697310898945
13757823 0.5268207030476879 0.45913400531991627 3562.697310898945
13763823 2864.573735216013 0.45913400531991627 3562.697310898945
13769823 0.5615957140690232 0.45913400531991627 3546.6651729999
13775823 0.5303204155751656 0.45913400531991627 3546.6651729999
13781823 2893.33495566963 0.45913400531991627 3546.6651729999
13787823 0.5332466364691563 0.45913400531991627 3530.7051797214003
13793823 5975.444156991732 0.45913400531991627 3530.7051797214003
13799823 0.5446291892293569 0.45913400531991627 3514.8170064126543
13805823 4107.695136210462 0.45913400531991627 3514.8170064126543
13811823 94.36291908990809 0.45913400531991627 3514.8170064126543
13817823 0.5288875506474866 0.45913400531991627 3499.0003298837973
13823823 3465.5476884094146 0.45913400531991627 3499.0003298837973
13829823 94.34950889129259 0.45913400531991627 3483.2548283993206
13835823 119.98606202903792 0.45913400531991627 3483.2548283993206
13841823 0.5504225881678223 0.45913400531991627 3483.2548283993206
13847823 0.5410953150038462 0.45913400531991627 3467.580181671524
13853823 3736.3488482745415 0.45913400531991627 3467.580181671524
13859823 119.99895543290995 0.45913400531991627 3451.976070854002
13865823 2773.893301047437 0.45913400531991627 3451.976070854002
13871823 0.5540406320941994 0.45913400531991627 3451.976070854002
13877823 0.5691682467018546 0.45913400531991627 3451.976070854002
13883823 0.5424775014240867 0.45913400531991627 3451.976070854002
13889823 0.5094694003078821 0.45913400531991627 3436.442178535159
13895823 0.5224142390272203 0.45913400531991627 3436.442178535159
13901823 0.5117358830633747 0.45913400531991627 3420.9781887317513
13907823 3253.391442854252 0.45913400531991627 3420.9781887317513
13913823 94.37041635380757 0.45913400531991627 3405.5837868824588
13919823 2773.899216620223 0.45913400531991627 3405.5837868824588
13925823 0.563151108512852 0.45913400531991627 3405.5837868824588
13931823 2773.8889455364624 0.45913400531991627 3390.2586598414878
13937823 2864.590181419749 0.45913400531991627 3390.2586598414878
13943823 119.98486535313666 0.45913400531991627 3375.002495872201
13949823 3347.572796073768 0.45913400531991627 3375.002495872201
13955823 552.2151511615394 0.45913400531991627 3359.8149846407764
13961823 2773.874502996784 0.45913400531991627 3359.8149846407764
13967823 577.3193665356602 0.45913400531991627 3344.695817209893
13973823 552.2295290172823 0.45913400531991627 3344.695817209893
13979823 552.2679495612106 0.45913400531991627 3344.695817209893
13985823 0.5630150980230278 0.45913400531991627 3344.695817209893
13991823 0.5519795962725245 0.45913400531991627 3344.695817209893
13997823 3082.696879140448 0.45913400531991627 3329.6446860324486
14003823 0.545890470837238 0.45913400531991627 3329.6446860324486
14009823 120.02503087068179 0.45913400531991627 3329.6446860324486
14015823 646.0864440398102 0.45913400531991627 3314.6612849453027
14021823 0.5524452167479411 0.45913400531991627 3314.6612849453027
14027823 119.98178253807606 0.45913400531991627 3299.745309163049
14033823 0.5555047175923623 0.45913400531991627 3299.745309163049
14039823 2864.6262681292014 0.45913400531991627 3284.8964552718157
14045823 0.5470636125287367 0.45913400531991627 3284.8964552718157
14051823 119.97349571024156 0.45913400531991627 3284.8964552718157
14057823 94.39433524660434 0.45913400531991627 3284.8964552718157
14063823 0.5320791850370707 0.45913400531991627 3284.8964552718157
14069823 0.5650772093286492 0.45913400531991627 3270.114421223093
14075823 3248.6461303903584 0.45913400531991627 3270.114421223093
14081823 552.2150944097781 0.45913400531991627 3270.114421223093
14087823 0.5685035314642615 0.45913400531991627 3270.114421223093
14093823 119.99140697850311 0.45913400531991627 3270.114421223093
14099823 0.5913846789208737 0.45913400531991627 3255.398906327589
14105823 0.5704699106382456 0.45913400531991627 3255.398906327589
14111823 0.5710688433847753 0.45913400531991627 3240.749611249115
14117823 2034.3759137193197 0.45913400531991627 3240.749611249115
14123823 2864.6140159737784 0.45913400531991627 3226.166237998494
14129823 119.98558783739142 0.45913400531991627 3226.166237998494
14135823 119.9736407183163 0.45913400531991627 3211.648489927501
14141823 0.518480112891555 0.45913400531991627 3211.648489927501
14147823 2864.5969728018626 0.45913400531991627 3197.1960717228276
14153823 0.5311483014089577 0.45913400531991627 3197.1960717228276
14159823 0.5158300576389546 0.45913400531991627 3197.1960717228276
14165823 0.5274880281989592 0.45913400531991627 3197.1960717228276
14171823 2773.8887158011808 0.45913400531991627 3197.1960717228276
14177823 94.37336676179306 0.45913400531991627 3182.808689400075
14183823 0.5495179898463955 0.45913400531991627 3182.808689400075
14189823 0.572463923308187 0.45913400531991627 3182.808689400075
14195823 0.5671179402355675 0.45913400531991627 3182.808689400075
14201823 3176.536838301294 0.45913400531991627 3168.4860502977745
14207823 0.5698907983382541 0.45913400531991627 3168.4860502977745
14213823 0.5222678775195474 0.45913400531991627 3168.4860502977745
14219823 0.52949358351764 0.45913400531991627 3168.4860502977745
14225823 2864.587392708361 0.45913400531991627 3154.2278630714345
14231823 0.5641833766306609 0.45913400531991627 3154.2278630714345
14237823 0.5543621468096074 0.45913400531991627 3140.0338376876134
14243823 94.37151119347034 0.45913400531991627 3140.0338376876134
14249823 0.5220843484223339 0.45913400531991627 3125.9036854180194
14255823 3082.6625104395835 0.45913400531991627 3125.9036854180194
14261823 2984.057584851922 0.45913400531991627 3111.8371188336387
14267823 0.5817404740303838 0.45913400531991627 3111.8371188336387
14273823 0.5269156737284681 0.45913400531991627 3097.8338517988873
14279823 0.5523375220593122 0.45913400531991627 3097.8338517988873
14285823 2864.5858586442405 0.45913400531991627 3083.8935994657922
14291823 0.5052442819495204 0.45913400531991627 3083.8935994657922
14297823 2864.6167295179594 0.45913400531991627 3083.8935994657922
14303823 94.33673140419032 0.45913400531991627 3070.0160782681965
14309823 94.35481867703731 0.45913400531991627 3070.0160782681965
14315823 2034.3764884755496 0.45913400531991627 3056.2010059159898
14321823 2773.9127579487695 0.45913400531991627 3056.2010059159898
14327823 483.48925089463756 0.45913400531991627 3042.448101389368
14333823 0.49768375189524966 0.45913400531991627 3042.448101389368
14339823 119.98160682104009 0.45913400531991627 3028.757084933116
14345823 552.2138044939035 0.45913400531991627 3028.757084933116
14351823 0.5579964352306815 0.45913400531991627 3028.757084933116
14357823 483.50552765469985 0.45913400531991627 3028.757084933116
14363823 0.5128987762751708 0.45913400531991627 3015.127678050917
14369823 0.5005722515661412 0.45913400531991627 3015.127678050917
14375823 0.5085643170390534 0.45913400531991627 3015.127678050917
14381823 119.97352554958536 0.45913400531991627 3015.127678050917
14387823 0.5452692347600229 0.45913400531991627 3001.559603499688
14393823 0.5895611109326157 0.45913400531991627 3001.559603499688
14399823 0.5322853689306739 0.45913400531991627 3001.559603499688
14405823 552.2025752167764 0.45913400531991627 3001.559603499688
14411823 119.96776701013762 0.45913400531991627 2988.0525852839396
14417823 94.34859681450227 0.45913400531991627 2988.0525852839396
14423823 0.5508511176625447 0.45913400531991627 2974.606348650162
14429823 0.5298223815287596 0.45913400531991627 2974.606348650162
14435823 0.5912269761910185 0.45913400531991627 2974.606348650162
14441823 0.5201136297708919 0.45913400531991627 2961.2206200812366
14447823 0.5281277991024845 0.45913400531991627 2961.2206200812366
14453823 0.5435868252620113 0.45913400531991627 2961.2206200812366
14459823 2864.598956244159 0.45913400531991627 2947.895127290871
14465823 0.5695047127827201 0.45913400531991627 2947.895127290871
14471823 119.98338215211389 0.45913400531991627 2934.6295992180626
14477823 0.5583938450158376 0.45913400531991627 2934.6295992180626
14483823 2893.319651611686 0.45913400531991627 2921.4237660215813
14489823 0.5426778796231352 0.45913400531991627 2921.4237660215813
14495823 2128.211127760174 0.45913400531991627 2921.4237660215813
14501823 0.5391221946327744 0.45913400531991627 2908.277359074484
14507823 0.5369840167335838 0.45913400531991627 2908.277359074484
14513823 0.5692858905631187 0.45913400531991627 2908.277359074484
14519823 3416.331451510724 0.45913400531991627 2895.1901109586493
14525823 0.551861367742091 0.45913400531991627 2895.1901109586493
14531823 0.5306523599423686 0.45913400531991627 2882.1617554593354
14537823 94.37847764196604 0.45913400531991627 2882.1617554593354
14543823 0.5452397864214449 0.45913400531991627 2869.1920275597686
14549823 0.5339664290938134 0.45913400531991627 2869.1920275597686
14555823 0.5380102764122291 0.45913400531991627 2869.1920275597686
14561823 2864.6144658113526 0.45913400531991627 2856.28066343575
14567823 0.5521967771307458 0.45913400531991627 2856.28066343575
14573823 0.5614995033904895 0.45913400531991627 2856.28066343575
14579823 0.5449160272162642 0.45913400531991627 2843.427400450289
14585823 2773.8447629702487 0.45913400531991627 2843.427400450289
14591823 119.99078203587612 0.45913400531991627 2830.631977148263
14597823 94.35710212499795 0.45913400531991627 2830.631977148263
14603823 0.5277595920233049 0.45913400531991627 2817.8941332510963
14609823 94.3731930961634 0.45913400531991627 2817.8941332510963
14615823 0.5545580113255587 0.45913400531991627 2805.2136096514664
14621823 0.5773762670209733 0.45913400531991627 2805.2136096514664
14627823 2773.85711398723 0.45913400531991627 2805.2136096514664
14633823 0.5485870706775161 0.45913400531991627 2792.590148408035
14639823 2034.3927617477348 0.45913400531991627 2792.590148408035
14645823 0.5575664287484934 0.45913400531991627 2792.590148408035
14651823 94.37272649628316 0.45913400531991627 2780.023492740199
14657823 0.5396706327131457 0.45913400531991627 2780.023492740199
14663823 0.541863876479708 0.45913400531991627 2780.023492740199
14669823 0.5352958669639388 0.45913400531991627 2767.5133870228683
14675823 0.5356459933353964 0.45913400531991627 2767.5133870228683
14681823 2773.8813403289687 0.45913400531991627 2755.0595767812656
14687823 0.5496321779275621 0.45913400531991627 2755.0595767812656
14693823 483.4991735982307 0.45913400531991627 2755.0595767812656
14699823 0.5330158445508931 0.45913400531991627 2755.0595767812656
14705823 0.5223017440749431 0.45913400531991627 2755.0595767812656
14711823 0.540572091774933 0.45913400531991627 2742.66180868575
14717823 0.5525229282564693 0.45913400531991627 2742.66180868575
14723823 0.5476122247966752 0.45913400531991627 2730.3198305466644
14729823 483.4902784665237 0.45913400531991627 2730.3198305466644
14735823 94.40959436148522 0.45913400531991627 2730.3198305466644
14741823 119.97874663605272 0.45913400531991627 2718.0333913092045
14747823 0.550379794188169 0.45913400531991627 2718.0333913092045
14753823 94.34614183151824 0.45913400531991627 2718.0333913092045
14759823 0.5332851746380386 0.45913400531991627 2718.0333913092045
14765823 94.36253252466042 0.45913400531991627 2705.802241048313
14771823 0.5230950611398025 0.45913400531991627 2705.802241048313
14777823 483.4724438924977 0.45913400531991627 2705.802241048313
14783823 0.5223790298200567 0.45913400531991627 2693.6261309635956
14789823 94.37276739874446 0.45913400531991627 2693.6261309635956
14795823 0.550007654237652 0.45913400531991627 2693.6261309635956
14801823 0.5055400162990162 0.45913400531991627 2693.6261309635956
14807823 119.9536490150693 0.45913400531991627 2681.50481337426
14813823 2034.3719420871062 0.45913400531991627 2681.50481337426
14819823 0.5279557934014004 0.45913400531991627 2681.50481337426
14825823 2679.897744850038 0.45913400531991627 2669.438041714076
14831823 0.5419249432133353 0.45913400531991627 2669.438041714076
14837823 0.5573099895635383 0.45913400531991627 2669.438041714076
14843823 2034.3757456919748 0.45913400531991627 2657.4255705263627
14849823 0.520066986329283 0.45913400531991627 2657.4255705263627
14855823 0.5552277937258325 0.45913400531991627 2657.4255705263627
14861823 94.36353687489733 0.45913400531991627 2657.4255705263627
14867823 119.95842789540922 0.45913400531991627 2645.467155458994
14873823 602.8871773132739 0.45913400531991627 2645.467155458994
14879823 0.5110275979291534 0.45913400531991627 2633.5625532594286
14885823 0.5513055099915277 0.45913400531991627 2633.5625532594286
14891823 0.5448993662383862 0.45913400531991627 2633.5625532594286
14897823 0.5720348743127806 0.45913400531991627 2621.7115217697615
14903823 94.36292395918748 0.45913400531991627 2621.7115217697615
14909823 2034.3893482907843 0.45913400531991627 2609.9138199217978
14915823 483.45299219697023 0.45913400531991627 2609.9138199217978
14921823 0.518854001526011 0.45913400531991627 2598.16920773215
14927823 0.522866257336682 0.45913400531991627 2598.16920773215
14933823 94.40059008508454 0.45913400531991627 2598.16920773215
14939823 0.5700278214229877 0.45913400531991627 2586.4774462973555
14945823 0.5422441826688573 0.45913400531991627 2586.4774462973555
14951823 0.5308793785534016 0.45913400531991627 2574.8382977890174
14957823 483.4934609501615 0.45913400531991627 2574.8382977890174
14963823 0.5488811022501179 0.45913400531991627 2574.8382977890174
14969823 0.47832469309715875 0.45913400531991627 2574.8382977890174
14975823 0.5256474883424926 0.45913400531991627 2563.2515254489667
14981823 94.38365968534968 0.45913400531991627 2563.2515254489667
14987823 0.5281708868802046 0.45913400531991627 2551.7168935844466
14993823 0.5065471612155749 0.45913400531991627 2551.7168935844466
14999823 0.5452100743744184 0.45913400531991627 2551.7168935844466
15005823 0.5153049469310748 0.45913400531991627 2551.7168935844466
15011823 0.5470281336122811 0.45913400531991627 2551.7168935844466
15017823 94.3290858298726 0.45913400531991627 2540.2341675633165
15023823 94.40981193716685 0.45913400531991627 2540.2341675633165
15029823 0.5388506765476657 0.45913400531991627 2540.2341675633165
15035823 0.5289379448462299 0.45913400531991627 2528.8031138092815
15041823 0.5050813195657123 0.45913400531991627 2528.8031138092815
15047823 0.5050043471885339 0.45913400531991627 2528.8031138092815
15053823 0.5467223756712373 0.45913400531991627 2517.42349979714
15059823 0.5676965691038889 0.45913400531991627 2517.42349979714
15065823 0.5525793451281341 0.45913400531991627 2517.42349979714
15071823 0.5363453737712961 0.45913400531991627 2517.42349979714
15077823 0.521617083697099 0.45913400531991627 2506.095094048053
15083823 0.5409376821275812 0.45913400531991627 2506.095094048053
15089823 94.39492823730625 0.45913400531991627 2506.095094048053
15095823 0.5260665186296434 0.45913400531991627 2494.8176661248367
15101823 0.5618671133156257 0.45913400531991627 2494.8176661248367
15107823 0.5256669652790937 0.45913400531991627 2494.8176661248367
15113823 0.5172061121867109 0.45913400531991627 2483.590986627275
15119823 0.5490140231629035 0.45913400531991627 2483.590986627275
15125823 94.37638919601861 0.45913400531991627 2483.590986627275
15131823 0.5306193112787584 0.45913400531991627 2472.4148271874524
15137823 94.3747371207964 0.45913400531991627 2472.4148271874524
15143823 0.5285740468569282 0.45913400531991627 2461.288960465109
15149823 0.5537557650147117 0.45913400531991627 2461.288960465109
15155823 0.5779326620726465 0.45913400531991627 2450.213160143016
15161823 94.3860856777055 0.45913400531991627 2450.213160143016
15167823 0.5107207440678558 0.45913400531991627 2450.213160143016
15173823 94.37676893829337 0.45913400531991627 2450.213160143016
15179823 0.5648472657073 0.45913400531991627 2439.1872009223725
15185823 0.5580405196642504 0.45913400531991627 2439.1872009223725
15191823 0.5350801598610156 0.45913400531991627 2428.210858518222
15197823 577.3388116102633 0.45913400531991627 2428.210858518222
15203823 2034.3835056150951 0.45913400531991627 2417.28390965489
15209823 0.5469430775388139 0.45913400531991627 2417.28390965489
15215823 0.5628186208544244 0.45913400531991627 2417.28390965489
15221823 0.5451817751450515 0.45913400531991627 2417.28390965489
15227823 0.523216742339048 0.45913400531991627 2417.28390965489
15233823 0.544032536303417 0.45913400531991627 2417.28390965489
15239823 0.5294197107453621 0.45913400531991627 2406.4061320614433
15245823 0.5468810155739884 0.45913400531991627 2406.4061320614433
15251823 0.5574163152692679 0.45913400531991627 2395.577304467167
15257823 0.5434248678400103 0.45913400531991627 2395.577304467167
15263823 0.49552739876875707 0.45913400531991627 2395.577304467167
15269823 0.5183077467062461 0.45913400531991627 2384.797206597065
15275823 0.5395903963142945 0.45913400531991627 2384.797206597065
15281823 0.5377083308062286 0.45913400531991627 2374.0656191673784
15287823 119.94681496771842 0.45913400531991627 2374.0656191673784
15293823 0.5103408388798941 0.45913400531991627 2363.382323881125
15299823 2034.4040004722988 0.45913400531991627 2363.382323881125
15305823 0.5468231087556769 0.45913400531991627 2352.74710342366
15311823 0.5487519404247232 0.45913400531991627 2352.74710342366
15317823 120.00198007715277 0.45913400531991627 2352.74710342366
15323823 0.5344149508356952 0.45913400531991627 2342.159741458254
15329823 552.2499545854423 0.45913400531991627 2342.159741458254
15335823 120.00763429156835 0.45913400531991627 2342.159741458254
15341823 0.5536529816690485 0.45913400531991627 2342.159741458254
15347823 94.36632384866996 0.45913400531991627 2342.159741458254
15353823 0.537904875658268 0.45913400531991627 2331.620022621692
15359823 0.531202613216351 0.45913400531991627 2331.620022621692
15365823 671.6749331743084 0.45913400531991627 2331.620022621692
15371823 119.99738987653593 0.45913400531991627 2321.1277325198944
15377823 483.4649863942884 0.45913400531991627 2321.1277325198944
15383823 0.5715850084873233 0.45913400531991627 2310.682657723555
15389823 0.4774057760471346 0.45913400531991627 2310.682657723555
15395823 0.5139522769391913 0.45913400531991627 2310.682657723555
15401823 0.5146372975262521 0.45913400531991627 2300.2845857637994
15407823 0.5343542322564286 0.45913400531991627 2300.2845857637994
15413823 0.5359969578448075 0.45913400531991627 2300.2845857637994
15419823 0.5522182357647943 0.45913400531991627 2300.2845857637994
15425823 0.5679558930433446 0.45913400531991627 2300.2845857637994
15431823 0.5521995914427064 0.45913400531991627 2289.9333051278622
15437823 0.5015934208679748 0.45913400531991627 2289.9333051278622
15443823 119.97060866721891 0.45913400531991627 2279.628605254787
15449823 119.97025045032882 0.45913400531991627 2279.628605254787
15455823 0.5480847185413986 0.45913400531991627 2279.628605254787
15461823 0.5350653112229479 0.45913400531991627 2269.3702765311405
15467823 119.99787299461924 0.45913400531991627 2269.3702765311405
15473823 119.999744971353 0.45913400531991627 2259.1581102867503
15479823 0.5641293828466892 0.45913400531991627 2259.1581102867503
15485823 0.534284533552196 0.45913400531991627 2248.9918987904603
15491823 0.5030948190260548 0.45913400531991627 2248.9918987904603
15497823 0.5133880153600752 0.45913400531991627 2238.8714352459033
15503823 0.580647639842151 0.45913400531991627 2238.8714352459033
15509823 0.52743708161381 0.45913400531991627 2228.796513787297
15515823 213.77653448670245 0.45913400531991627 2228.796513787297
15521823 119.9589532018348 0.45913400531991627 2218.7669294752545
15527823 0.5202396068397872 0.45913400531991627 2218.7669294752545
15533823 120.01277687958279 0.45913400531991627 2208.782478292616
15539823 0.521416519760848 0.45913400531991627 2208.782478292616
15545823 0.5419770935905158 0.45913400531991627 2208.782478292616
15551823 0.5287065380616024 0.45913400531991627 2208.782478292616
15557823 0.5588065553194926 0.45913400531991627 2198.8429571402994
15563823 0.5161102643589462 0.45913400531991627 2198.8429571402994
15569823 0.5377748185490677 0.45913400531991627 2198.8429571402994
15575823 0.529279515764951 0.45913400531991627 2198.8429571402994
15581823 94.38331664861556 0.45913400531991627 2188.948163833168
15587823 94.34600263829732 0.45913400531991627 2188.948163833168
15593823 646.05739885039 0.45913400531991627 2188.948163833168
15599823 0.5489621012974076 0.45913400531991627 2179.097897095919
15605823 94.36578432966378 0.45913400531991627 2179.097897095919
15611823 0.5407788036985204 0.45913400531991627 2169.2919565589877
15617823 119.95571792520929 0.45913400531991627 2169.2919565589877
15623823 0.5518542328433901 0.45913400531991627 2169.2919565589877
15629823 0.5579211613336281 0.45913400531991627 2159.5301427544723
15635823 552.2195591009793 0.45913400531991627 2159.5301427544723
15641823 213.81869140332492 0.45913400531991627 2149.812257112077
15647823 483.54727982109864 0.45913400531991627 2149.812257112077
15653823 0.5560865764431889 0.45913400531991627 2140.1381019550727
15659823 119.9999533670989 0.45913400531991627 2140.1381019550727
15665823 0.5353745681317236 0.45913400531991627 2130.507480496275
15671823 94.39831976725524 0.45913400531991627 2130.507480496275
15677823 671.6837407924653 0.45913400531991627 2120.920196834042
15683823 0.5687367583240327 0.45913400531991627 2120.920196834042
15689823 0.581088371211804 0.45913400531991627 2111.376055948289
15695823 0.5489168527919593 0.45913400531991627 2111.376055948289
15701823 0.5634622554428524 0.45913400531991627 2101.8748636965215
15707823 0.5167726656846728 0.45913400531991627 2101.8748636965215
15713823 0.56470393511889 0.45913400531991627 2101.8748636965215
15719823 0.5401476681209822 0.45913400531991627 2101.8748636965215
15725823 2034.3890941364036 0.45913400531991627 2092.416426809887
15731823 0.5096888038496673 0.45913400531991627 2092.416426809887
15737823 0.568446544238815 0.45913400531991627 2092.416426809887
15743823 94.36065456032728 0.45913400531991627 2092.416426809887
15749823 552.2234556759286 0.45913400531991627 2092.416426809887
15755823 0.5375416848580431 0.45913400531991627 2083.0005528892425
15761823 0.5543472804736141 0.45913400531991627 2083.0005528892425
15767823 0.5427670821874077 0.45913400531991627 2073.627050401241
15773823 0.5217931137693583 0.45913400531991627 2073.627050401241
15779823 0.532801472252722 0.45913400531991627 2064.2957286744354
15785823 94.3712781608027 0.45913400531991627 2064.2957286744354
15791823 0.5330579877049437 0.45913400531991627 2055.0063978954004
15797823 0.5568637244806094 0.45913400531991627 2055.0063978954004
15803823 0.5105951311382091 0.45913400531991627 2055.0063978954004
15809823 0.5653981197232523 0.45913400531991627 2045.758869104871
15815823 483.44840052883796 0.45913400531991627 2045.758869104871
15821823 0.5530303233392686 0.45913400531991627 2045.758869104871
15827823 2034.3944232534973 0.45913400531991627 2045.758869104871
15833823 0.5688593698968114 0.45913400531991627 2036.5529541938993
15839823 0.5442124110812504 0.45913400531991627 2036.5529541938993
15845823 94.34834111921613 0.45913400531991627 2036.5529541938993
15851823 0.5570263392612754 0.45913400531991627 2027.3884659000269
15857823 94.39400844002778 0.45913400531991627 2027.3884659000269
15863823 0.5422664515002025 0.45913400531991627 2027.3884659000269
15869823 0.5648691171462741 0.45913400531991627 2027.3884659000269
15875823 0.5106304072316914 0.45913400531991627 2018.2652178034768
15881823 0.5568359065345255 0.45913400531991627 2018.2652178034768
15887823 94.36235769133356 0.45913400531991627 2018.2652178034768
15893823 119.95677878438522 0.45913400531991627 2009.1830243233612
15899823 0.5395944034404309 0.45913400531991627 2009.1830243233612
15905823 0.5327987444791411 0.45913400531991627 2009.1830243233612
15911823 0.496755916884286 0.45913400531991627 2009.1830243233612
15917823 94.38292302180285 0.45913400531991627 2000.1417007139062
15923823 0.5191990933308989 0.45913400531991627 2000.1417007139062
15929823 0.5345027703053753 0.45913400531991627 2000.1417007139062
15935823 0.5538400904317374 0.45913400531991627 2000.1417007139062
15941823 0.5596552018721734 0.45913400531991627 1991.1410630606938
15947823 94.34460127905523 0.45913400531991627 1991.1410630606938
15953823 0.5290854024766686 0.45913400531991627 1982.1809282769207
15959823 0.5116903925587827 0.45913400531991627 1982.1809282769207
15965823 120.00015554755436 0.45913400531991627 1982.1809282769207
15971823 94.39874543617803 0.45913400531991627 1973.2611140996746
15977823 0.5546133173290894 0.45913400531991627 1973.2611140996746
15983823 119.94882834717338 0.45913400531991627 1964.3814390862262
15989823 0.5228853858036474 0.45913400531991627 1964.3814390862262
15995823 0.5165148509948194 0.45913400531991627 1955.5417226103384
16001823 0.5471730112847135 0.45913400531991627 1955.5417226103384
16007823 483.50434893632803 0.45913400531991627 1946.741784858592
16013823 94.39068055837039 0.45913400531991627 1946.741784858592
16019823 119.977245867909 0.45913400531991627 1946.741784858592
16025823 0.5641486014514009 0.45913400531991627 1946.741784858592
16031823 0.5158418224869706 0.45913400531991627 1937.9814468267284
16037823 213.79885036091991 0.45913400531991627 1937.9814468267284
16043823 0.5442596142115251 0.45913400531991627 1929.2605303160083
16049823 94.34617106354813 0.45913400531991627 1929.2605303160083
16055823 119.95661734095152 0.45913400531991627 1929.2605303160083
16061823 0.5668471517384659 0.45913400531991627 1929.2605303160083
16067823 0.5425229327826394 0.45913400531991627 1920.5788579295863
16073823 94.33361245729513 0.45913400531991627 1920.5788579295863
16079823 0.5141047521906492 0.45913400531991627 1920.5788579295863
16085823 0.5317856073022138 0.45913400531991627 1911.9362530689032
16091823 0.5270698502119885 0.45913400531991627 1911.9362530689032
16097823 0.513544592674656 0.45913400531991627 1911.9362530689032
16103823 0.5301787149524311 0.45913400531991627 1903.3325399300932
16109823 94.3488815340928 0.45913400531991627 1903.3325399300932
16115823 94.35860896329105 0.45913400531991627 1894.7675435004078
16121823 119.97036295301841 0.45913400531991627 1894.7675435004078
16127823 0.5479319778367311 0.45913400531991627 1886.2410895546561
16133823 483.49509820664053 0.45913400531991627 1886.2410895546561
16139823 0.5244611841823412 0.45913400531991627 1877.7530046516604
16145823 0.5588413137013649 0.45913400531991627 1877.7530046516604
16151823 0.5430655688083162 0.45913400531991627 1877.7530046516604
16157823 0.5244602656947902 0.45913400531991627 1877.7530046516604
16163823 94.39754677012317 0.45913400531991627 1877.7530046516604
16169823 0.541279325537678 0.45913400531991627 1869.303116130728
16175823 94.37664869819304 0.45913400531991627 1869.303116130728
16181823 0.5445708673274624 0.45913400531991627 1860.89125210814
16187823 0.519777532461712 0.45913400531991627 1860.89125210814
16193823 0.518091850133761 0.45913400531991627 1860.89125210814
16199823 0.5230582529994248 0.45913400531991627 1852.5172414736535
16205823 0.5416795144796327 0.45913400531991627 1852.5172414736535
16211823 0.5204397286201905 0.45913400531991627 1852.5172414736535
16217823 483.51187943813335 0.45913400531991627 1844.1809138870221
16223823 0.5270441308074921 0.45913400531991627 1844.1809138870221
16229823 119.9742359807593 0.45913400531991627 1844.1809138870221
16235823 0.5697648989488615 0.45913400531991627 1835.8820997745306
16241823 94.33874103708641 0.45913400531991627 1835.8820997745306
16247823 0.5378603467421268 0.45913400531991627 1827.6206303255453
16253823 0.5255822184061912 0.45913400531991627 1827.6206303255453
16259823 0.5312915639209722 0.45913400531991627 1827.6206303255453
16265823 0.5206677625873108 0.45913400531991627 1827.6206303255453
16271823 94.37486233946402 0.45913400531991627 1827.6206303255453
16277823 0.5616573799245922 0.45913400531991627 1819.3963374890805
16283823 0.5553085848594346 0.45913400531991627 1819.3963374890805
16289823 0.5462009025270228 0.45913400531991627 1819.3963374890805
16295823 0.5335986508391822 0.45913400531991627 1819.3963374890805
16301823 0.5624636997662081 0.45913400531991627 1811.2090539703797
16307823 94.34994414644896 0.45913400531991627 1811.2090539703797
16313823 0.5172758371831334 0.45913400531991627 1803.0586132275132
16319823 0.545374601151772 0.45913400531991627 1803.0586132275132
16325823 119.97922816509515 0.45913400531991627 1794.9448494679896
16331823 0.5613826096556904 0.45913400531991627 1794.9448494679896
16337823 0.514220801601327 0.45913400531991627 1786.8675976453837
16343823 94.38799254596817 0.45913400531991627 1786.8675976453837
16349823 0.5126828771506496 0.45913400531991627 1786.8675976453837
16355823 0.5253705311647109 0.45913400531991627 1778.8266934559797
16361823 0.5474497459298652 0.45913400531991627 1778.8266934559797
16367823 0.543670168408778 0.45913400531991627 1778.8266934559797
16373823 0.5251521981312816 0.45913400531991627 1770.8219733354279
16379823 0.573895145664382 0.45913400531991627 1770.8219733354279
16385823 0.5395171681428673 0.45913400531991627 1762.8532744554186
16391823 0.5570764514204894 0.45913400531991627 1762.8532744554186
16397823 0.537778179605917 0.45913400531991627 1762.8532744554186
16403823 0.5338107907734437 0.45913400531991627 1754.9204347203693
16409823 0.5498406550306301 0.45913400531991627 1754.9204347203693
16415823 0.5489551820822722 0.45913400531991627 1754.9204347203693
16421823 0.5375347914682146 0.45913400531991627 1747.0232927641277
16427823 0.5195995504317393 0.45913400531991627 1747.0232927641277
16433823 94.38451727637485 0.45913400531991627 1739.1616879466892
16439823 0.5614407006803129 0.45913400531991627 1739.1616879466892
16445823 119.97535447922645 0.45913400531991627 1739.1616879466892
16451823 0.55395027288343 0.45913400531991627 1739.1616879466892
16457823 0.527869316643921 0.45913400531991627 1731.3354603509292
16463823 0.571307477540402 0.45913400531991627 1731.3354603509292
16469823 0.5923556608284648 0.45913400531991627 1731.3354603509292
16475823 94.38938243567333 0.45913400531991627 1723.5444507793502
16481823 0.5549989547895987 0.45913400531991627 1723.5444507793502
16487823 0.5185346274645724 0.45913400531991627 1723.5444507793502
16493823 119.94631040835714 0.45913400531991627 1723.5444507793502
16499823 0.5136510459209616 0.45913400531991627 1715.7885007508432
16505823 119.97061962273055 0.45913400531991627 1715.7885007508432
16511823 0.5282858857915803 0.45913400531991627 1715.7885007508432
16517823 671.6685812487952 0.45913400531991627 1708.0674524974645
16523823 0.5277610160325541 0.45913400531991627 1708.0674524974645
16529823 119.98799674769514 0.45913400531991627 1700.381148961226
16535823 0.5186075308362382 0.45913400531991627 1700.381148961226
16541823 0.5058363718115796 0.45913400531991627 1700.381148961226
16547823 0.5096917409905494 0.45913400531991627 1692.7294337909007
16553823 0.5494279171661941 0.45913400531991627 1692.7294337909007
16559823 0.5485658580482138 0.45913400531991627 1685.1121513388416
16565823 0.5310776396741065 0.45913400531991627 1685.1121513388416
16571823 0.5434508669488656 0.45913400531991627 1685.1121513388416
16577823 119.94731337657483 0.45913400531991627 1677.529146657817
16583823 0.5524390955365707 0.45913400531991627 1677.529146657817
16589823 0.5643650640459563 0.45913400531991627 1677.529146657817
16595823 0.5463279736844514 0.45913400531991627 1677.529146657817
16601823 552.2362102710159 0.45913400531991627 1677.529146657817
16607823 0.5227762228408676 0.45913400531991627 1669.9802654978569
16613823 119.96389742223934 0.45913400531991627 1669.9802654978569
16619823 0.5897451135792362 0.45913400531991627 1669.9802654978569
16625823 0.5463255545446296 0.45913400531991627 1662.4653543031166
16631823 0.5387977793063049 0.45913400531991627 1662.4653543031166
16637823 0.5519243231946734 0.45913400531991627 1662.4653543031166
16643823 0.5117026442758464 0.45913400531991627 1654.9842602087526
16649823 94.36428495028822 0.45913400531991627 1654.9842602087526
16655823 119.96027578019456 0.45913400531991627 1654.9842602087526
16661823 0.525266315849071 0.45913400531991627 1647.5368310378133
16667823 0.5430976067999077 0.45913400531991627 1647.5368310378133
16673823 0.5153729026847971 0.45913400531991627 1647.5368310378133
16679823 119.94871891649467 0.45913400531991627 1640.1229152981432
16685823 0.5061703955083644 0.45913400531991627 1640.1229152981432
16691823 94.39220843575539 0.45913400531991627 1640.1229152981432
16697823 0.5521607233292563 0.45913400531991627 1632.7423621793016
16703823 0.5662035573862517 0.45913400531991627 1632.7423621793016
16709823 0.5429593512658218 0.45913400531991627 1625.395021549495
16715823 94.37562341019465 0.45913400531991627 1625.395021549495
16721823 94.36441729216509 0.45913400531991627 1618.0807439525222
16727823 0.532767948177085 0.45913400531991627 1618.0807439525222
16733823 0.549044985067919 0.45913400531991627 1618.0807439525222
16739823 0.5298648943082436 0.45913400531991627 1618.0807439525222
16745823 0.5666259769853583 0.45913400531991627 1610.799380604736
16751823 0.5088263813767939 0.45913400531991627 1610.799380604736
16757823 0.5215228121579077 0.45913400531991627 1603.5507833920146
16763823 0.5938940195129411 0.45913400531991627 1603.5507833920146
16769823 0.5530593841831801 0.45913400531991627 1596.3348048667506
16775823 0.525902954328051 0.45913400531991627 1596.3348048667506
16781823 94.36042707568919 0.45913400531991627 1589.1512982448503
16787823 0.5274895760960764 0.45913400531991627 1589.1512982448503
16793823 0.5150113068731936 0.45913400531991627 1582.0001174027486
16799823 0.5077684640195564 0.45913400531991627 1582.0001174027486
16805823 119.97894575435947 0.45913400531991627 1574.8811168744364
16811823 0.5392475380421644 0.45913400531991627 1574.8811168744364
16817823 119.94393092332383 0.45913400531991627 1574.8811168744364
16823823 94.37462690589163 0.45913400531991627 1567.7941518485015
16829823 0.589784253642516 0.45913400531991627 1567.7941518485015
16835823 119.97995297471384 0.45913400531991627 1567.7941518485015
16841823 0.5577882835543194 0.45913400531991627 1567.7941518485015
16847823 0.5375698479139167 0.45913400531991627 1567.7941518485015
16853823 0.49408603374627674 0.45913400531991627 1560.7390781651834
16859823 119.97491462112353 0.4561248558433523 1560.7390781651834
16865823 0.553092461473536 0.4561248558433523 1553.7157523134401
16871823 119.98002255318107 0.4561248558433523 1553.7157523134401
16877823 0.5469365069624538 0.4561248558433523 1546.7240314280298
16883823 120.03099770182361 0.4561248558433523 1546.7240314280298
16889823 0.5598927489851311 0.4561248558433523 1546.7240314280298
16895823 0.5327667513307335 0.4561248558433523 1539.7637732866037
16901823 0.5355602170341259 0.4561248558433523 1539.7637732866037
16907823 94.38976202238842 0.4561248558433523 1539.7637732866037
16913823 552.2020015788693 0.4561248558433523 1532.8348363068142
16919823 119.97295951372354 0.4561248558433523 1532.8348363068142
16925823 483.49611003570027 0.4561248558433523 1532.8348363068142
16931823 483.494995118018 0.4561248558433523 1532.8348363068142
16937823 0.5632900845349113 0.4561248558433523 1525.9370795434336
16943823 94.40078306941396 0.4561248558433523 1525.9370795434336
16949823 0.5662687338422263 0.4561248558433523 1525.9370795434336
16955823 0.5488665375917575 0.4561248558433523 1519.0703626854881
16961823 0.5748751299127959 0.4561248558433523 1519.0703626854881
16967823 0.5372419204935825 0.4561248558433523 1512.2345460534036
16973823 0.5542690321023049 0.4561248558433523 1512.2345460534036
16979823 94.3679894081492 0.4561248558433523 1505.4294905961633
16985823 0.564986964732929 0.4561248558433523 1505.4294905961633
16991823 0.5794394113039348 0.4561248558433523 1505.4294905961633
16997823 552.2401890756232 0.4561248558433523 1498.6550578884805
17003823 0.5625872293332788 0.4561248558433523 1498.6550578884805
17009823 0.5424779566296641 0.4561248558433523 1498.6550578884805
17015823 0.5458824338616122 0.4561248558433523 1498.6550578884805
17021823 0.5509493511059691 0.4561248558433523 1491.9111101279825
17027823 94.38840272521537 0.4561248558433523 1491.9111101279825
17033823 120.0046898747973 0.4561248558433523 1485.1975101324067
17039823 0.538859746261618 0.4561248558433523 1485.1975101324067
17045823 0.569104614374932 0.4561248558433523 1478.514121336811
17051823 119.99618766565166 0.4561248558433523 1478.514121336811
17057823 0.552717966834772 0.4561248558433523 1471.8608077907954
17063823 0.5518286409335706 0.4561248558433523 1471.8608077907954
17069823 0.5570202435487142 0.4561248558433523 1465.237434155737
17075823 94.3470564599997 0.4561248558433523 1465.237434155737
17081823 94.37161116397706 0.4561248558433523 1458.6438657020362
17087823 0.5444800226734914 0.4561248558433523 1458.6438657020362
17093823 119.95058418867393 0.4561248558433523 1452.0799683063772
17099823 0.5426099755167321 0.4561248558433523 1452.0799683063772
17105823 0.5595057951542486 0.4561248558433523 1445.5456084489986
17111823 552.2485290166392 0.4561248558433523 1445.5456084489986
17117823 0.5568095614118628 0.4561248558433523 1439.0406532109782
17123823 94.3714122739612 0.4561248558433523 1439.0406532109782
17129823 0.5492827099756639 0.4561248558433523 1432.5649702715289
17135823 0.5417080532056554 0.4561248558433523 1432.5649702715289
17141823 94.37809821223645 0.4561248558433523 1426.118427905307
17147823 94.3833924373242 0.4561248558433523 1426.118427905307
17153823 0.563219882055079 0.4561248558433523 1419.7008949797332
17159823 0.5358327130471011 0.4561248558433523 1419.7008949797332
17165823 0.5650692804584465 0.4561248558433523 1419.7008949797332
17171823 0.5574432800527627 0.4561248558433523 1413.3122409523246
17177823 94.37240069554899 0.4561248558433523 1413.3122409523246
17183823 0.547412447041653 0.4561248558433523 1406.9523358680392
17189823 94.38845950385993 0.4561248558433523 1406.9523358680392
17195823 94.39820908196093 0.4561248558433523 1400.621050356633
17201823 120.00692871841073 0.4561248558433523 1400.621050356633
17207823 0.5496929513732293 0.4561248558433523 1394.3182556300283
17213823 94.37686494148737 0.4561248558433523 1394.3182556300283
17219823 0.5280401174923524 0.4561248558433523 1388.0438234796932
17225823 0.5293231206887522 0.4561248558433523 1388.0438234796932
17231823 0.525166426231653 0.4561248558433523 1388.0438234796932
17237823 119.9946551827542 0.4561248558433523 1388.0438234796932
17243823 0.5365627236109226 0.4561248558433523 1381.7976262740347
17249823 0.5161235368417004 0.4561248558433523 1381.7976262740347
17255823 119.99198434208365 0.4561248558433523 1375.5795369558016
17261823 0.5502387380893791 0.4561248558433523 1375.5795369558016
17267823 0.5147595752315529 0.4561248558433523 1375.5795369558016
17273823 0.5358977920588229 0.4561248558433523 1375.5795369558016
17279823 0.556982249260804 0.4561248558433523 1369.3894290395006
17285823 552.2521293248213 0.4561248558433523 1369.3894290395006
17291823 0.573268261121238 0.4561248558433523 1369.3894290395006
17297823 0.5081089200166286 0.4561248558433523 1369.3894290395006
17303823 0.5752793192659252 0.4561248558433523 1363.227176608823
17309823 0.544084766344091 0.4561248558433523 1363.227176608823
17315823 0.4953560031928979 0.4561248558433523 1363.227176608823
17321823 94.36226757467793 0.4561248558433523 1357.0926543140833
17327823 0.524064690633437 0.4561248558433523 1357.0926543140833
17333823 0.5230400507011134 0.4561248558433523 1357.0926543140833
17339823 213.83159300998437 0.4561248558433523 1357.0926543140833
17345823 0.5496104810229403 0.4561248558433523 1350.98573736967
17351823 94.372396407029 0.4561248558433523 1350.98573736967
17357823 0.5224564658193894 0.4561248558433523 1344.9063015515067
17363823 0.56864587895158 0.4561248558433523 1344.9063015515067
17369823 0.5099085338637603 0.4561248558433523 1338.854223194525
17375823 0.516376064093336 0.4561248558433523 1338.854223194525
17381823 0.5606537668621645 0.4561248558433523 1338.854223194525
17387823 0.5625926378202376 0.4561248558433523 1332.8293791901497
17393823 119.99519730772562 0.4561248558433523 1332.8293791901497
17399823 0.5056302620030944 0.4561248558433523 1326.8316469837941
17405823 0.5778519867427951 0.4561248558433523 1326.8316469837941
17411823 602.9314243076883 0.4561248558433523 1326.8316469837941
17417823 0.5951507118203342 0.4561248558433523 1320.8609045723672
17423823 0.5760804238754924 0.4561248558433523 1320.8609045723672
17429823 0.5240440062906807 0.4561248558433523 1314.9170305017917
17435823 0.5574018172393953 0.4561248558433523 1314.9170305017917
17441823 483.50820995443064 0.4561248558433523 1314.9170305017917
17447823 483.4995623996373 0.4561248558433523 1314.9170305017917
17453823 119.97274519842644 0.4561248558433523 1308.9999038645337
17459823 0.5676696582763202 0.4561248558433523 1308.9999038645337
17465823 0.5524505755545753 0.4561248558433523 1308.9999038645337
17471823 0.5440997830692684 0.4561248558433523 1308.9999038645337
17477823 0.5547539618390523 0.4561248558433523 1303.1094042971433
17483823 0.5516383477110971 0.4561248558433523 1303.1094042971433
17489823 119.95948170074752 0.4561248558433523 1297.2454119778063
17495823 0.5320545291826015 0.4561248558433523 1297.2454119778063
17501823 0.5475364133026137 0.4561248558433523 1291.4078076239061
17507823 0.5387867772842682 0.4561248558433523 1291.4078076239061
17513823 0.5192421059104945 0.4561248558433523 1291.4078076239061
17519823 94.38460113991111 0.4561248558433523 1285.5964724895987
17525823 0.5537540795988436 0.4561248558433523 1285.5964724895987
17531823 0.5495700578993352 0.4561248558433523 1279.8112883633955
17537823 0.5475833120469028 0.4561248558433523 1279.8112883633955
17543823 0.5331464814535214 0.4561248558433523 1279.8112883633955
17549823 0.5569230889925452 0.4561248558433523 1274.0521375657604
17555823 0.5515271446118818 0.4561248558433523 1274.0521375657604
17561823 0.555842059630948 0.4561248558433523 1274.0521375657604
17567823 646.0462695804653 0.4561248558433523 1268.3189029467146
17573823 94.3596188971191 0.4561248558433523 1268.3189029467146
17579823 0.5708791565580474 0.4561248558433523 1262.6114678834545
17585823 0.5463852299874152 0.4561248558433523 1262.6114678834545
17591823 119.98572420616692 0.4561248558433523 1262.6114678834545
17597823 94.39882521252264 0.4561248558433523 1256.929716277979
17603823 0.5687705208188507 0.4561248558433523 1256.929716277979
17609823 0.552626648429287 0.4561248558433523 1256.929716277979
17615823 0.55122241659967 0.4561248558433523 1256.929716277979
17621823 119.9941934766952 0.4561248558433523 1251.273532554728
17627823 671.6240602538066 0.4561248558433523 1251.273532554728
17633823 0.5808911285703576 0.4561248558433523 1245.6428016582317
17639823 94.40429275408943 0.4561248558433523 1245.6428016582317
17645823 0.5542201416858697 0.4561248558433523 1245.6428016582317
17651823 0.5490195069142659 0.4561248558433523 1245.6428016582317
17657823 0.5407726235577408 0.4561248558433523 1245.6428016582317
17663823 0.5335217269093987 0.4561248558433523 1245.6428016582317
17669823 0.5227819447890619 0.4561248558433523 1240.0374090507698
17675823 0.535330987231072 0.4561248558433523 1240.0374090507698
17681823 0.5440572939222641 0.4561248558433523 1240.0374090507698
17687823 1035.1492165333718 0.4561248558433523 1234.4572407100413
17693823 0.552519693319936 0.4561248558433523 1234.4572407100413
17699823 0.5169070131134463 0.4561248558433523 1228.9021831268462
17705823 94.35393156968412 0.4561248558433523 1228.9021831268462
17711823 94.37974502889196 0.4561248558433523 1223.3721233027754
17717823 0.519002091572361 0.4561248558433523 1223.3721233027754
17723823 0.5231488700475002 0.4561248558433523 1223.3721233027754
17729823 0.5597029863300089 0.4561248558433523 1217.866948747913
17735823 94.39061089760209 0.4561248558433523 1217.866948747913
17741823 94.36236517096404 0.4561248558433523 1212.3865474785475
17747823 213.8268708549757 0.4561248558433523 1212.3865474785475
17753823 0.5564805127675196 0.4561248558433523 1206.9308080148942
17759823 0.5662158992193693 0.4561248558433523 1206.9308080148942
17765823 0.5604699579168292 0.4561248558433523 1201.4996193788272
17771823 94.39460803357585 0.4561248558433523 1201.4996193788272
17777823 0.5201470982604791 0.4561248558433523 1201.4996193788272
17783823 94.33857744545071 0.4561248558433523 1196.0928710916226
17789823 0.5665904137406976 0.4561248558433523 1196.0928710916226
17795823 0.51719644974656 0.4561248558433523 1196.0928710916226
17801823 0.5586089655421462 0.4561248558433523 1196.0928710916226
17807823 0.5579290076015386 0.4561248558433523 1196.0928710916226
17813823 0.504631647827574 0.4561248558433523 1190.7104531717102
17819823 0.5511761653074884 0.4561248558433523 1190.7104531717102
17825823 94.3885656235067 0.4561248558433523 1185.3522561324376
17831823 0.5457246304700433 0.4561248558433523 1185.3522561324376
17837823 0.5555484365103348 0.4561248558433523 1185.3522561324376
17843823 94.35995752166905 0.4561248558433523 1185.3522561324376
17849823 0.5254786083901831 0.4561248558433523 1180.0181709798417
17855823 483.4794023780952 0.4561248558433523 1180.0181709798417
17861823 483.48936027831985 0.4561248558433523 1174.7080892104325
17867823 119.9703009790873 0.4561248558433523 1174.7080892104325
17873823 0.5371558433587144 0.4561248558433523 1174.7080892104325
17879823 0.5498067987758275 0.4561248558433523 1174.7080892104325
17885823 0.5191560955935653 0.4561248558433523 1169.4219028089856
17891823 0.5438609052665477 0.4561248558433523 1169.4219028089856
17897823 119.99972162841497 0.4561248558433523 1164.1595042463453
17903823 0.5478864612189418 0.4561248558433523 1164.1595042463453
17909823 0.5185967061339208 0.4561248558433523 1158.9207864772368
17915823 94.35404859821476 0.4561248558433523 1158.9207864772368
17921823 0.5653781651666164 0.4561248558433523 1158.9207864772368
17927823 0.5324960886812943 0.4561248558433523 1153.7056429380893
17933823 94.37671377465492 0.4561248558433523 1153.7056429380893
17939823 0.526961647635195 0.4561248558433523 1153.7056429380893
17945823 0.5589052333634045 0.4561248558433523 1148.513967544868
17951823 94.35655193698047 0.4561248558433523 1148.513967544868
17957823 0.5601134710469813 0.4561248558433523 1143.345654690916
17963823 0.5049073332849604 0.4561248558433523 1143.345654690916
17969823 94.3557354507152 0.4561248558433523 1143.345654690916
17975823 119.94877471437354 0.4561248558433523 1138.2005992448069
17981823 0.5307707176054068 0.4561248558433523 1138.2005992448069
17987823 0.5506147951898673 0.4561248558433523 1133.0786965482052
17993823 94.37673470480055 0.4561248558433523 1133.0786965482052
17999823 0.5493574838458631 0.4561248558433523 1127.9798424137384
18005823 0.5359685048152848 0.4561248558433523 1127.9798424137384
18011823 0.5427754063561776 0.4561248558433523 1122.9039331228767
18017823 94.36797444076538 0.4561248558433523 1122.9039331228767
18023823 0.5572940935444617 0.4561248558433523 1117.8508654238237
18029823 119.99228088941105 0.4561248558433523 1117.8508654238237
18035823 119.98951869804257 0.4561248558433523 1112.8205365294166
18041823 0.5556188595233432 0.4561248558433523 1112.8205365294166
18047823 0.5484812434905044 0.4561248558433523 1107.8128441150343
18053823 0.541892096167195 0.4561248558433523 1107.8128441150343
18059823 0.5539177202941944 0.4561248558433523 1102.8276863165167
18065823 0.5056579204446825 0.4561248558433523 1102.8276863165167
18071823 602.9373168052376 0.4561248558433523 1102.8276863165167
18077823 94.35062628266749 0.4561248558433523 1097.8649617280926
18083823 94.31195534123684 0.4561248558433523 1097.8649617280926
18089823 552.2192703441033 0.4561248558433523 1097.8649617280926
18095823 552.2543004273252 0.4561248558433523 1092.9245694003162
18101823 119.99509849952139 0.4561248558433523 1092.9245694003162
18107823 0.522455114084122 0.4561248558433523 1088.0064088380147
18113823 483.47336147511163 0.4561248558433523 1088.0064088380147
18119823 483.49826475873033 0.4561248558433523 1088.0064088380147
18125823 0.5339982931913028 0.4561248558433523 1083.1103799982438
18131823 0.5467217313782273 0.4561248558433523 1083.1103799982438
18137823 0.4994139155870051 0.4561248558433523 1078.2363832882518
18143823 0.5326125090299044 0.4561248558433523 1078.2363832882518
18149823 0.5231159122978506 0.4561248558433523 1078.2363832882518
18155823 577.3073566673888 0.4561248558433523 1073.3843195634547
18161823 0.5156333778216219 0.4561248558433523 1073.3843195634547
18167823 0.5155008130799452 0.4561248558433523 1068.5540901254192
18173823 0.537547517493854 0.4561248558433523 1068.5540901254192
18179823 0.5658223433320847 0.4561248558433523 1068.5540901254192
18185823 483.4715118600512 0.4561248558433523 1068.5540901254192
18191823 483.5051973542823 0.4561248558433523 1063.7455967198548
18197823 0.5236116387835966 0.4561248558433523 1063.7455967198548
18203823 577.3265142158588 0.4561248558433523 1058.9587415346155
18209823 0.5255000564266589 0.4561248558433523 1058.9587415346155
18215823 0.5332484688549347 0.4561248558433523 1058.9587415346155
18221823 0.5358819492699842 0.4561248558433523 1058.9587415346155
18227823 119.97341710754077 0.4561248558433523 1058.9587415346155
18233823 0.5006250069164516 0.4561248558433523 1058.9587415346155
18239823 0.5416040160223058 0.4561248558433523 1054.1934271977098
18245823 0.5484277422320449 0.4561248558433523 1054.1934271977098
18251823 0.5126816303090704 0.4561248558433523 1054.1934271977098
18257823 94.38154341398783 0.4561248558433523 1049.4495567753202
18263823 119.95791103196014 0.4561248558433523 1049.4495567753202
18269823 119.98441712932363 0.4561248558433523 1044.7270337698312
18275823 0.4870426388868596 0.4561248558433523 1044.7270337698312
18281823 94.37569649663878 0.4561248558433523 1044.7270337698312
18287823 0.529293384595539 0.4561248558433523 1040.025762117867
18293823 0.5334845153528661 0.4561248558433523 1040.025762117867
18299823 94.38506509147652 0.4561248558433523 1035.3456461883368
18305823 0.5456205845764547 0.4561248558433523 1035.3456461883368
18311823 0.5185718013159677 0.4561248558433523 1035.3456461883368
18317823 552.2272400074345 0.4561248558433523 1030.6865907804893
18323823 0.5453521356134732 0.4561248558433523 1030.6865907804893
18329823 0.5442842693773855 0.4561248558433523 1026.048501121977
18335823 0.5124819788137747 0.4561248558433523 1026.048501121977
18341823 0.5329848831101074 0.4561248558433523 1021.4312828669282
18347823 0.5587629464543508 0.4561248558433523 1021.4312828669282
18353823 94.39649030958137 0.4561248558433523 1021.4312828669282
18359823 602.956272257204 0.4561248558433523 1016.8348420940271
18365823 0.5379214240079644 0.4561248558433523 1016.8348420940271
18371823 0.558510148440903 0.4561248558433523 1012.259085304604
18377823 0.5641653251024753 0.4561248558433523 1012.259085304604
18383823 119.99279241088855 0.4561248558433523 1007.7039194207333
18389823 552.2338553399665 0.4561248558433523 1007.7039194207333
18395823 0.5192495598927422 0.4561248558433523 1003.1692517833401
18401823 0.5605772856665185 0.4561248558433523 1003.1692517833401
18407823 0.5440342001459723 0.4561248558433523 1003.1692517833401
18413823 0.5340198864738679 0.4561248558433523 998.6549901503151
18419823 0.5523837033583755 0.4561248558433523 998.6549901503151
18425823 483.50432121961455 0.4561248558433523 994.1610426946388
18431823 94.3718308675321 0.4561248558433523 994.1610426946388
18437823 0.5680847648984109 0.4561248558433523 989.6873180025129
18443823 0.5175215006131363 0.4561248558433523 989.6873180025129
18449823 0.49826009501680346 0.4561248558433523 985.2337250715017
18455823 0.5469672738590797 0.4561248558433523 985.2337250715017
18461823 0.5107162983720885 0.4561248558433523 985.2337250715017
18467823 0.5567523152237871 0.4561248558433523 985.2337250715017
18473823 0.521920818837264 0.4561248558433523 980.80017330868
18479823 120.00701119710676 0.4561248558433523 980.80017330868
18485823 0.5722601863774132 0.4561248558433523 980.80017330868
18491823 0.5761128360242863 0.4561248558433523 980.80017330868
18497823 119.96032011398326 0.4561248558433523 976.3865725287909
18503823 0.5194195917800929 0.4561248558433523 976.3865725287909
18509823 94.3641564744904 0.4561248558433523 971.9928329524114
18515823 0.523537721037084 0.4561248558433523 971.9928329524114
18521823 552.236746111324 0.4561248558433523 967.6188652041255
18527823 0.5269629176538957 0.4561248558433523 967.6188652041255
18533823 0.5298937302611955 0.4561248558433523 967.6188652041255
18539823 0.5368081494368079 0.4561248558433523 967.6188652041255
18545823 0.5255807047597469 0.4561248558433523 967.6188652041255
18551823 0.5285642078449043 0.4561248558433523 967.6188652041255
18557823 94.40662576971172 0.4561248558433523 963.2645803107071
18563823 577.2967489424168 0.4561248558433523 963.2645803107071
18569823 119.9473625964376 0.4561248558433523 958.9298896993089
18575823 0.5478987841524473 0.4561248558433523 958.9298896993089
18581823 0.5447260006253899 0.4561248558433523 958.9298896993089
18587823 0.5595925588152291 0.4561248558433523 954.614705195662
18593823 0.516929872418484 0.4561248558433523 954.614705195662
18599823 0.5207032033495094 0.4561248558433523 954.614705195662
18605823 0.5859151294517545 0.4561248558433523 954.614705195662
18611823 0.5240985259153369 0.4561248558433523 950.3189390222816
18617823 0.5513843757278892 0.4561248558433523 950.3189390222816
18623823 0.5374563803129679 0.4561248558433523 946.0425037966813
18629823 0.5374367518442508 0.4561248558433523 946.0425037966813
18635823 0.5339049200164931 0.4561248558433523 946.0425037966813
18641823 765.4871664689127 0.4561248558433523 946.0425037966813
18647823 119.98765259063536 0.4561248558433523 941.7853125295964
18653823 0.5451819653849712 0.4561248558433523 941.7853125295964
18659823 671.6531823228099 0.4561248558433523 941.7853125295964
18665823 0.5336230338388437 0.4561248558433523 941.7853125295964
18671823 0.5508924772648596 0.4561248558433523 937.5472786232132
18677823 94.34148499112216 0.4561248558433523 937.5472786232132
18683823 119.95866953773945 0.4561248558433523 937.5472786232132
18689823 0.5540014154200883 0.4561248558433523 933.3283158694088
18695823 0.514062264710529 0.4561248558433523 933.3283158694088
18701823 0.5605299020818196 0.4561248558433523 933.3283158694088
18707823 552.2450970176354 0.4561248558433523 933.3283158694088
18713823 0.5651896421938378 0.4561248558433523 929.1283384479965
18719823 552.2217335198635 0.4561248558433523 929.1283384479965
18725823 94.37095855945006 0.4561248558433523 924.9472609249806
18731823 119.99154469849415 0.4561248558433523 924.9472609249806
18737823 0.5299031421024144 0.4561248558433523 924.9472609249806
18743823 0.5933973397725473 0.4561248558433523 924.9472609249806
18749823 0.5454369819159592 0.4561248558433523 924.9472609249806
18755823 0.5570769328334559 0.4561248558433523 924.9472609249806
18761823 0.5803612712224009 0.4561248558433523 924.9472609249806
18767823 0.542485640684817 0.4561248558433523 920.7849982508183
18773823 0.533989022318776 0.4561248558433523 920.7849982508183
18779823 94.38523027496606 0.4561248558433523 916.6414657586896
18785823 0.5534021707536136 0.4561248558433523 916.6414657586896
18791823 483.5120717028475 0.4561248558433523 916.6414657586896
18797823 119.96436882095348 0.4561248558433523 912.5165791627755
18803823 0.5823556863832479 0.4561248558433523 912.5165791627755
18809823 0.5515528947438414 0.4561248558433523 912.5165791627755
18815823 94.39945366822232 0.4561248558433523 912.5165791627755
18821823 0.540166390916683 0.4561248558433523 908.4102545565431
18827823 0.5327598540075476 0.4561248558433523 908.4102545565431
18833823 0.540085315462236 0.4561248558433523 904.3224084110387
18839823 0.5167759748469423 0.4561248558433523 904.3224084110387
18845823 0.5168029502683815 0.4561248558433523 904.3224084110387
18851823 94.36875827067611 0.4561248558433523 904.3224084110387
18857823 0.5534101500160497 0.4561248558433523 900.2529575731891
18863823 0.5578370586638759 0.4561248558433523 900.2529575731891
18869823 0.536086346241379 0.4561248558433523 896.2018192641098
18875823 119.95055192026312 0.4561248558433523 896.2018192641098
18881823 94.3695203401617 0.4561248558433523 892.1689110774213
18887823 119.9955150761253 0.4561248558433523 892.1689110774213
18893823 0.5190885201330449 0.4561248558433523 892.1689110774213
18899823 483.5240534373652 0.4561248558433523 892.1689110774213
18905823 0.5617052530377112 0.4561248558433523 888.154150977573
18911823 0.5415434933043184 0.4561248558433523 888.154150977573
18917823 0.5472905084287822 0.4561248558433523 888.154150977573
18923823 0.5741195880699229 0.4561248558433523 888.154150977573
18929823 120.01523197247907 0.4561248558433523 884.1574572981739
18935823 0.5704981203795719 0.4561248558433523 884.1574572981739
18941823 0.563578163407813 0.4561248558433523 880.1787487403321
18947823 119.98256171927885 0.4561248558433523 880.1787487403321
18953823 119.94287134786181 0.4561248558433523 876.2179443710007
18959823 0.5679873645824857 0.4561248558433523 876.2179443710007
18965823 94.42574906753805 0.4561248558433523 876.2179443710007
18971823 0.5428711343902488 0.4561248558433523 872.2749636213313
18977823 0.5010994279795657 0.4561248558433523 872.2749636213313
18983823 0.5203583307754401 0.4561248558433523 872.2749636213313
18989823 213.77852564361052 0.4561248558433523 872.2749636213313
18995823 552.2512552951964 0.4561248558433523 868.3497262850353
19001823 0.5238539799236407 0.4561248558433523 868.3497262850353
19007823 0.5359986295272002 0.4561248558433523 868.3497262850353
19013823 0.5455211615552583 0.4561248558433523 868.3497262850353
19019823 94.37961458007275 0.4561248558433523 864.4421525167527
19025823 0.5456042294380213 0.4561248558433523 864.4421525167527
19031823 94.37371044297704 0.4561248558433523 860.5521628304274
19037823 0.5088214551708596 0.4561248558433523 860.5521628304274
19043823 0.5711671478706566 0.4561248558433523 856.6796780976905
19049823 0.5350138831432323 0.4561248558433523 856.6796780976905
19055823 94.34877414200537 0.4561248558433523 856.6796780976905
19061823 0.5289786488509799 0.4561248558433523 852.8246195462509
19067823 0.565142022380175 0.4561248558433523 852.8246195462509
19073823 94.38641755990277 0.4561248558433523 848.9869087582929
19079823 0.5078469372050631 0.4561248558433523 848.9869087582929
19085823 0.55395847695758 0.4561248558433523 848.9869087582929
19091823 0.5323753704332783 0.4561248558433523 845.1664676688806
19097823 0.5656381442211922 0.4561248558433523 845.1664676688806
19103823 0.5391765936605115 0.4561248558433523 841.3632185643706
19109823 0.5172604280006527 0.4561248558433523 841.3632185643706
19115823 0.49943824272880194 0.4561248558433523 841.3632185643706
19121823 0.5398317807370681 0.4561248558433523 837.577084080831
19127823 0.5197098239119524 0.4561248558433523 837.577084080831
19133823 0.4936966655132217 0.4561248558433523 837.577084080831
19139823 0.5349752879482365 0.4561248558433523 833.8079872024673
19145823 0.5379511485814558 0.4561248558433523 833.8079872024673
19151823 94.37493915697678 0.4561248558433523 830.0558512600562
19157823 94.35044876365683 0.4561248558433523 830.0558512600562
19163823 94.3404829924465 0.4561248558433523 830.0558512600562
19169823 119.99839078195687 0.4561248558433523 830.0558512600562
19175823 0.5107799614398537 0.4561248558433523 826.320599929386
19181823 0.48646856189026283 0.4561248558433523 826.320599929386
19187823 94.37556869971387 0.4561248558433523 826.320599929386
19193823 0.5343400342132477 0.4561248558433523 822.6021572297038
19199823 0.5182266870153295 0.4561248558433523 822.6021572297038
19205823 0.5378484277986895 0.4561248558433523 822.6021572297038
19211823 0.5380861162793942 0.4561248558433523 822.6021572297038
19217823 0.5570578121006959 0.4561248558433523 818.9004475221702
19223823 0.5293763713272263 0.4561248558433523 818.9004475221702
19229823 0.518339813043824 0.4561248558433523 818.9004475221702
19235823 0.5035188089923484 0.4561248558433523 815.2153955083205
19241823 0.5630390057335731 0.4561248558433523 815.2153955083205
19247823 0.5164448099827964 0.4561248558433523 811.5469262285332
19253823 0.5026861044566335 0.4561248558433523 811.5469262285332
19259823 0.5151564766895698 0.4561248558433523 811.5469262285332
19265823 552.2612341398104 0.4561248558433523 811.5469262285332
19271823 0.5568530421244148 0.4561248558433523 807.8949650605048
19277823 0.5371877823985628 0.4561248558433523 807.8949650605048
19283823 0.5442301729692236 0.4561248558433523 807.8949650605048
19289823 0.5519795279185729 0.4561248558433523 807.8949650605048
19295823 0.5289282223116132 0.4561248558433523 807.8949650605048
19301823 0.5060784451452008 0.4561248558433523 804.2594377177326
19307823 671.6969216590811 0.4561248558433523 804.2594377177326
19313823 0.5386413754619443 0.4561248558433523 800.6402702480028
19319823 0.5318071426065943 0.4561248558433523 800.6402702480028
19325823 119.97915009873115 0.4561248558433523 800.6402702480028
19331823 0.5587721339537565 0.4561248558433523 797.0373890318868
19337823 94.36998988166054 0.4561248558433523 797.0373890318868
19343823 119.99086801843168 0.4561248558433523 797.0373890318868
19349823 0.5747514300783666 0.4561248558433523 793.4507207812434
19355823 119.96782215327009 0.4561248558433523 793.4507207812434
19361823 0.5409876409831477 0.4561248558433523 793.4507207812434
19367823 119.97938092137365 0.4561248558433523 793.4507207812434
19373823 0.5442709758566661 0.4561248558433523 789.8801925377278
19379823 0.5237114994268788 0.4561248558433523 789.8801925377278
19385823 0.5317949247906244 0.4561248558433523 789.8801925377278
19391823 0.5085005835235743 0.4561248558433523 789.8801925377278
19397823 0.5453432293826226 0.4561248558433523 786.3257316713081
19403823 0.5588389894546992 0.4561248558433523 786.3257316713081
19409823 0.5576484702098826 0.4561248558433523 786.3257316713081
19415823 94.3823554032898 0.4561248558433523 782.7872658787873
19421823 94.40892396104826 0.4561248558433523 782.7872658787873
19427823 0.5467839100962347 0.4561248558433523 779.2647231823328
19433823 0.5657584202969954 0.4561248558433523 779.2647231823328
19439823 552.223475442133 0.4561248558433523 779.2647231823328
19445823 0.5048003047814142 0.4561248558433523 775.7580319280123
19451823 0.5210317547446981 0.4561248558433523 775.7580319280123
19457823 0.5409455560787304 0.4561248558433523 775.7580319280123
19463823 0.5454642256690765 0.4561248558433523 775.7580319280123
19469823 0.5593900692193623 0.4561248558433523 772.2671207843363
19475823 94.36144859356548 0.4561248558433523 772.2671207843363
19481823 94.37987181897121 0.4561248558433523 772.2671207843363
19487823 0.539499080237805 0.4561248558433523 768.7919187408068
19493823 0.5856940359138101 0.4561248558433523 768.7919187408068
19499823 0.5537947152865234 0.4561248558433523 768.7919187408068
19505823 0.5222486168009195 0.4561248558433523 765.3323551064732
19511823 0.51267061644949 0.4561248558433523 765.3323551064732
19517823 483.48281004141376 0.4561248558433523 761.8883595084941
19523823 94.35210381381604 0.4561248558433523 761.8883595084941
19529823 0.5493513525676735 0.4561248558433523 758.459861890706
19535823 94.35753728561073 0.4561248558433523 758.459861890706
19541823 0.5182605932032898 0.4561248558433523 758.459861890706
19547823 0.5342528471006844 0.4561248558433523 758.459861890706
19553823 0.5202076793097522 0.4561248558433523 755.0467925121978
19559823 602.9647302470491 0.4561248558433523 755.0467925121978
19565823 0.525525988326492 0.4561248558433523 751.649081945893
19571823 119.9649335848212 0.4561248558433523 751.649081945893
19577823 0.5251000918372964 0.4561248558433523 751.649081945893
19583823 0.529288172429515 0.4561248558433523 748.2666610771365
19589823 483.518578890955 0.4561248558433523 748.2666610771365
19595823 0.5449949058849543 0.4561248558433523 748.2666610771365
19601823 0.5381178119046203 0.4561248558433523 748.2666610771365
19607823 0.5349260845584243 0.4561248558433523 748.2666610771365
19613823 0.535275368407554 0.4561248558433523 744.8994611022895
19619823 0.5312104704966399 0.4561248558433523 744.8994611022895
19625823 0.5533262502134533 0.4561248558433523 741.5474135273292
19631823 552.226433770229 0.4561248558433523 741.5474135273292
19637823 94.39464664278087 0.4561248558433523 741.5474135273292
19643823 552.2603959707506 0.4561248558433523 738.2104501664563
19649823 0.5431191171889919 0.4561248558433523 738.2104501664563
19655823 0.5818901994188229 0.4561248558433523 734.8885031407073
19661823 0.5605118537545151 0.4561248558433523 734.8885031407073
19667823 0.5987203229979208 0.4561248558433523 731.5815048765741
19673823 0.5690012203741014 0.4561248558433523 731.5815048765741
19679823 0.5699525819466824 0.4561248558433523 731.5815048765741
19685823 0.5605111962069904 0.4561248558433523 728.2893881046296
19691823 119.97793178688836 0.4561248558433523 728.2893881046296
19697823 646.0601001027283 0.4561248558433523 725.0120858581588
19703823 94.38252477913196 0.4561248558433523 725.0120858581588
19709823 94.34426711763315 0.4561248558433523 721.7495314717971
19715823 483.51045473528364 0.4561248558433523 721.7495314717971
19721823 0.48164050076454545 0.4561248558433523 721.7495314717971
19727823 0.5598421236885723 0.4561248558433523 721.7495314717971
19733823 0.5352545446756704 0.4561248558433523 718.5016585801741
19739823 119.99568314006822 0.4561248558433523 718.5016585801741
19745823 94.34955437120712 0.4561248558433523 715.2684011165634
19751823 0.5350198283119575 0.4561248558433523 715.2684011165634
19757823 0.5247340548205008 0.4561248558433523 712.0496933115389
19763823 0.5655099654429773 0.4561248558433523 712.0496933115389
19769823 0.5506479840089759 0.4561248558433523 708.845469691637
19775823 94.40993442255699 0.4561248558433523 708.845469691637
19781823 552.2568353794385 0.4561248558433523 705.6556650780248
19787823 0.5688690755356546 0.4561248558433523 705.6556650780248
19793823 0.5278663347327197 0.4561248558433523 705.6556650780248
19799823 119.95455747299803 0.4561248558433523 702.4802145851737
19805823 0.5142230808909177 0.4561248558433523 702.4802145851737
19811823 0.5648965189504277 0.4561248558433523 699.3190536195405
19817823 0.5226060312381497 0.4561248558433523 699.3190536195405
19823823 0.5476836073309765 0.4561248558433523 699.3190536195405
19829823 0.575990906123302 0.4561248558433523 699.3190536195405
19835823 94.40190022355654 0.4561248558433523 696.1721178782526
19841823 94.40362927055047 0.4561248558433523 696.1721178782526
19847823 119.9752975567233 0.4561248558433523 696.1721178782526
19853823 119.96760920670216 0.4561248558433523 696.1721178782526
19859823 0.578318292623605 0.4561248558433523 696.1721178782526
19865823 0.5787532960197658 0.4561248558433523 693.0393433478005
19871823 0.562554972306099 0.4561248558433523 693.0393433478005
19877823 0.5449657504996783 0.4561248558433523 689.9206663027354
19883823 0.509990221079505 0.4561248558433523 689.9206663027354
19889823 120.01492971966705 0.4561248558433523 689.9206663027354
19895823 119.98601978069912 0.4561248558433523 686.8160233043732
19901823 602.9224414313202 0.4561248558433523 686.8160233043732
19907823 483.51433808574023 0.4561248558433523 683.7253511995035
19913823 119.97540137414332 0.4561248558433523 683.7253511995035
19919823 0.5281071901135226 0.4561248558433523 683.7253511995035
19925823 94.3912831859055 0.4561248558433523 683.7253511995035
19931823 0.5370799975847897 0.4561248558433523 683.7253511995035
19937823 0.5137094311779443 0.4561248558433523 683.7253511995035
19943823 0.5342639602557377 0.4561248558433523 683.7253511995035
19949823 119.99463870864243 0.4561248558433523 680.6485871191057
19955823 94.37346229992872 0.4561248558433523 680.6485871191057
19961823 0.558014265465194 0.4561248558433523 677.5856684770698
19967823 483.49685847159463 0.4561248558433523 677.5856684770698
19973823 0.5167724613785898 0.4561248558433523 677.5856684770698
19979823 0.5304294209746392 0.4561248558433523 677.5856684770698
19985823 0.521128102791342 0.4561248558433523 677.5856684770698
19991823 0.5820425189985341 0.4561248558433523 674.536532968923
19997823 0.5518667590089673 0.4561248558433523 674.536532968923
20003823 0.5470929040722154 0.4561248558433523 674.536532968923
20009823 552.2625637413693 0.4561248558433523 671.5011185705629
20015823 0.5267216570223898 0.4561248558433523 671.5011185705629
20021823 0.5508925009997981 0.4561248558433523 671.5011185705629
20027823 0.561495823069427 0.4561248558433523 671.5011185705629
20033823 0.5344077436516455 0.4561248558433523 668.4793635369954
20039823 0.5099586614248519 0.4561248558433523 668.4793635369954
20045823 94.37449047853642 0.4561248558433523 665.4712064010789
20051823 0.5771963625958534 0.4561248558433523 665.4712064010789
20057823 0.5523760190159056 0.4561248558433523 662.476585972274
20063823 94.39319614936795 0.4561248558433523 662.476585972274
20069823 94.35775919283896 0.4561248558433523 662.476585972274
20075823 119.9558891883382 0.4561248558433523 659.4954413353988
20081823 0.5461336478442597 0.4561248558433523 659.4954413353988
20087823 94.35411327578188 0.4561248558433523 656.5277118493896
20093823 94.36659669994738 0.4561248558433523 656.5277118493896
20099823 0.5585408996075824 0.4561248558433523 653.5733371460674
20105823 0.5450119910327181 0.4561248558433523 653.5733371460674
20111823 0.523336011187926 0.4561248558433523 653.5733371460674
20117823 0.5774155977836795 0.4561248558433523 653.5733371460674
20123823 0.5206899411657219 0.4561248558433523 650.6322571289102
20129823 0.5593511726520164 0.4561248558433523 650.6322571289102
20135823 0.5373744943933065 0.4561248558433523 647.7044119718302
20141823 94.38362681435746 0.4561248558433523 647.7044119718302
20147823 0.5638848355760943 0.4561248558433523 647.7044119718302
20153823 0.5226955794189215 0.4561248558433523 644.789742117957
20159823 0.5462315056505664 0.4561248558433523 644.789742117957
20165823 94.36022225192681 0.4561248558433523 641.8881882784262
20171823 119.98364678826985 0.4561248558433523 641.8881882784262
20177823 552.2287958274748 0.4561248558433523 641.8881882784262
20183823 0.5363397968553142 0.4561248558433523 638.9996914311733
20189823 0.5453704488656718 0.4561248558433523 638.9996914311733
20195823 119.97248642680633 0.4561248558433523 638.9996914311733
20201823 0.5486453485775058 0.4561248558433523 636.1241928197331
20207823 0.5337464733118903 0.4561248558433523 636.1241928197331
20213823 0.5388263885014286 0.4561248558433523 633.2616339520443
20219823 0.5317294696601951 0.4561248558433523 633.2616339520443
20225823 94.38420569927867 0.4561248558433523 633.2616339520443
20231823 0.5343486309262978 0.4561248558433523 633.2616339520443
20237823 0.519168543508866 0.4561248558433523 630.4119565992602
20243823 0.5300659297958532 0.4561248558433523 630.4119565992602
20249823 0.5282100342176133 0.4561248558433523 627.5751027945636
20255823 94.34759267823112 0.4561248558433523 627.5751027945636
20261823 552.2437736163853 0.4561248558433523 624.7510148319881
20267823 0.5445605965878876 0.4561248558433523 624.7510148319881
20273823 119.96772613897527 0.4561248558433523 624.7510148319881
20279823 0.5401745799325454 0.4561248558433523 624.7510148319881
20285823 0.5543239347644404 0.4561248558433523 624.7510148319881
20291823 0.543015095413638 0.4561248558433523 624.7510148319881
20297823 0.5283503992172853 0.4561248558433523 624.7510148319881
20303823 0.5124634146475077 0.4561248558433523 621.9396352652442
20309823 0.5684709404717935 0.4561248558433523 621.9396352652442
20315823 0.5184804865384434 0.4561248558433523 619.1409069065506
20321823 0.5230273082673331 0.4561248558433523 619.1409069065506
20327823 0.5263019254950533 0.4561248558433523 616.3547728254712
20333823 0.5281984614359223 0.4561248558433523 616.3547728254712
20339823 0.5346747520306045 0.4561248558433523 613.5811763477566
20345823 0.5239733875396179 0.4561248558433523 613.5811763477566
20351823 119.9880821482698 0.4561248558433523 613.5811763477566
20357823 0.5351421792259187 0.4561248558433523 610.8200610541917
20363823 94.35186597447726 0.4561248558433523 610.8200610541917
20369823 94.39456797292368 0.4561248558433523 610.8200610541917
20375823 0.5046032303216826 0.4561248558433523 608.0713707794479
20381823 0.5401749457397472 0.4561248558433523 608.0713707794479
20387823 94.3762858832207 0.4561248558433523 605.3350496109404
20393823 0.5365162522876037 0.4561248558433523 605.3350496109404
20399823 0.5531734305886491 0.4561248558433523 605.3350496109404
20405823 0.5425666063170471 0.4561248558433523 602.6110418876912
20411823 0.5286387042123813 0.4561248558433523 602.6110418876912
20417823 0.5537122206773224 0.4561248558433523 602.6110418876912
20423823 0.5181502502029321 0.4561248558433523 602.6110418876912
20429823 94.3405029537532 0.4561248558433523 599.8992921991966
20435823 0.5101585899320336 0.4561248558433523 599.8992921991966
20441823 0.5469784632118176 0.4561248558433523 599.8992921991966
20447823 0.5742083666945652 0.4561248558433523 597.1997453843002
20453823 0.5583174903125379 0.4561248558433523 597.1997453843002
20459823 0.5115963118987017 0.4561248558433523 597.1997453843002
20465823 0.5320740762623177 0.4561248558433523 594.5123465300709
20471823 0.5376059402844134 0.4561248558433523 594.5123465300709
20477823 0.5217543683037799 0.4561248558433523 594.5123465300709
20483823 119.99770050594717 0.4561248558433523 594.5123465300709
20489823 94.3790885141046 0.4561248558433523 594.5123465300709
20495823 94.38305762902121 0.4561248558433523 591.8370409706856
20501823 119.9583265938796 0.4561248558433523 591.8370409706856
20507823 119.97105086817687 0.4561248558433523 591.8370409706856
20513823 0.5244269758823102 0.4561248558433523 589.1737742863176
20519823 0.5326525759856674 0.4561248558433523 589.1737742863176
20525823 0.5308210579050957 0.4561248558433523 589.1737742863176
20531823 0.5348357962759458 0.4561248558433523 586.5224923020291
20537823 0.551809314696544 0.4561248558433523 586.5224923020291
20543823 0.537505653509042 0.4561248558433523 586.5224923020291
20549823 0.5507217346941029 0.4561248558433523 586.5224923020291
20555823 94.38650292496013 0.4561248558433523 583.8831410866701
20561823 94.37531192576917 0.4561248558433523 583.8831410866701
20567823 0.5274487787025797 0.4561248558433523 583.8831410866701
20573823 94.39767750090303 0.4561248558433523 583.8831410866701
20579823 0.5247518275897332 0.4561248558433523 583.8831410866701
20585823 0.5301932123713328 0.4561248558433523 581.2556669517801
20591823 119.98934716755468 0.4561248558433523 581.2556669517801
20597823 483.51752692140207 0.4561248558433523 578.6400164504971
20603823 0.516445095695342 0.4561248558433523 578.6400164504971
20609823 0.5573625081639844 0.4561248558433523 576.0361363764699
20615823 0.4922137589455976 0.4561248558433523 576.0361363764699
20621823 0.5393968322598087 0.4561248558433523 576.0361363764699
20627823 0.5234007290267387 0.4561248558433523 573.4439737627758
20633823 0.5003222023779532 0.4561248558433523 573.4439737627758
20639823 0.5831903657532831 0.4561248558433523 573.4439737627758
20645823 94.36077177853934 0.4561248558433523 573.4439737627758
20651823 94.36951140144795 0.4561248558433523 570.8634758808433
20657823 119.92282958955258 0.4561248558433523 570.8634758808433
20663823 0.5250754355678463 0.4561248558433523 568.2945902393795
20669823 94.33559926768866 0.4561248558433523 568.2945902393795
20675823 0.5186086072530938 0.4561248558433523 565.7372645833024
20681823 0.529896187644873 0.4561248558433523 565.7372645833024
20687823 94.32243184816028 0.4561248558433523 563.1914468926775
20693823 119.94723294772304 0.4561248558433523 563.1914468926775
20699823 94.34791049807747 0.4561248558433523 563.1914468926775
20705823 0.5230584112245034 0.4561248558433523 560.6570853816605
20711823 0.5387469851694909 0.4561248558433523 560.6570853816605
20717823 0.5358891470202446 0.4561248558433523 558.134128497443
20723823 0.537068906931801 0.4561248558433523 558.134128497443
20729823 0.5487927704495668 0.4561248558433523 555.6225249192046
20735823 0.5648783481148922 0.4561248558433523 555.6225249192046
20741823 0.5478428070753338 0.4561248558433523 553.1222235570682
20747823 0.530957165719859 0.4561248558433523 553.1222235570682
20753823 602.9316140736242 0.4561248558433523 550.6331735510614
20759823 602.9498049397968 0.4561248558433523 550.6331735510614
20765823 552.247689541846 0.4561248558433523 550.6331735510614
20771823 94.39301878697101 0.4561248558433523 548.1553242700817
20777823 0.5176325455964887 0.4561248558433523 548.1553242700817
20783823 0.5721726124100399 0.4561248558433523 548.1553242700817
20789823 94.38608249106436 0.4561248558433523 548.1553242700817
20795823 0.5442970875991541 0.4561248558433523 545.6886253108663
20801823 119.98896482270061 0.4561248558433523 545.6886253108663
20807823 94.37585003201939 0.4561248558433523 545.6886253108663
20813823 0.5800897111162092 0.4561248558433523 545.6886253108663
20819823 119.9821986027136 0.4561248558433523 543.2330264969675
20825823 0.5255170574600875 0.4561248558433523 543.2330264969675
20831823 0.5373116252372889 0.4561248558433523 543.2330264969675
20837823 0.5968578346707262 0.4561248558433523 540.7884778777311
20843823 0.5384006464747757 0.4561248558433523 540.7884778777311
20849823 0.5366177892329704 0.4561248558433523 538.3549297272814
20855823 94.36555502710154 0.4561248558433523 538.3549297272814
20861823 0.5071177225627306 0.4561248558433523 535.9323325435087
20867823 0.5536419630173643 0.4561248558433523 535.9323325435087
20873823 0.5444067335228766 0.4561248558433523 533.5206370470629
20879823 0.5383139117538789 0.4561248558433523 533.5206370470629
20885823 0.5302176816528983 0.4561248558433523 531.1197941803512
20891823 483.4726941279686 0.4561248558433523 531.1197941803512
20897823 119.95797347923104 0.4561248558433523 528.7297551065396
20903823 0.560157327433173 0.4561248558433523 528.7297551065396
20909823 0.5134539421195349 0.4561248558433523 528.7297551065396
20915823 0.5182108370731672 0.4561248558433523 528.7297551065396
20921823 0.5451435653790679 0.4561248558433523 526.3504712085603
20927823 0.5593143970822906 0.4561248558433523 526.3504712085603
20933823 0.4882979936246556 0.4561248558433523 523.9818940881217
20939823 0.5211908007246555 0.4561248558433523 523.9818940881217
20945823 119.95736452667751 0.4561248558433523 521.6239755647252
20951823 0.5229272516107921 0.4561248558433523 521.6239755647252
20957823 119.96381984896966 0.4561248558433523 521.6239755647252
20963823 0.5314519124923353 0.4561248558433523 519.276667674684
20969823 0.5191657830335039 0.4561248558433523 519.276667674684
20975823 0.5548587475119816 0.4561248558433523 519.276667674684
20981823 0.5763712615406538 0.4561248558433523 516.9399226701479
20987823 0.5815881915399438 0.4561248558433523 516.9399226701479
20993823 0.5573291074798769 0.4561248558433523 516.9399226701479
20999823 0.5623640436312657 0.4561248558433523 514.6136930181323
21005823 0.5548806222324402 0.4561248558433523 514.6136930181323
21011823 0.56467527716392 0.4561248558433523 512.2979313995507
21017823 94.35405625311937 0.4561248558433523 512.2979313995507
21023823 0.5582777135710124 0.4561248558433523 512.2979313995507
21029823 0.5343868573225536 0.4561248558433523 509.9925907082528
21035823 0.5066688305091214 0.4561248558433523 509.9925907082528
21041823 0.49929946590914365 0.4561248558433523 509.9925907082528
21047823 119.97319489465542 0.4561248558433523 507.6976240500657
21053823 0.5048340335323763 0.4561248558433523 507.6976240500657
21059823 94.3551057449893 0.4561248558433523 507.6976240500657
21065823 0.500325850755095 0.4561248558433523 507.6976240500657
21071823 0.5271889072984017 0.4561248558433523 505.41298474184043
21077823 0.5315454328748621 0.4561248558433523 505.41298474184043
21083823 119.98500190432773 0.4561248558433523 503.13862631050216
21089823 0.5188321328204604 0.4561248558433523 503.13862631050216
21095823 0.5297571067395261 0.4561248558433523 500.8745024921049
21101823 119.98341260935977 0.4561248558433523 500.8745024921049
21107823 0.5225246662739977 0.4561248558433523 500.8745024921049
21113823 119.9977287733993 0.4561248558433523 498.62056723089046
21119823 0.5297936290235362 0.4561248558433523 498.62056723089046
21125823 0.5088617041422714 0.4561248558433523 496.37677467835147
21131823 483.4455374290318 0.4561248558433523 496.37677467835147
21137823 0.5233073158601752 0.4561248558433523 494.1430791922989
21143823 0.5400702533639028 0.4561248558433523 494.1430791922989
21149823 0.5173813174966873 0.4561248558433523 491.9194353359336
21155823 0.5551861384308309 0.4561248558433523 491.9194353359336
21161823 119.98747944521517 0.4561248558433523 491.9194353359336
21167823 0.5606615908261262 0.4561248558433523 489.7057978769219
21173823 0.5247100539129994 0.4561248558433523 489.7057978769219
21179823 0.5241394704909814 0.4561248558433523 487.50212178647575
21185823 0.5479406183411897 0.4561248558433523 487.50212178647575
21191823 0.5158160776981061 0.4561248558433523 487.50212178647575
21197823 0.5615013188350254 0.4561248558433523 487.50212178647575
21203823 0.6057330157999559 0.4561248558433523 485.30836223843664
21209823 0.5486846096416647 0.4561248558433523 485.30836223843664
21215823 94.4036663720279 0.4561248558433523 485.30836223843664
21221823 0.5529876148693447 0.4561248558433523 483.1244746083637
21227823 0.517518042169623 0.4561248558433523 483.1244746083637
21233823 0.5771024017212957 0.4561248558433523 483.1244746083637
21239823 94.38510886162683 0.4561248558433523 483.1244746083637
21245823 94.39510127871607 0.4561248558433523 480.9504144726261
21251823 0.5542914918754897 0.4561248558433523 480.9504144726261
21257823 0.5515384692129846 0.4561248558433523 480.9504144726261
21263823 0.5480187615334755 0.4561248558433523 480.9504144726261
21269823 0.5693499448824841 0.4561248558433523 478.7861376074993
21275823 0.5464039694887066 0.4561248558433523 478.7861376074993
21281823 0.535838337598064 0.4561248558433523 476.6315999882656
21287823 0.5199790458237976 0.4561248558433523 476.6315999882656
21293823 0.521341578920832 0.4561248558433523 476.6315999882656
21299823 120.00259387607025 0.4561248558433523 476.6315999882656
21305823 0.5815322507480326 0.4561248558433523 474.4867577883184
21311823 94.34409638542805 0.4561248558433523 474.4867577883184
21317823 0.5239616782616953 0.4561248558433523 474.4867577883184
21323823 0.5580734639550227 0.4561248558433523 474.4867577883184
21329823 0.5280772125070478 0.4561248558433523 472.351567378271
21335823 0.5506785777287769 0.4561248558433523 472.351567378271
21341823 0.5345550119312934 0.4561248558433523 472.351567378271
21347823 94.35444056375036 0.4561248558433523 470.2259853250688
21353823 0.5212268235159098 0.4561248558433523 470.2259853250688
21359823 0.5602764499066034 0.4561248558433523 468.109968391106
21365823 0.5368126651054206 0.4561248558433523 468.109968391106
21371823 0.5250361237969925 0.45302540048375 466.00347353334604
21377823 0.5276676198799415 0.45302540048375 466.00347353334604
21383823 0.56358087498937 0.45302540048375 466.00347353334604
21389823 0.5390586343025642 0.45302540048375 463.906457902446
21395823 0.5435455874116609 0.45302540048375 463.906457902446
21401823 94.32198703858681 0.45302540048375 461.818878841885
21407823 0.5331854706385868 0.45302540048375 461.818878841885
21413823 119.96126774593168 0.45302540048375 461.818878841885
21419823 119.95785921187272 0.45302540048375 459.74069388709654
21425823 119.97490020725716 0.45302540048375 459.74069388709654
21431823 94.39200482641893 0.45302540048375 457.6718607646046
21437823 119.95720781867337 0.45302540048375 457.6718607646046
21443823 0.5472354390270763 0.45302540048375 455.6123373911639
21449823 0.5258222348119397 0.45302540048375 455.6123373911639
21455823 0.5503976237488855 0.45302540048375 455.6123373911639
21461823 0.5676065900387867 0.45302540048375 453.5620818729037
21467823 0.5424837123907288 0.45302540048375 453.5620818729037
21473823 0.5611001562344278 0.45302540048375 453.5620818729037
21479823 0.5173734874907625 0.45302540048375 451.5210525044757
21485823 94.37118309904173 0.45302540048375 451.5210525044757
21491823 0.5156660031391067 0.45302540048375 449.4892077682056
21497823 0.5288467126962388 0.45302540048375 449.4892077682056
21503823 0.5522277013159739 0.45302540048375 449.4892077682056
21509823 0.5337779583885441 0.45302540048375 447.4665063332487
21515823 94.34997780311772 0.45302540048375 447.4665063332487
21521823 94.37770302140804 0.45302540048375 445.45290705474906
21527823 0.5205854578654839 0.45302540048375 445.45290705474906
21533823 0.5691336197721968 0.45302540048375 443.4483689730027
21539823 119.99297738700885 0.45302540048375 443.4483689730027
21545823 0.5396136587247229 0.45302540048375 441.4528513126242
21551823 94.36649303451082 0.45302540048375 441.4528513126242
21557823 0.5259592726999337 0.45302540048375 441.4528513126242
21563823 0.5323180548951123 0.45302540048375 439.4663134817174
21569823 0.5368996970875417 0.45302540048375 439.4663134817174
21575823 0.5287696758114704 0.45302540048375 437.4887150710497
21581823 0.5904327345278668 0.45302540048375 437.4887150710497
21587823 0.5512070501772643 0.45302540048375 437.4887150710497
21593823 0.5263711997244851 0.45302540048375 435.52001585323
21599823 0.5598695035829967 0.45302540048375 435.52001585323
21605823 0.5470847359749751 0.45302540048375 433.5601757818905
21611823 0.5574078656798513 0.45302540048375 433.5601757818905
21617823 0.5478415030623477 0.45302540048375 433.5601757818905
21623823 0.5796390228167707 0.45302540048375 431.609154990872
21629823 94.39295244294088 0.45302540048375 431.609154990872
21635823 0.5131574362785234 0.45302540048375 429.66691379341313
21641823 94.38115370778938 0.45302540048375 429.66691379341313
21647823 94.38410901611603 0.45302540048375 429.66691379341313
21653823 0.5485692065426384 0.45302540048375 427.73341268134277
21659823 0.5648612521375325 0.45302540048375 427.73341268134277
21665823 0.5434437435081966 0.45302540048375 425.80861232427674
21671823 119.97103967645171 0.45302540048375 425.80861232427674
21677823 119.9665506740427 0.45302540048375 423.89247356881754
21683823 0.5162425190501563 0.45302540048375 423.89247356881754
21689823 0.5240472478512603 0.45302540048375 423.89247356881754
21695823 0.5290663365326879 0.45302540048375 421.9849574377579
21701823 0.5540498531386631 0.45302540048375 421.9849574377579
21707823 94.34487641271735 0.45302540048375 420.086025129288
21713823 0.528172532014134 0.45302540048375 420.086025129288
21719823 0.5518719920903401 0.45302540048375 418.1956380162062
21725823 119.99448512972278 0.45302540048375 418.1956380162062
21731823 0.5776449383993292 0.45302540048375 416.3137576451333
21737823 0.531208514185249 0.45302540048375 416.3137576451333
21743823 119.99905857800113 0.45302540048375 416.3137576451333
21749823 0.539300416543981 0.45302540048375 414.4403457357302
21755823 94.37173176922632 0.45302540048375 414.4403457357302
21761823 94.38075710458938 0.45302540048375 414.4403457357302
21767823 0.5536342724272978 0.45302540048375 412.57536417991946
21773823 119.97635568007911 0.45302540048375 412.57536417991946
21779823 0.5393210248925072 0.45302540048375 410.71877504110984
21785823 119.98191815882788 0.45302540048375 410.71877504110984
21791823 0.5446943649173202 0.45302540048375 408.87054055342486
21797823 119.99877427991672 0.45302540048375 408.87054055342486
21803823 0.5490002556433801 0.45302540048375 407.0306231209345
21809823 0.5422368791953346 0.45302540048375 407.0306231209345
21815823 0.5458376637836995 0.45302540048375 407.0306231209345
21821823 94.41095163358426 0.45302540048375 405.1989853168903
21827823 0.5751730036324412 0.45302540048375 405.1989853168903
21833823 0.5626763405129501 0.45302540048375 405.1989853168903
21839823 0.5297076682753301 0.45302540048375 405.1989853168903
21845823 119.9953056721789 0.45302540048375 405.1989853168903
21851823 0.5062612402275275 0.45302540048375 403.3755898829643
21857823 119.97717112171003 0.45302540048375 403.3755898829643
21863823 0.5405602869829623 0.45302540048375 401.56039972849095
21869823 0.538200632820646 0.45302540048375 401.56039972849095
21875823 94.38185904700337 0.45302540048375 401.56039972849095
21881823 119.99157070662983 0.45302540048375 399.75337792971277
21887823 0.5416714435324684 0.45302540048375 399.75337792971277
21893823 0.5456863375773973 0.45302540048375 399.75337792971277
21899823 0.5092697872237858 0.45302540048375 399.75337792971277
21905823 0.5367509022370283 0.45302540048375 399.75337792971277
21911823 0.5268560585876438 0.45302540048375 397.9544877290291
21917823 119.96457239270103 0.45302540048375 397.9544877290291
21923823 119.99923952717154 0.45302540048375 397.9544877290291
21929823 0.5389850004842682 0.45302540048375 396.16369253424847
21935823 94.36930587827918 0.45302540048375 396.16369253424847
21941823 213.828946770722 0.45302540048375 396.16369253424847
21947823 0.5259571615410045 0.45302540048375 394.38095591784435
21953823 94.40034207640447 0.45302540048375 394.38095591784435
21959823 0.5241749216970131 0.45302540048375 394.38095591784435
21965823 0.5214560483634028 0.45302540048375 394.38095591784435
21971823 0.5261050547359271 0.45302540048375 394.38095591784435
21977823 0.5360517977801 0.45302540048375 394.38095591784435
21983823 0.4813906630130137 0.45302540048375 394.38095591784435
21989823 0.5722758122207194 0.45302540048375 392.60624161621405
21995823 0.5815939423934614 0.45302540048375 392.60624161621405
22001823 0.5898024842315044 0.45302540048375 392.60624161621405
22007823 0.511750349116647 0.45302540048375 390.8395135289411
22013823 119.96122691779584 0.45302540048375 390.8395135289411
22019823 0.5492257394527937 0.45302540048375 390.8395135289411
22025823 0.5377733735593057 0.45302540048375 389.0807357180609
22031823 0.5439941142338057 0.45302540048375 389.0807357180609
22037823 0.562493149583702 0.45302540048375 387.3298724073297
22043823 0.5281035967229685 0.45302540048375 387.3298724073297
22049823 94.3445932581743 0.45302540048375 387.3298724073297
22055823 94.36083105152152 0.45302540048375 387.3298724073297
22061823 0.5295726161075018 0.45302540048375 385.5868879814967
22067823 0.4938657832453513 0.45302540048375 385.5868879814967
22073823 0.5528750346399514 0.45302540048375 383.85174698558
22079823 94.3605933370125 0.45302540048375 383.85174698558
22085823 0.5386367406807409 0.45302540048375 383.85174698558
22091823 0.5554584197599437 0.45302540048375 382.1244141241449
22097823 94.37909775735496 0.45302540048375 382.1244141241449
22103823 0.5466463549989419 0.45302540048375 380.40485426058626
22109823 120.03077550876019 0.45302540048375 380.40485426058626
22115823 0.5686638300389082 0.45302540048375 378.69303241641364
22121823 0.5644615211280507 0.45302540048375 378.69303241641364
22127823 0.5355656733290444 0.45302540048375 378.69303241641364
22133823 213.8175350510331 0.45302540048375 378.69303241641364
22139823 0.5529811527617663 0.45302540048375 376.9889137705398
22145823 94.36918275291988 0.45302540048375 376.9889137705398
22151823 0.5148216756393573 0.45302540048375 376.9889137705398
22157823 0.5706585130911335 0.45302540048375 376.9889137705398
22163823 119.9587178026167 0.45302540048375 376.9889137705398
22169823 0.566267501115673 0.45302540048375 375.2924636585724
22175823 0.5456843659867615 0.45302540048375 375.2924636585724
22181823 0.5722303098188217 0.45302540048375 373.60364757210886
22187823 0.5256658195624196 0.45302540048375 373.60364757210886
22193823 0.5514404385115276 0.45302540048375 371.9224311580344
22199823 0.5284290954542997 0.45302540048375 371.9224311580344
22205823 0.5618400179288446 0.45302540048375 371.9224311580344
22211823 0.5129714315349468 0.45302540048375 370.24878021782325
22217823 94.36725536679342 0.45302540048375 370.24878021782325
22223823 0.5344722581908571 0.45302540048375 368.58266070684306
22229823 0.5378432015557247 0.45302540048375 368.58266070684306
22235823 0.5292331103933007 0.45302540048375 366.92403873366226
22241823 0.5170724108501848 0.45302540048375 366.92403873366226
22247823 94.37262485636292 0.45302540048375 366.92403873366226
22253823 0.49383996240828354 0.45302540048375 365.2728805593608
22259823 0.5284364758731371 0.45302540048375 365.2728805593608
22265823 0.5595264960785692 0.45302540048375 365.2728805593608
22271823 94.38718786949003 0.45302540048375 365.2728805593608
22277823 0.5149415475609018 0.45302540048375 363.62915259684365
22283823 0.49751607817830495 0.45302540048375 363.62915259684365
22289823 0.4964588718706873 0.45302540048375 363.62915259684365
22295823 0.5202360263141889 0.45302540048375 363.62915259684365
22301823 0.5616908003664727 0.45302540048375 361.9928214101579
22307823 0.5539646467885092 0.45302540048375 361.9928214101579
22313823 0.5277461973599724 0.45302540048375 360.3638537138122
22319823 119.97436718125826 0.45302540048375 360.3638537138122
22325823 119.96983035885195 0.45302540048375 358.7422163721001
22331823 0.5249874497637329 0.45302540048375 358.7422163721001
22337823 0.5347311054370638 0.45302540048375 357.12787639842566
22343823 94.34874398037792 0.45302540048375 357.12787639842566
22349823 94.38584814865855 0.45302540048375 357.12787639842566
22355823 94.35636566621872 0.45302540048375 355.52080095463276
22361823 0.5533217021625709 0.45302540048375 355.52080095463276
22367823 0.5427677234606068 0.45302540048375 355.52080095463276
22373823 0.5006715560538537 0.45302540048375 353.92095735033695
22379823 0.5527750627898679 0.45302540048375 353.92095735033695
22385823 0.5451018198637337 0.45302540048375 353.92095735033695
22391823 94.4132235773377 0.45302540048375 352.32831304226045
22397823 0.5461638090442759 0.45302540048375 352.32831304226045
22403823 0.5217410291433934 0.45302540048375 352.32831304226045
22409823 94.3397594756652 0.45302540048375 352.32831304226045
22415823 0.5583383643528675 0.45302540048375 350.7428356335703
22421823 0.49795813220882174 0.45302540048375 350.7428356335703
22427823 119.98973989379782 0.45302540048375 350.7428356335703
22433823 94.39288132943997 0.45302540048375 349.1644928732192
22439823 0.5251316317129947 0.45302540048375 349.1644928732192
22445823 119.91518882444754 0.45302540048375 349.1644928732192
22451823 0.5277072202335013 0.45302540048375 347.59325265528975
22457823 0.5245067371519457 0.45302540048375 347.59325265528975
22463823 0.5433325587233091 0.45302540048375 347.59325265528975
22469823 0.529198842519516 0.45302540048375 347.59325265528975
22475823 0.5296279166080381 0.45302540048375 346.02908301834094
22481823 119.97562746942172 0.45302540048375 346.02908301834094
22487823 0.5304746141464299 0.45302540048375 344.4719521447584
22493823 0.5426893439602044 0.45302540048375 344.4719521447584
22499823 0.567241256248644 0.45302540048375 342.921828360107
22505823 0.5315973942167117 0.45302540048375 342.921828360107
22511823 119.94705072026203 0.45302540048375 341.3786801324865
22517823 0.5504292932439012 0.45302540048375 341.3786801324865
22523823 119.97977166903084 0.45302540048375 341.3786801324865
22529823 0.5208886590116094 0.45302540048375 339.84247607189036
22535823 0.5454344361986044 0.45302540048375 339.84247607189036
22541823 0.537976219765341 0.45302540048375 338.3131849295669
22547823 0.502369645191698 0.45302540048375 338.3131849295669
22553823 0.5381126631637637 0.45302540048375 338.3131849295669
22559823 0.5499310882822682 0.45302540048375 336.79077559738386
22565823 0.5156951501271211 0.45302540048375 336.79077559738386
22571823 94.36890662782629 0.45302540048375 336.79077559738386
22577823 0.5139673554073952 0.45302540048375 335.27521710719566
22583823 0.536746223032441 0.45302540048375 335.27521710719566
22589823 0.5606568379384236 0.45302540048375 335.27521710719566
22595823 0.5338199598062745 0.45302540048375 335.27521710719566
22601823 0.5553748689247399 0.45302540048375 333.76647863021327
22607823 0.5551680746103993 0.45302540048375 333.76647863021327
22613823 0.5366257136211446 0.45302540048375 332.26452947637733
22619823 94.36373578702771 0.45302540048375 332.26452947637733
22625823 0.5916112748628369 0.45302540048375 330.76933909373366
22631823 94.39152792332764 0.45302540048375 330.76933909373366
22637823 0.5846374225818225 0.45302540048375 330.76933909373366
22643823 0.5371792896137375 0.45302540048375 330.76933909373366
22649823 0.5221728264439207 0.45302540048375 329.2808770678119
22655823 0.5384630911090159 0.45302540048375 329.2808770678119
22661823 0.565632747747358 0.45302540048375 329.2808770678119
22667823 0.5479129614668886 0.45302540048375 329.2808770678119
22673823 0.5747731145740242 0.45302540048375 327.79911312100677
22679823 0.5590323977513904 0.45302540048375 327.79911312100677
22685823 0.5297095503575293 0.45302540048375 327.79911312100677
22691823 119.94281112532774 0.45302540048375 327.79911312100677
22697823 0.5360635071727649 0.45302540048375 326.32401711196223
22703823 0.49909716582280306 0.45302540048375 326.32401711196223
22709823 94.37646533485635 0.45302540048375 326.32401711196223
22715823 0.5383297767141488 0.45302540048375 324.85555903495845
22721823 0.5491330463886767 0.45302540048375 324.85555903495845
22727823 0.5365159914699967 0.45302540048375 324.85555903495845
22733823 0.5512862560030167 0.45302540048375 324.85555903495845
22739823 0.5302807373026099 0.45302540048375 324.85555903495845
22745823 119.98635068528618 0.45302540048375 324.85555903495845
22751823 0.5276955829265458 0.45302540048375 323.3937090193011
22757823 0.5582002408060004 0.45302540048375 323.3937090193011
22763823 94.36171613468453 0.45302540048375 323.3937090193011
22769823 0.5795268555800381 0.45302540048375 321.9384373287143
22775823 0.5596515683090205 0.45302540048375 321.9384373287143
22781823 0.5238881703817351 0.45302540048375 321.9384373287143
22787823 0.5820125386625535 0.45302540048375 321.9384373287143
22793823 119.99456458130973 0.45302540048375 320.4897143607351
22799823 0.5432158289507214 0.45302540048375 320.4897143607351
22805823 119.98657664236315 0.45302540048375 320.4897143607351
22811823 0.5374047579748688 0.45302540048375 320.4897143607351
22817823 213.81609806077321 0.45302540048375 319.0475106461118
22823823 0.561222739926133 0.45302540048375 319.0475106461118
22829823 0.577418218534029 0.45302540048375 319.0475106461118
22835823 94.40466978523652 0.45302540048375 319.0475106461118
22841823 0.5348278281975078 0.45302540048375 317.6117968482043
22847823 0.5632187826113023 0.45302540048375 317.6117968482043
22853823 0.5325424604792576 0.45302540048375 317.6117968482043
22859823 0.5501839417031118 0.45302540048375 316.18254376238735
22865823 0.5244444760621021 0.45302540048375 316.18254376238735
22871823 94.36881834019584 0.45302540048375 316.18254376238735
22877823 0.5248268701084905 0.45302540048375 314.7597223154566
22883823 0.5768536923850728 0.45302540048375 314.7597223154566
22889823 0.5322432928924175 0.45302540048375 314.7597223154566
22895823 0.5611205736660951 0.45302540048375 314.7597223154566
22901823 0.5510550970944645 0.45302540048375 313.34330356503705
22907823 0.5594018840798368 0.45302540048375 313.34330356503705
22913823 0.5645211536625461 0.45302540048375 313.34330356503705
22919823 0.5358267391515288 0.45302540048375 313.34330356503705
22925823 0.5366592117340792 0.45302540048375 311.9332586989944
22931823 0.5358892525865994 0.45302540048375 311.9332586989944
22937823 0.5453772256057093 0.45302540048375 310.52955903484894
22943823 0.5361938497026468 0.45302540048375 310.52955903484894
22949823 0.526076448432089 0.45302540048375 310.52955903484894
22955823 0.563664071390711 0.45302540048375 309.1321760191921
22961823 0.5589712272246549 0.45302540048375 309.1321760191921
22967823 119.96568097439554 0.45302540048375 309.1321760191921
22973823 0.55954758961099 0.45302540048375 307.7410812271058
22979823 0.5208291669713209 0.45302540048375 307.7410812271058
22985823 0.5424650689912407 0.45302540048375 307.7410812271058
22991823 0.5519942533963168 0.45302540048375 306.3562463615838
22997823 0.5179846280349167 0.45302540048375 306.3562463615838
23003823 0.5575413514635027 0.45302540048375 304.97764325295674
23009823 0.5488177791845832 0.45302540048375 304.97764325295674
23015823 0.5703088738045579 0.45302540048375 304.97764325295674
23021823 0.5725730462751909 0.45302540048375 304.97764325295674
23027823 0.5612152645982187 0.45302540048375 303.60524385831843
23033823 0.5266912052309076 0.45302540048375 303.60524385831843
23039823 0.611251567513376 0.45302540048375 302.239020260956
23045823 119.98287311809874 0.45302540048375 302.239020260956
23051823 94.39054211992028 0.45302540048375 300.87894466978173
23057823 0.5610532952811844 0.45302540048375 300.87894466978173
23063823 119.97711321511309 0.45302540048375 300.87894466978173
23069823 0.5666374478919926 0.45302540048375 299.52498941876775
23075823 0.5674324348472659 0.45302540048375 299.52498941876775
23081823 0.5390088793538141 0.45302540048375 299.52498941876775
23087823 0.5215621535577236 0.45302540048375 299.52498941876775
23093823 0.5491322159221408 0.45302540048375 298.1771269663833
23099823 94.35944730145998 0.45302540048375 298.1771269663833
23105823 0.5532497761639651 0.45302540048375 296.8353298950346
23111823 0.5364955595106435 0.45302540048375 296.8353298950346
23117823 0.5588417968165847 0.45302540048375 295.499570910507
23123823 0.5381916037837814 0.45302540048375 295.499570910507
23129823 0.5462280842874777 0.45302540048375 295.499570910507
23135823 0.5604751365577259 0.45302540048375 295.499570910507
23141823 0.5456941664237862 0.45302540048375 295.499570910507
23147823 213.81562655235876 0.45302540048375 295.499570910507
23153823 0.5091304715640496 0.45302540048375 294.1698228414097
23159823 0.5343587009207356 0.45302540048375 294.1698228414097
23165823 119.9787317395051 0.45302540048375 294.1698228414097
23171823 213.78871489727527 0.45302540048375 292.8460586386234
23177823 94.39287119052491 0.45302540048375 292.8460586386234
23183823 0.5120660578430076 0.45302540048375 291.5282513747496
23189823 0.5462349134279811 0.45302540048375 291.5282513747496
23195823 0.5556142810635125 0.45302540048375 291.5282513747496
23201823 0.5835213874897155 0.45302540048375 290.2163742435632
23207823 119.96535474982355 0.45302540048375 290.2163742435632
23213823 119.99820348483621 0.45302540048375 288.9104005594672
23219823 94.33591869797297 0.45302540048375 288.9104005594672
23225823 0.5365530738421128 0.45302540048375 287.6103037569496
23231823 0.518189313769577 0.45302540048375 287.6103037569496
23237823 0.539593400064787 0.45302540048375 287.6103037569496
23243823 0.5582120859804387 0.45302540048375 287.6103037569496
23249823 0.5511194924511308 0.45302540048375 287.6103037569496
23255823 0.5154065011469879 0.45302540048375 287.6103037569496
23261823 0.5345466767557375 0.45302540048375 286.31605739004334
23267823 0.5208752393291609 0.45302540048375 286.31605739004334
23273823 0.5432602471278152 0.45302540048375 286.31605739004334
23279823 0.588169742861243 0.45302540048375 286.31605739004334
23285823 0.5425965342908856 0.45302540048375 286.31605739004334
23291823 0.5573641996125329 0.45302540048375 286.31605739004334
23297823 213.79863397318817 0.45302540048375 285.02763513178814
23303823 0.5551309027991066 0.45302540048375 285.02763513178814
23309823 0.518361082280082 0.45302540048375 283.7450107736951
23315823 0.5329966861818652 0.45302540048375 283.7450107736951
23321823 0.5006101343957168 0.45302540048375 282.46815822521353
23327823 0.5375815917214537 0.45302540048375 282.46815822521353
23333823 0.5183220850492944 0.45302540048375 281.1970515132001
23339823 0.5478912146626594 0.45302540048375 281.1970515132001
23345823 119.99000991541655 0.45302540048375 281.1970515132001
23351823 0.568579368159404 0.45302540048375 279.93166478139074
23357823 119.99087660667495 0.45302540048375 279.93166478139074
23363823 0.553768160158335 0.45302540048375 278.6719722898745
23369823 119.92485311009376 0.45302540048375 278.6719722898745
23375823 94.34600455967784 0.45302540048375 278.6719722898745
23381823 0.5320421908005161 0.45302540048375 277.41794841457005
23387823 0.5390247599060027 0.45302540048375 277.41794841457005
23393823 94.42641547152837 0.45302540048375 276.1695676467045
23399823 0.5452390133439357 0.45302540048375 276.1695676467045
23405823 0.5048922262540639 0.45302540048375 274.92680459229433
23411823 0.5276285969649419 0.45302540048375 274.92680459229433
23417823 0.5300950391924539 0.45302540048375 274.92680459229433
23423823 94.33767979186764 0.45302540048375 273.689633971629
23429823 213.784956150599 0.45302540048375 273.689633971629
23435823 0.5304953174878011 0.45302540048375 272.4580306187567
23441823 119.97278304868013 0.45302540048375 272.4580306187567
23447823 0.5260687233311443 0.45302540048375 272.4580306187567
23453823 0.548569413444822 0.45302540048375 272.4580306187567
23459823 0.5730339540145054 0.45302540048375 272.4580306187567
23465823 0.5581744022871252 0.45302540048375 272.4580306187567
23471823 0.5581274961734185 0.45302540048375 271.23196948097234
23477823 0.5557535525230307 0.45302540048375 271.23196948097234
23483823 0.5441204132205684 0.45302540048375 271.23196948097234
23489823 0.537574144576521 0.45302540048375 270.01142561830795
23495823 0.5457143941164496 0.45302540048375 270.01142561830795
23501823 120.00130927898788 0.45302540048375 268.7963742030256
23507823 0.5651765522087381 0.45302540048375 268.7963742030256
23513823 0.5344196630335737 0.45302540048375 268.7963742030256
23519823 0.5326866911173226 0.45302540048375 268.7963742030256
23525823 0.5470114838228027 0.45302540048375 267.586790519112
23531823 94.43517249755546 0.45302540048375 267.586790519112
23537823 0.5533056187239501 0.45302540048375 266.382649961776
23543823 0.5480632445734505 0.45302540048375 266.382649961776
23549823 0.5306367884582882 0.45302540048375 266.382649961776
23555823 0.5792265560933836 0.45302540048375 265.18392803694803
23561823 0.52242742573646 0.45302540048375 265.18392803694803
23567823 0.5429726131831598 0.45302540048375 263.9906003607818
23573823 94.37749545523755 0.45302540048375 263.9906003607818
23579823 0.5418578025049304 0.45302540048375 262.80264265915827
23585823 0.5488222080309291 0.45302540048375 262.80264265915827
23591823 0.4974361930396397 0.45302540048375 262.80264265915827
23597823 0.5511113221120794 0.45302540048375 261.6200307671921
23603823 119.96055448431869 0.45302540048375 261.6200307671921
23609823 0.5027079698396516 0.45302540048375 260.4427406287397
23615823 0.5673225364464185 0.45302540048375 260.4427406287397
23621823 0.5236809800965171 0.45302540048375 260.4427406287397
23627823 0.5609369588383382 0.45302540048375 259.27074829591044
23633823 0.5427705670571357 0.45302540048375 259.27074829591044
23639823 0.5611473850790885 0.45302540048375 258.1040299285788
23645823 0.5594689846731414 0.45302540048375 258.1040299285788
23651823 0.5917362752913291 0.45302540048375 256.9425617939002
23657823 0.5345074860621886 0.45302540048375 256.9425617939002
23663823 0.5558234155531399 0.45302540048375 255.78632026582767
23669823 0.5440556503891361 0.45302540048375 255.78632026582767
23675823 94.39290967923648 0.45302540048375 254.63528182463145
23681823 0.5654482399393392 0.45302540048375 254.63528182463145
23687823 0.5378739086407262 0.45302540048375 253.48942305642063
23693823 0.5485554481201481 0.45302540048375 253.48942305642063
23699823 119.94716919894404 0.45302540048375 252.34872065266674
23705823 0.5190962353699806 0.45302540048375 252.34872065266674
23711823 0.54306167210884 0.45302540048375 252.34872065266674
23717823 0.5475837503011911 0.45302540048375 252.34872065266674
23723823 0.5609468014911773 0.45302540048375 251.21315140972976
23729823 0.5281564346377591 0.45302540048375 251.21315140972976
23735823 94.37040310205056 0.45302540048375 250.08269222838598
23741823 0.493387384052005 0.45302540048375 250.08269222838598
23747823 94.35727268196285 0.45302540048375 248.95732011335826
23753823 0.5270952896992784 0.45302540048375 248.95732011335826
23759823 0.5367846093601523 0.45302540048375 248.95732011335826
23765823 0.5844596043639553 0.45302540048375 248.95732011335826
23771823 0.5722504755666727 0.45302540048375 247.83701217284818
23777823 0.572478948456837 0.45302540048375 247.83701217284818
23783823 0.5241226680421563 0.45302540048375 247.83701217284818
23789823 0.4840341191056281 0.45302540048375 247.83701217284818
23795823 0.5367496806042235 0.45302540048375 247.83701217284818
23801823 94.36836898522607 0.45302540048375 246.72174561807037
23807823 0.551771303564959 0.45302540048375 246.72174561807037
23813823 0.5241085648617538 0.45302540048375 245.61149776278907
23819823 0.5315703223665579 0.45302540048375 245.61149776278907
23825823 119.9721304931165 0.45302540048375 244.50624602285654
23831823 119.93472661213626 0.45302540048375 244.50624602285654
23837823 0.5544977809470124 0.45302540048375 243.4059679157537
23843823 0.5888027337017424 0.45302540048375 243.4059679157537
23849823 119.99236649521006 0.45302540048375 243.4059679157537
23855823 119.96981289518193 0.45302540048375 242.31064106013284
23861823 119.94503153264773 0.45302540048375 242.31064106013284
23867823 0.5527405554570316 0.45302540048375 242.31064106013284
23873823 0.5707848166556889 0.45302540048375 242.31064106013284
23879823 0.5443567186739828 0.45302540048375 242.31064106013284
23885823 0.5389478682058421 0.45302540048375 242.31064106013284
23891823 0.5603377327702549 0.45302540048375 241.22024317536224
23897823 0.5469557598655823 0.45302540048375 241.22024317536224
23903823 119.97827754957986 0.45302540048375 240.13475208107312
23909823 0.5312826959655901 0.45302540048375 240.13475208107312
23915823 0.538984768703591 0.45302540048375 240.13475208107312
23921823 119.98803659322977 0.45302540048375 240.13475208107312
23927823 0.5253004085498124 0.45302540048375 240.13475208107312
23933823 94.35461352546011 0.45302540048375 239.0541456967083
23939823 0.5312673670085808 0.45302540048375 239.0541456967083
23945823 0.526766493261972 0.45302540048375 239.0541456967083
23951823 0.5440913292923044 0.45302540048375 239.0541456967083
23957823 0.5368538559259789 0.45302540048375 237.97840204107314
23963823 0.5409830495543869 0.45302540048375 237.97840204107314
23969823 119.99096102262688 0.45302540048375 236.90749923188832
23975823 0.5188979181279204 0.45302540048375 236.90749923188832
23981823 94.35128082172312 0.45302540048375 236.90749923188832
23987823 0.538421740427351 0.45302540048375 235.84141548534484
23993823 0.5283630945311741 0.45302540048375 235.84141548534484
23999823 0.5343492097427259 0.45302540048375 234.7801291156608
24005823 0.5209317704944647 0.45302540048375 234.7801291156608
24011823 94.34658353776408 0.45302540048375 234.7801291156608
24017823 94.35682667214002 0.45302540048375 233.72361853464034
24023823 94.35661417119447 0.45302540048375 233.72361853464034
24029823 0.5319476344676902 0.45302540048375 233.72361853464034
24035823 0.5261720798910823 0.45302540048375 232.67186225123447
24041823 0.5423699948692126 0.45302540048375 232.67186225123447
24047823 0.5408522980772534 0.45302540048375 231.62483887110392
24053823 0.4913791433849068 0.45302540048375 231.62483887110392
24059823 0.5070930615324462 0.45302540048375 230.58252709618395
24065823 0.5278719481527278 0.45302540048375 230.58252709618395
24071823 0.5277105547524596 0.45302540048375 229.54490572425112
24077823 94.3769228055252 0.45302540048375 229.54490572425112
24083823 94.35793601702 0.45302540048375 228.511953648492
24089823 119.97940974849139 0.45302540048375 228.511953648492
24095823 0.49328850695096105 0.45302540048375 228.511953648492
24101823 0.5261732400462228 0.45302540048375 227.4836498570738
24107823 94.3667149212099 0.45302540048375 227.4836498570738
24113823 94.37637834951575 0.45302540048375 226.459973432717
24119823 0.5551728846159876 0.45302540048375 226.459973432717
24125823 0.5588539503866657 0.45302540048375 226.459973432717
24131823 0.5640692039064513 0.45302540048375 225.4409035522698
24137823 0.5676766310795694 0.45302540048375 225.4409035522698
24143823 119.96512270119426 0.45302540048375 224.42641948628457
24149823 119.98180742719362 0.45302540048375 224.42641948628457
24155823 0.5804342204340233 0.45302540048375 224.42641948628457
24161823 0.5430258792240189 0.45302540048375 224.42641948628457
24167823 0.5703274836277928 0.45302540048375 224.42641948628457
24173823 94.40164966656945 0.45302540048375 223.41650059859631
24179823 213.7983953984391 0.45302540048375 223.41650059859631
24185823 120.02991704821277 0.45302540048375 222.41112634590263
24191823 94.3757196979084 0.45302540048375 222.41112634590263
24197823 0.5161686443838104 0.45302540048375 221.41027627734607
24203823 0.5434967031654411 0.45302540048375 221.41027627734607
24209823 0.5668007613887772 0.45302540048375 221.41027627734607
24215823 0.5516115578401414 0.45302540048375 221.41027627734607
24221823 0.5642906509479723 0.45302540048375 221.41027627734607
24227823 0.5354020760356648 0.45302540048375 220.41393003409803
24233823 0.5320252782110771 0.45302540048375 220.41393003409803
24239823 0.5723294344405675 0.45302540048375 219.4220673489446
24245823 0.5624719369305322 0.45302540048375 219.4220673489446
24251823 94.38524642879571 0.45302540048375 218.43466804587436
24257823 94.36460531891015 0.45302540048375 218.43466804587436
24263823 0.555099530350181 0.45302540048375 217.45171203966794
24269823 0.524798636603604 0.45302540048375 217.45171203966794
24275823 0.5408835399966818 0.45302540048375 217.45171203966794
24281823 0.5256794919797415 0.45302540048375 216.47317933548945
24287823 119.97465381221154 0.45302540048375 216.47317933548945
24293823 0.5878035067997675 0.45302540048375 216.47317933548945
24299823 0.501288844457308 0.45302540048375 215.49905002847976
24305823 0.5463262119617233 0.45302540048375 215.49905002847976
24311823 0.549017254246422 0.45302540048375 214.5293043033516
24317823 119.96579107970626 0.45302540048375 214.5293043033516
24323823 0.5362494063917672 0.45302540048375 213.56392243398653
24329823 0.5354443765803008 0.45302540048375 213.56392243398653
24335823 0.5435727860992859 0.45302540048375 213.56392243398653
24341823 0.5528321645361217 0.45302540048375 213.56392243398653
24347823 0.5432903210722473 0.45302540048375 212.6028847830336
24353823 0.5305032222006469 0.45302540048375 212.6028847830336
24359823 94.38008180263839 0.45302540048375 212.6028847830336
24365823 0.5241937059662858 0.45302540048375 211.64617180150995
24371823 0.5455888489296036 0.45302540048375 211.64617180150995
24377823 0.5604939766961524 0.45302540048375 210.69376402840317
24383823 0.5292292953924439 0.45302540048375 210.69376402840317
24389823 0.5508116990953678 0.45302540048375 210.69376402840317
24395823 0.5584769479339187 0.45302540048375 210.69376402840317
24401823 119.9802786321929 0.45302540048375 209.74564209027537
24407823 0.5220021607678205 0.45302540048375 209.74564209027537
24413823 119.96945382502268 0.45302540048375 209.74564209027537
24419823 119.97084682287985 0.45302540048375 208.80178670086914
24425823 119.97656802823951 0.45302540048375 208.80178670086914
24431823 0.554543559253962 0.45302540048375 208.80178670086914
24437823 0.5416923380797931 0.45302540048375 208.80178670086914
24443823 0.5593704208181117 0.45302540048375 208.80178670086914
24449823 119.96008438997669 0.45302540048375 208.80178670086914
24455823 0.5428507818239349 0.45302540048375 207.86217866071524
24461823 0.5268059633500257 0.45302540048375 207.86217866071524
24467823 94.41325631131548 0.45302540048375 207.86217866071524
24473823 94.3749628660563 0.45302540048375 207.86217866071524
24479823 0.5287805610931067 0.45302540048375 206.92679885674204
24485823 94.35423394606171 0.45302540048375 206.92679885674204
24491823 0.5246841710958347 0.45302540048375 206.92679885674204
24497823 119.99493943893103 0.45302540048375 206.92679885674204
24503823 119.97626523666177 0.45302540048375 205.9956282618867
24509823 0.49721167277530204 0.45302540048375 205.9956282618867
24515823 0.5501247916482687 0.45302540048375 205.9956282618867
24521823 0.5362686763233054 0.45302540048375 205.9956282618867
24527823 0.539753248727982 0.45302540048375 205.9956282618867
24533823 0.5711379997117865 0.45302540048375 205.9956282618867
24539823 0.5438876257337432 0.45302540048375 205.06864793470822
24545823 0.5569299753490113 0.45302540048375 205.06864793470822
24551823 119.99470623268424 0.45302540048375 205.06864793470822
24557823 0.536930970436402 0.45302540048375 204.14583901900204
24563823 0.512831558662549 0.45302540048375 204.14583901900204
24569823 0.5522843938102593 0.45302540048375 204.14583901900204
24575823 120.00195530349919 0.45302540048375 203.22718274341653
24581823 0.5386342637549074 0.45302540048375 203.22718274341653
24587823 0.5720817069121719 0.45302540048375 202.31266042107117
24593823 0.5691554154349859 0.45302540048375 202.31266042107117
24599823 0.5330593623068113 0.45302540048375 201.40225344917636
24605823 0.5328675328097061 0.45302540048375 201.40225344917636
24611823 0.5443974288784384 0.45302540048375 201.40225344917636
24617823 0.5481054649196401 0.45302540048375 201.40225344917636
24623823 120.00960660496439 0.45302540048375 200.4959433086551
24629823 213.82590688972832 0.45302540048375 200.4959433086551
24635823 0.5477951124595466 0.45302540048375 199.59371156376613
24641823 0.5600978017054895 0.45302540048375 199.59371156376613
24647823 0.5652879097879162 0.45302540048375 199.59371156376613
24653823 0.5503374169790409 0.45302540048375 198.6955398617292
24659823 119.98990954781247 0.45302540048375 198.6955398617292
24665823 0.5217048246459953 0.45302540048375 197.80140993235142
24671823 0.5611229976469628 0.45302540048375 197.80140993235142
24677823 0.5799258214753812 0.45302540048375 197.80140993235142
24683823 0.56104096364924 0.45302540048375 196.91130358765585
24689823 0.5285898345967336 0.45302540048375 196.91130358765585
24695823 0.5451415445192671 0.45302540048375 196.91130358765585
24701823 0.5497327196766253 0.45302540048375 196.02520272151142
24707823 94.41530933567496 0.45302540048375 196.02520272151142
24713823 0.5525120543021533 0.45302540048375 195.14308930926464
24719823 0.5401548325115785 0.45302540048375 195.14308930926464
24725823 94.3821231305319 0.45302540048375 195.14308930926464
24731823 0.5568554677153249 0.45302540048375 194.26494540737295
24737823 0.5540372460507152 0.45302540048375 194.26494540737295
24743823 0.5467501974812162 0.45302540048375 194.26494540737295
24749823 0.5774674405124542 0.45302540048375 193.39075315303978
24755823 0.5292981588870249 0.45302540048375 193.39075315303978
24761823 0.5606951139526002 0.45302540048375 193.39075315303978
24767823 0.51434072276746 0.45302540048375 192.5204947638511
24773823 94.42074225316018 0.45302540048375 192.5204947638511
24779823 0.5031893779856887 0.45302540048375 191.65415253741378
24785823 0.5557994478009131 0.45302540048375 191.65415253741378
24791823 0.56225121372443 0.45302540048375 190.79170885099543
24797823 0.5285248186294581 0.45302540048375 190.79170885099543
24803823 0.5311781308360277 0.45302540048375 190.79170885099543
24809823 0.5395123199133207 0.45302540048375 190.79170885099543
24815823 0.5302505289714456 0.45302540048375 190.79170885099543
24821823 0.5586724686413151 0.45302540048375 189.93314616116595
24827823 0.5615387883966322 0.45302540048375 189.93314616116595
24833823 0.5838788405160815 0.45302540048375 189.07844700344071
24839823 0.558012550573754 0.45302540048375 189.07844700344071
24845823 0.560013965135154 0.45302540048375 188.22759399192523
24851823 0.529216146302608 0.45302540048375 188.22759399192523
24857823 94.384535861281 0.45302540048375 188.22759399192523
24863823 0.5699495654029465 0.45302540048375 187.3805698189616
24869823 0.5501962864667674 0.45302540048375 187.3805698189616
24875823 119.96886997642424 0.45302540048375 187.3805698189616
24881823 0.48809878827341435 0.45302540048375 187.3805698189616
24887823 0.539234741929115 0.45302540048375 186.53735725477628
24893823 0.5363280385735887 0.45302540048375 186.53735725477628
24899823 0.5276218051671647 0.45302540048375 185.6979391471298
24905823 0.5216182059221842 0.45302540048375 185.6979391471298
24911823 0.5121122519194845 0.45302540048375 185.6979391471298
24917823 119.95804415004902 0.45302540048375 184.86229842096773
24923823 0.519113816125994 0.45302540048375 184.86229842096773
24929823 94.39207591980782 0.45302540048375 184.86229842096773
24935823 94.35918486740448 0.45302540048375 184.03041807807338
24941823 0.5301744006510271 0.45302540048375 184.03041807807338
24947823 0.5594405014249368 0.45302540048375 183.20228119672205
24953823 0.5740697764148234 0.45302540048375 183.20228119672205
24959823 0.5112045365786344 0.45302540048375 182.37787093133682
24965823 0.5368414486753178 0.45302540048375 182.37787093133682
24971823 0.5361097182803706 0.45302540048375 181.5571705121458
24977823 0.5340328026692089 0.45302540048375 181.5571705121458
24983823 0.5350643391728733 0.45302540048375 181.5571705121458
24989823 94.31288643578559 0.45302540048375 181.5571705121458
24995823 0.5099237127333458 0.45302540048375 180.74016324484114
25001823 119.95290232228027 0.45302540048375 180.74016324484114
25007823 0.515094366750184 0.45302540048375 180.74016324484114
25013823 0.5215326696495672 0.45302540048375 179.92683251023936
25019823 0.5450451349338233 0.45302540048375 179.92683251023936
25025823 0.5826486290762132 0.45302540048375 179.1171617639433
25031823 0.5275881676784931 0.45302540048375 179.1171617639433
25037823 0.5511594985280833 0.45302540048375 178.31113453600557
25043823 0.5626572065750423 0.45302540048375 178.31113453600557
25049823 0.5378633861997748 0.45302540048375 178.31113453600557
25055823 119.97881811902297 0.45302540048375 177.50873443059356
25061823 0.5349650897835362 0.45302540048375 177.50873443059356
25067823 0.5679496329779777 0.45302540048375 176.7099451256559
25073823 0.5417491013240064 0.45302540048375 176.7099451256559
25079823 0.56506706403327 0.45302540048375 176.7099451256559
25085823 0.500914351018009 0.45302540048375 175.91475037259048
25091823 0.5376831557619547 0.45302540048375 175.91475037259048
25097823 0.5562958427326402 0.45302540048375 175.91475037259048
25103823 119.99409178240236 0.45302540048375 175.12313399591383
25109823 94.38745262211675 0.45302540048375 175.12313399591383
25115823 94.38897960580076 0.45302540048375 174.33507989293224
25121823 0.5400160977237246 0.45302540048375 174.33507989293224
25127823 0.5160606255826417 0.45302540048375 173.55057203341406
25133823 0.5211932384444559 0.45302540048375 173.55057203341406
25139823 0.5758807413562733 0.45302540048375 172.76959445926371
25145823 0.5339455996594171 0.45302540048375 172.76959445926371
25151823 0.5803415791442159 0.45302540048375 172.76959445926371
25157823 120.01993617207513 0.45302540048375 171.99213128419703
25163823 0.5926464915439853 0.45302540048375 171.99213128419703
25169823 119.9672280617109 0.45302540048375 171.99213128419703
25175823 0.5708126099353793 0.45302540048375 171.21816669341814
25181823 0.5575490413548773 0.45302540048375 171.21816669341814
25187823 0.5444222288937357 0.45302540048375 171.21816669341814
25193823 0.5366131753823312 0.45302540048375 170.44768494329776
25199823 0.5361992534415578 0.45302540048375 170.44768494329776
25205823 0.552000755453958 0.45302540048375 170.44768494329776
25211823 120.01465890823562 0.45302540048375 169.68067036105293
25217823 0.5846005119215477 0.45302540048375 169.68067036105293
25223823 0.5622511465199065 0.45302540048375 169.68067036105293
25229823 0.5575741966961374 0.45302540048375 168.91710734442822
25235823 0.5427784061682499 0.45302540048375 168.91710734442822
25241823 94.40629620100171 0.45302540048375 168.91710734442822
25247823 0.5076835814132543 0.45302540048375 168.1569803613783
25253823 0.5670331220215334 0.45302540048375 168.1569803613783
25259823 0.5378002047345718 0.45302540048375 167.4002739497521
25265823 0.5653554316228923 0.45302540048375 167.4002739497521
25271823 0.558381857668613 0.45302540048375 167.4002739497521
25277823 94.36748308578998 0.45302540048375 166.6469727169782
25283823 0.5063585828551169 0.45302540048375 166.6469727169782
25289823 0.5480214927644725 0.45302540048375 166.6469727169782
25295823 0.5294966293734591 0.45302540048375 166.6469727169782
25301823 0.5409111898577702 0.45302540048375 166.6469727169782
25307823 0.5553772523652353 0.45302540048375 166.6469727169782
25313823 0.5388793064672713 0.45302540048375 165.89706133975182
25319823 120.00418005393284 0.45302540048375 165.89706133975182
25325823 0.5372623320500048 0.45302540048375 165.15052456372294
25331823 0.5598208041816318 0.45302540048375 165.15052456372294
25337823 0.5480823444200781 0.45302540048375 165.15052456372294
25343823 0.5449574113510022 0.45302540048375 164.4073472031862
25349823 0.5373444379140702 0.45302540048375 164.4073472031862
25355823 0.5639713315695978 0.45302540048375 163.66751414077186
25361823 0.5594707269368051 0.45302540048375 163.66751414077186
25367823 119.97741353294228 0.45302540048375 163.66751414077186
25373823 0.5376484615431336 0.45302540048375 162.93101032713838
25379823 120.02240709269266 0.45302540048375 162.93101032713838
25385823 119.98083369555422 0.45302540048375 162.93101032713838
25391823 0.5555518623474218 0.45302540048375 162.19782078066626
25397823 0.5805253887979798 0.45302540048375 162.19782078066626
25403823 0.5610072229541029 0.45302540048375 162.19782078066626
25409823 0.544428785723616 0.45302540048375 161.46793058715326
25415823 0.55042557032861 0.45302540048375 161.46793058715326
25421823 0.5095607295686112 0.45302540048375 160.74132489951108
25427823 0.568379001311445 0.45302540048375 160.74132489951108
25433823 0.5152318885634005 0.45302540048375 160.0179889374633
25439823 0.5625424341921541 0.45302540048375 160.0179889374633
25445823 119.99515766018705 0.45302540048375 159.2979079872447
25451823 0.5575525621490267 0.45302540048375 159.2979079872447
25457823 94.34544539081101 0.45302540048375 159.2979079872447
25463823 94.36722850597535 0.45302540048375 158.5810674013021
25469823 0.5412872737205207 0.45302540048375 158.5810674013021
25475823 0.5148322347076449 0.45302540048375 158.5810674013021
25481823 119.9721398451077 0.45302540048375 158.5810674013021
25487823 0.5200141308596613 0.45302540048375 157.86745259799625
25493823 0.5406327104379877 0.45302540048375 157.86745259799625
25499823 119.97402674281368 0.45302540048375 157.86745259799625
25505823 0.5427008637365441 0.45302540048375 157.1570490613053
25511823 0.5530503883994737 0.45302540048375 157.1570490613053
25517823 94.39206737484442 0.45302540048375 156.44984234052941
25523823 0.5445179903362857 0.45302540048375 156.44984234052941
25529823 0.5570186780286667 0.45302540048375 156.44984234052941
25535823 0.5542076468758059 0.45302540048375 156.44984234052941
25541823 0.5521919874358264 0.45302540048375 155.74581804999704
25547823 0.5494951192824261 0.45302540048375 155.74581804999704
25553823 119.97349186873954 0.45302540048375 155.04496186877205
25559823 0.5220051113043411 0.45302540048375 155.04496186877205
25565823 0.5382916281832655 0.45302540048375 155.04496186877205
25571823 0.480696227570354 0.45302540048375 155.04496186877205
25577823 0.5509835854543519 0.45302540048375 155.04496186877205
25583823 0.5324160936566027 0.45302540048375 154.3472595403626
25589823 0.5351231845938511 0.45302540048375 154.3472595403626
25595823 119.94818687176634 0.45302540048375 153.65269687243097
25601823 0.5082452164845958 0.45302540048375 153.65269687243097
25607823 213.79465108701905 0.45302540048375 152.96125973650504
25613823 0.5267512111041678 0.45302540048375 152.96125973650504
25619823 0.5198514303041752 0.45302540048375 152.96125973650504
25625823 119.97486316473213 0.45302540048375 152.96125973650504
25631823 94.35295727315655 0.45302540048375 152.27293406769078
25637823 0.5244159084889154 0.45302540048375 152.27293406769078
25643823 0.5243524910463424 0.45302540048375 151.58770586438618
25649823 119.97292746278826 0.45302540048375 151.58770586438618
25655823 0.5194947816125192 0.45302540048375 151.58770586438618
25661823 0.5483189242389499 0.45302540048375 151.58770586438618
25667823 0.5259770059477613 0.45302540048375 151.58770586438618
25673823 0.5178436154913015 0.45302540048375 150.90556118799645
25679823 119.96885322665909 0.45302540048375 150.90556118799645
25685823 120.0019993693427 0.45302540048375 150.90556118799645
25691823 0.553057996820018 0.45302540048375 150.22648616265047
25697823 0.5710535130144807 0.45302540048375 150.22648616265047
25703823 0.5137785000829947 0.45302540048375 150.22648616265047
25709823 0.5317878276844479 0.45302540048375 149.55046697491855
25715823 0.5644135634968612 0.45302540048375 149.55046697491855
25721823 0.5265456241512295 0.45302540048375 148.87748987353143
25727823 0.5478955652033459 0.45302540048375 148.87748987353143
25733823 0.5470962415958689 0.45302540048375 148.20754116910055
25739823 0.6006781375980511 0.45302540048375 148.20754116910055
25745823 0.5406974270929166 0.45302540048375 148.20754116910055
25751823 0.5454836009745637 0.45302540048375 147.5406072338396
25757823 0.5130421596267094 0.45302540048375 147.5406072338396
25763823 119.96900943549501 0.45302540048375 146.87667450128734
25769823 0.5291393247466825 0.45302540048375 146.87667450128734
25775823 213.77967972946308 0.45302540048375 146.21572946603155
25781823 0.5151228466357336 0.45302540048375 146.21572946603155
25787823 0.5321921246561413 0.45302540048375 146.21572946603155
25793823 0.5299364258908832 0.45302540048375 146.21572946603155
25799823 0.5339204817167038 0.45302540048375 145.5577586834344
25805823 0.5139762951721903 0.45302540048375 145.5577586834344
25811823 0.5562768102441036 0.45302540048375 144.90274876935896
25817823 119.99549296629466 0.45302540048375 144.90274876935896
25823823 0.5600402374453725 0.45302540048375 144.25068639989686
25829823 119.97993130430902 0.45302540048375 144.25068639989686
25835823 0.5508529880339336 0.45302540048375 143.60155831109734
25841823 0.5162246497847585 0.45302540048375 143.60155831109734
25847823 0.5054457889679875 0.45302540048375 143.60155831109734
25853823 0.5508034492476069 0.45302540048375 143.60155831109734
25859823 94.38676253311208 0.45302540048375 142.9553512986974
25865823 0.5359534013905998 0.45302540048375 142.9553512986974
25871823 0.5710629278790721 0.45302540048375 142.9553512986974
25877823 0.5338206886955092 0.45302540048375 142.9553512986974
25883823 94.37913770557294 0.45302540048375 142.31205221785325
25889823 0.5529178188608701 0.45302540048375 142.31205221785325
25895823 94.37876068144158 0.45302540048375 141.6716479828729
25901823 119.98722206762851 0.45302540048375 141.6716479828729
25907823 0.4980943079991931 0.45302540048375 141.03412556695
25913823 0.542220862179793 0.45302540048375 141.03412556695
25919823 94.35296243103099 0.45302540048375 141.03412556695
25925823 0.5270641726589955 0.45302540048375 140.39947200189872
25931823 0.5081262696353088 0.45302540048375 140.39947200189872
25937823 0.5518616688875557 0.45302540048375 140.39947200189872
25943823 120.01792537936933 0.45302540048375 140.39947200189872
25949823 0.5703373157199872 0.45302540048375 139.7676743778902
25955823 0.536133763672418 0.45302540048375 139.7676743778902
25961823 0.5364200304473626 0.45302540048375 139.7676743778902
25967823 0.5486112235144691 0.45302540048375 139.13871984318968
25973823 0.5557417337781428 0.45302540048375 139.13871984318968
25979823 0.5514574542621756 0.45302540048375 139.13871984318968
25985823 0.5531590346417252 0.45302540048375 138.51259560389533
25991823 0.5469226342208817 0.45302540048375 138.51259560389533
25997823 94.35597914326185 0.45302540048375 138.51259560389533
26003823 0.5429223705649683 0.45302540048375 137.8892889236778
26009823 0.5461051736320398 0.45302540048375 137.8892889236778
26015823 119.98505348697405 0.45302540048375 137.26878712352126
26021823 0.5257845179776112 0.45302540048375 137.26878712352126
26027823 94.36776413423318 0.45302540048375 137.26878712352126
26033823 0.5382898548956778 0.45302540048375 137.26878712352126
26039823 119.95582705636133 0.45302540048375 136.65107758146542
26045823 0.5481193532480203 0.45302540048375 136.65107758146542
26051823 120.00931210561384 0.45302540048375 136.65107758146542
26057823 94.40909504941175 0.45302540048375 136.03614773234884
26063823 0.5581019856577394 0.45302540048375 136.03614773234884
26069823 0.5709421222856988 0.45302540048375 136.03614773234884
26075823 0.544235901425953 0.45302540048375 136.03614773234884
26081823 0.5087437509088657 0.45302540048375 135.42398506755328
26087823 119.93436955656652 0.45302540048375 135.42398506755328
26093823 0.5316545779049168 0.45302540048375 135.42398506755328
26099823 0.5027041205906452 0.45302540048375 134.8145771347493
26105823 0.5347117511669757 0.45302540048375 134.8145771347493
26111823 0.5354376792104892 0.45302540048375 134.20791153764293
26117823 0.5347028465522127 0.45302540048375 134.20791153764293
26123823 0.5425348946271786 0.45302540048375 133.60397593572355
26129823 0.542544780165639 0.45302540048375 133.60397593572355
26135823 120.00584322781151 0.45302540048375 133.60397593572355
26141823 0.5328546717442827 0.45302540048375 133.0027580440128
26147823 213.8372255717068 0.45302540048375 133.0027580440128
26153823 0.5769445195138142 0.45302540048375 133.0027580440128
26159823 0.5555288649954534 0.45302540048375 132.40424563281476
26165823 0.5608720637824317 0.45302540048375 132.40424563281476
26171823 0.587998403888587 0.45302540048375 132.40424563281476
26177823 0.5565979297647964 0.45302540048375 131.8084265274671
26183823 119.9808201909007 0.45302540048375 131.8084265274671
26189823 0.5366825777863709 0.45302540048375 131.21528860809352
26195823 0.584086042011064 0.45302540048375 131.21528860809352
26201823 94.3626913032393 0.45302540048375 131.21528860809352
26207823 0.5457588387289624 0.45302540048375 130.6248198093571
26213823 0.5366809082269594 0.45302540048375 130.6248198093571
26219823 119.93782978441908 0.45302540048375 130.03700812021498
26225823 120.01269814180499 0.45302540048375 130.03700812021498
26231823 120.00817937465591 0.45302540048375 130.03700812021498
26237823 0.5323252840488953 0.45302540048375 129.45184158367402
26243823 0.5388809310022439 0.45302540048375 129.45184158367402
26249823 0.5433598093988803 0.45302540048375 128.8693082965475
26255823 0.5170929619709127 0.45302540048375 128.8693082965475
26261823 0.5132203515572926 0.45302540048375 128.8693082965475
26267823 0.5399806426287888 0.45302540048375 128.8693082965475
26273823 0.5326517275328495 0.45302540048375 128.8693082965475
26279823 0.5127557794241003 0.45302540048375 128.28939640921305
26285823 0.5537999207737022 0.45302540048375 128.28939640921305
26291823 0.5340616063670949 0.45302540048375 127.7120941253716
26297823 0.5750063771137999 0.45302540048375 127.7120941253716
26303823 0.5401356321459048 0.45302540048375 127.13738970180744
26309823 0.5522206191064485 0.45302540048375 127.13738970180744
26315823 0.5479949464637589 0.45302540048375 127.13738970180744
26321823 0.5348464159861712 0.45302540048375 127.13738970180744
26327823 0.5671019603024279 0.45302540048375 126.5652714481493
26333823 119.97736977799977 0.45302540048375 126.5652714481493
26339823 0.5352530465780598 0.45302540048375 125.99572772663264
26345823 0.5511668583210344 0.45302540048375 125.99572772663264
26351823 0.5203826872853942 0.45302540048375 125.99572772663264
26357823 0.5061061356039658 0.45302540048375 125.99572772663264
26363823 0.5474151591455858 0.45302540048375 125.99572772663264
26369823 0.5295351157072573 0.45302540048375 125.42874695186279
26375823 0.524533856299488 0.45302540048375 125.42874695186279
26381823 120.00503923427945 0.45302540048375 125.42874695186279
26387823 94.37893660119826 0.45302540048375 124.86431759057942
26393823 0.5459445579305275 0.45302540048375 124.86431759057942
26399823 0.5175046868981795 0.45302540048375 124.86431759057942
26405823 0.5395962364484451 0.45302540048375 124.86431759057942
26411823 94.36473444113172 0.45302540048375 124.30242816142182
26417823 0.5675445412311854 0.45302540048375 124.30242816142182
26423823 0.5247111307033497 0.45302540048375 124.30242816142182
26429823 0.5420538576360203 0.45302540048375 124.30242816142182
26435823 0.5642247320157465 0.45302540048375 123.74306723469542
26441823 119.95399425552968 0.45302540048375 123.74306723469542
26447823 0.5613689561478252 0.45302540048375 123.1862234321393
26453823 119.99788729632304 0.45302540048375 123.1862234321393
26459823 0.5179702699289799 0.45302540048375 123.1862234321393
26465823 94.3374459578722 0.45302540048375 122.63188542669468
26471823 94.36179389640216 0.45302540048375 122.63188542669468
26477823 0.5127859329334287 0.45302540048375 122.08004194227456
26483823 0.5537998527256931 0.45302540048375 122.08004194227456
26489823 0.540884618090765 0.45302540048375 122.08004194227456
26495823 0.5532302287108808 0.45302540048375 121.53068175353434
26501823 0.5262846736499285 0.45302540048375 121.53068175353434
26507823 0.5471260011613146 0.45302540048375 121.53068175353434
26513823 0.5455022812771865 0.45302540048375 121.53068175353434
26519823 0.5245397558645374 0.45302540048375 120.98379368564343
26525823 0.5233153227163366 0.45302540048375 120.98379368564343
26531823 94.35942979364714 0.45302540048375 120.43936661405805
26537823 0.5377359610222976 0.45302540048375 120.43936661405805
26543823 0.5416044469829423 0.45302540048375 119.89738946429479
26549823 0.49922224929377945 0.45302540048375 119.89738946429479
26555823 0.512637566613788 0.45302540048375 119.89738946429479
26561823 0.5498150269224333 0.45302540048375 119.35785121170547
26567823 0.5312501068854404 0.45302540048375 119.35785121170547
26573823 0.5424390372296787 0.45302540048375 119.35785121170547
26579823 0.5114638430097376 0.45302540048375 119.35785121170547
26585823 0.5408177916492469 0.45302540048375 118.8207408812528
26591823 0.566171270849109 0.45302540048375 118.8207408812528
26597823 0.5375890430124637 0.45302540048375 118.28604754728717
26603823 0.5615693720867844 0.45302540048375 118.28604754728717
26609823 0.5668174506122736 0.45302540048375 118.28604754728717
26615823 0.5445825163001432 0.45302540048375 117.75376033332438
26621823 0.5573328160078664 0.45302540048375 117.75376033332438
26627823 94.3959770917396 0.45302540048375 117.75376033332438
26633823 0.5443724316334608 0.45302540048375 117.22386841182443
26639823 94.40869263387113 0.45302540048375 117.22386841182443
26645823 0.5247737701049836 0.45302540048375 116.69636100397122
26651823 94.36802030705539 0.45302540048375 116.69636100397122
26657823 0.5434238446645457 0.45302540048375 116.69636100397122
26663823 0.5294890305760933 0.45302540048375 116.17122737945336
26669823 0.53157605608908 0.45302540048375 116.17122737945336
26675823 0.5500337640841191 0.45302540048375 116.17122737945336
26681823 0.5386246417955979 0.45302540048375 115.64845685624582
26687823 0.5063107480655317 0.45302540048375 115.64845685624582
26693823 0.512558064455279 0.45302540048375 115.64845685624582
26699823 0.5626440146976697 0.45302540048375 115.12803880039272
26705823 0.5537877368781453 0.45302540048375 115.12803880039272
26711823 0.5375509187816523 0.45302540048375 114.60996262579096
26717823 0.5213986257113515 0.45302540048375 114.60996262579096
26723823 0.5320438563608845 0.45302540048375 114.0942177939749
26729823 0.5396471020700384 0.45302540048375 114.0942177939749
26735823 94.37043361154622 0.45302540048375 113.58079381390202
26741823 0.5310958326762244 0.45302540048375 113.58079381390202
26747823 0.529556569744608 0.45302540048375 113.06968024173946
26753823 0.5605851011291781 0.45302540048375 113.06968024173946
26759823 94.35824811751591 0.45302540048375 113.06968024173946
26765823 0.5378049381792032 0.45302540048375 112.56086668065164
26771823 0.5459243052646623 0.45302540048375 112.56086668065164
26777823 0.5555149000740207 0.45302540048375 112.56086668065164
26783823 94.37113340954343 0.45302540048375 112.56086668065164
26789823 94.36972277224814 0.45302540048375 112.05434278058871
26795823 0.5502231088592008 0.45302540048375 112.05434278058871
26801823 0.5347388498277703 0.45302540048375 112.05434278058871
26807823 94.38194179229376 0.45302540048375 112.05434278058871
26813823 0.5435042817309245 0.45302540048375 111.55009823807607
26819823 0.5657540136208874 0.45302540048375 111.55009823807607
26825823 0.5147321122569996 0.45302540048375 111.55009823807607
26831823 0.5144276158934182 0.45302540048375 111.55009823807607
26837823 0.5274842234487357 0.45302540048375 111.55009823807607
26843823 0.5127077677126082 0.45302540048375 111.55009823807607
26849823 0.5511389641945208 0.45302540048375 111.04812279600473
26855823 0.4753206415553985 0.45302540048375 111.04812279600473
26861823 0.5403127215820897 0.45302540048375 110.54840624342272
26867823 0.5358855500188844 0.45302540048375 110.54840624342272
26873823 0.5572295265458808 0.45302540048375 110.05093841532732
26879823 0.5466374870610915 0.45302540048375 110.05093841532732
26885823 0.5606206646647186 0.45302540048375 109.55570919245835
26891823 0.5409821350501671 0.45302540048375 109.55570919245835
26897823 0.5404930391289567 0.45302540048375 109.55570919245835
26903823 0.5781721875284428 0.45302540048375 109.55570919245835
26909823 0.5641319608079952 0.45302540048375 109.06270850109229
26915823 0.4875533727106169 0.45302540048375 109.06270850109229
26921823 0.48236786281193506 0.45302540048375 108.57192631283738
26927823 0.5117215582111068 0.45302540048375 108.57192631283738
26933823 0.5264865313668422 0.45302540048375 108.57192631283738
26939823 0.5121641580783439 0.45302540048375 108.08335264442961
26945823 0.5495603353722445 0.45302540048375 108.08335264442961
26951823 94.37011020609137 0.45302540048375 108.08335264442961
26957823 0.5359622178028314 0.45302540048375 107.59697755752968
26963823 0.5136721777517319 0.45302540048375 107.59697755752968
26969823 0.526096551798858 0.45302540048375 107.59697755752968
26975823 0.5153304406865564 0.45302540048375 107.1127911585208
26981823 119.97233770401685 0.45302540048375 107.1127911585208
26987823 0.535298655808411 0.45302540048375 106.63078359830747
26993823 0.564893540816509 0.45302540048375 106.63078359830747
26999823 0.5116920312912662 0.45302540048375 106.63078359830747
27005823 0.5456153684848792 0.45302540048375 106.15094507211509
27011823 0.5676527081459158 0.45302540048375 106.15094507211509
27017823 0.521368320638615 0.45302540048375 105.67326581929058
27023823 0.5140140184635248 0.45302540048375 105.67326581929058
27029823 0.5276023675892934 0.45302540048375 105.19773612310378
27035823 0.5442794300427992 0.45302540048375 105.19773612310378
27041823 0.5151186607813825 0.45302540048375 104.72434631054982
27047823 94.356692699393 0.45302540048375 104.72434631054982
27053823 0.5286641338713597 0.45302540048375 104.25308675215236
27059823 0.5297426025335867 0.45302540048375 104.25308675215236
27065823 0.5019948081437251 0.45302540048375 104.25308675215236
27071823 0.5595672218131481 0.45302540048375 103.78394786176767
27077823 0.560929065779529 0.45302540048375 103.78394786176767
27083823 0.5076270604896155 0.45302540048375 103.31692009638972
27089823 0.5700617518816985 0.45302540048375 103.31692009638972
27095823 0.5300256493854995 0.45302540048375 102.85199395595598
27101823 0.5073288755536345 0.45302540048375 102.85199395595598
27107823 0.5291767856640788 0.45302540048375 102.85199395595598
27113823 0.5592009783323096 0.45302540048375 102.38915998315417
27119823 0.5748398119818443 0.45302540048375 102.38915998315417
27125823 0.5187345673885033 0.45302540048375 101.92840876322998
27131823 0.5078609943314084 0.45302540048375 101.92840876322998
27137823 0.5438045480901215 0.45302540048375 101.46973092379545
27143823 0.5427666766291268 0.45302540048375 101.46973092379545
27149823 94.34264625628899 0.45302540048375 101.46973092379545
27155823 0.5369850246376805 0.45302540048375 101.01311713463838
27161823 0.5253910527149226 0.45302540048375 101.01311713463838
27167823 0.5236137779847598 0.45302540048375 101.01311713463838
27173823 0.5191935329440637 0.45302540048375 100.5585581075325
27179823 0.5419010136952109 0.45302540048375 100.5585581075325
27185823 0.5467868151828911 0.45302540048375 100.5585581075325
27191823 0.532276002737995 0.45302540048375 100.5585581075325
27197823 0.5507475909302212 0.45302540048375 100.10604459604862
27203823 0.5212707363096205 0.45302540048375 100.10604459604862
27209823 0.49264769307429396 0.45302540048375 100.10604459604862
27215823 0.539581448880881 0.45302540048375 100.10604459604862
27221823 0.5231715190224061 0.45302540048375 99.6555673953664
27227823 0.5368801779750964 0.45302540048375 99.6555673953664
27233823 0.5460416096418801 0.45302540048375 99.20711734208726
27239823 0.5597664037138474 0.45302540048375 99.20711734208726
27245823 0.5190444065718604 0.45302540048375 98.76068531404788
27251823 0.4959571053094814 0.45302540048375 98.76068531404788
27257823 94.33062001963914 0.45302540048375 98.76068531404788
27263823 0.5450604736641032 0.45302540048375 98.31626223013467
27269823 0.5525483562955311 0.45302540048375 98.31626223013467
27275823 0.5763708448912935 0.45302540048375 97.87383905009906
27281823 0.5285125309171379 0.45302540048375 97.87383905009906
27287823 0.5464206749948426 0.45302540048375 97.43340677437362
27293823 0.565838657527559 0.45302540048375 97.43340677437362
27299823 94.36110341944905 0.45302540048375 97.43340677437362
27305823 0.5205502985952787 0.45302540048375 96.99495644388895
27311823 0.5669305076000832 0.45302540048375 96.99495644388895
27317823 0.5199467545966571 0.45302540048375 96.99495644388895
27323823 0.5012501136636937 0.45302540048375 96.99495644388895
27329823 0.5237810158800653 0.45302540048375 96.99495644388895
27335823 0.5421145990568373 0.45302540048375 96.55847913989146
27341823 0.5249731693649468 0.45302540048375 96.55847913989146
27347823 0.5306293367272581 0.45302540048375 96.12396598376195
27353823 0.5139489590166173 0.45302540048375 96.12396598376195
27359823 0.533550130298864 0.45302540048375 95.69140813683502
27365823 0.5279250572905375 0.45302540048375 95.69140813683502
27371823 94.3409411907418 0.45302540048375 95.26079680021927
27377823 0.5157255362522479 0.45302540048375 95.26079680021927
27383823 0.556262614341924 0.45302540048375 95.26079680021927
27389823 119.98585844680605 0.45302540048375 94.83212321461829
27395823 0.5331254761069496 0.45302540048375 94.83212321461829
27401823 0.5463401224118458 0.45302540048375 94.83212321461829
27407823 0.5307368085727483 0.45302540048375 94.83212321461829
27413823 0.5564553614185636 0.45302540048375 94.40537866015252
27419823 0.5310870067076169 0.45302540048375 94.40537866015252
27425823 94.37037856400991 0.45302540048375 94.40537866015252
27431823 119.98238964417583 0.45302540048375 93.98055445618184
27437823 0.5374529288007095 0.45302540048375 93.98055445618184
27443823 0.5372698267515679 0.45302540048375 93.98055445618184
27449823 119.98160686292282 0.45302540048375 93.98055445618184
27455823 0.552413205883587 0.45302540048375 93.55764196112902
27461823 0.5325008278925146 0.45302540048375 93.55764196112902
27467823 0.5467724927735081 0.45302540048375 93.55764196112902
27473823 0.5179799943635893 0.45302540048375 93.13663257230395
27479823 0.5403796172127037 0.45302540048375 93.13663257230395
27485823 0.5599448130135107 0.45302540048375 92.71751772572858
27491823 0.5725420024890993 0.45302540048375 92.71751772572858
27497823 0.5766716966928004 0.45302540048375 92.30028889596281
27503823 0.5134504090499417 0.45302540048375 92.30028889596281
27509823 0.5295397882510242 0.45302540048375 92.30028889596281
27515823 0.5150097617046375 0.45302540048375 91.88493759593098
27521823 0.5523088269526828 0.45302540048375 91.88493759593098
27527823 0.5330116434626805 0.45302540048375 91.88493759593098
27533823 0.525042928835776 0.45302540048375 91.47145537674929
27539823 0.5182025777928142 0.45302540048375 91.47145537674929
27545823 0.5273090179176848 0.45302540048375 91.05983382755392
27551823 0.5195501918499261 0.45302540048375 91.05983382755392
27557823 0.5105166619257709 0.45302540048375 90.65006457532994
27563823 0.5362590765409556 0.45302540048375 90.65006457532994
27569823 0.5581565054388347 0.45302540048375 90.24213928474096
27575823 0.5889705454715904 0.45302540048375 90.24213928474096
27581823 0.5448925984192013 0.45302540048375 89.83604965795963
27587823 0.543782573091696 0.45302540048375 89.83604965795963
27593823 0.5519376684613141 0.45302540048375 89.83604965795963
27599823 0.5559100394839422 0.45302540048375 89.83604965795963
27605823 0.582024984522523 0.45302540048375 89.43178743449882
27611823 0.524151435393605 0.45302540048375 89.43178743449882
27617823 0.5403044706109653 0.45302540048375 89.02934439104358
27623823 0.5603264952515423 0.45302540048375 89.02934439104358
27629823 0.5586653909332245 0.45302540048375 88.62871234128389
27635823 0.5486643769160618 0.45302540048375 88.62871234128389
27641823 0.5773139346788208 0.45302540048375 88.62871234128389
27647823 0.5663473112706149 0.45302540048375 88.22988313574811
27653823 0.5096063801160505 0.45302540048375 88.22988313574811
27659823 0.5157077136366207 0.45302540048375 88.22988313574811
27665823 0.5519206958567977 0.45302540048375 88.22988313574811
27671823 0.5690148882180124 0.45302540048375 87.83284866163724
27677823 0.5158271509254122 0.45302540048375 87.83284866163724
27683823 0.5042481139413143 0.45302540048375 87.83284866163724
27689823 0.5542874894614795 0.45302540048375 87.83284866163724
27695823 0.5267659472118384 0.45302540048375 87.43760084265988
27701823 0.5374404580773787 0.45302540048375 87.43760084265988
27707823 0.5545123086018692 0.45302540048375 87.43760084265988
27713823 0.5300160546501689 0.45302540048375 87.04413163886791
27719823 0.5759391757271466 0.45302540048375 87.04413163886791
27725823 0.5462182678058353 0.45302540048375 86.652433046493
27731823 0.5274653358239662 0.45302540048375 86.652433046493
27737823 0.5320416936672621 0.45302540048375 86.2624970977838
27743823 0.549068423058014 0.45302540048375 86.2624970977838
27749823 0.50863983995819 0.45302540048375 85.87431586084377
27755823 0.5676031794231589 0.45302540048375 85.87431586084377
27761823 0.5622723686125103 0.45302540048375 85.48788143946997
27767823 0.5084537665879121 0.45302540048375 85.48788143946997
27773823 0.5055091213590157 0.45302540048375 85.48788143946997
27779823 0.5167624243591378 0.45302540048375 85.48788143946997
27785823 0.5146533215000064 0.45302540048375 85.10318597299236
27791823 0.5326141974899063 0.45302540048375 85.10318597299236
27797823 0.5517872014301164 0.45302540048375 85.10318597299236
27803823 0.5100028611427954 0.45302540048375 84.7202216361139
27809823 0.5179210099546818 0.45302540048375 84.7202216361139
27815823 0.559519551788275 0.45302540048375 84.3389806387514
27821823 0.578753665726543 0.45302540048375 84.3389806387514
27827823 0.5273373165035953 0.45302540048375 83.95945522587702
27833823 0.53019887451887 0.45302540048375 83.95945522587702
27839823 0.5683818874763483 0.45302540048375 83.95945522587702
27845823 0.5397248861242353 0.45302540048375 83.58163767736058
27851823 0.5487803886522176 0.45302540048375 83.58163767736058
27857823 0.5774049545870912 0.45302540048375 83.58163767736058
27863823 0.5424496614498266 0.45302540048375 83.58163767736058
27869823 0.5665029463527808 0.45302540048375 83.20552030781246
27875823 0.5648642557910667 0.45302540048375 83.20552030781246
27881823 0.5579404313879409 0.45302540048375 83.20552030781246
27887823 0.549419902134871 0.45302540048375 82.83109546642731
27893823 0.5266923864953224 0.45302540048375 82.83109546642731
27899823 0.569652300085777 0.45302540048375 82.83109546642731
27905823 0.5882351804758232 0.45302540048375 82.45835553682839
27911823 0.565105553773526 0.45302540048375 82.45835553682839
27917823 0.558817544868835 0.45302540048375 82.45835553682839
27923823 0.5504047806481979 0.45302540048375 82.45835553682839
27929823 0.5461424121762253 0.45302540048375 82.45835553682839
27935823 0.5346362101563097 0.45302540048375 82.08729293691268
27941823 0.5433728728478046 0.45302540048375 82.08729293691268
27947823 0.5601053477840771 0.45302540048375 81.71790011869658
27953823 0.5599599972743392 0.45302540048375 81.71790011869658
27959823 0.5644047975357385 0.45302540048375 81.35016956816244
27965823 0.5433285788262796 0.45302540048375 81.35016956816244
27971823 0.5090686070617966 0.45302540048375 81.35016956816244
27977823 0.5658542528952438 0.45302540048375 81.35016956816244
27983823 0.5671194024369657 0.45302540048375 80.98409380510572
27989823 0.5880655351499127 0.45302540048375 80.98409380510572
27995823 0.5442857864225678 0.45302540048375 80.61966538298275
28001823 0.55474899652264 0.45302540048375 80.61966538298275
28007823 0.5206630030469064 0.45302540048375 80.25687688875932
28013823 0.5252120748322056 0.45302540048375 80.25687688875932
28019823 0.49146036570288676 0.45302540048375 80.25687688875932
28025823 0.5028884072352426 0.45302540048375 79.89572094275991
28031823 0.5006934981156338 0.45302540048375 79.89572094275991
28037823 0.5104908411164414 0.45302540048375 79.53619019851749
28043823 0.5315066297344491 0.45302540048375 79.53619019851749
28049823 0.5126493152637955 0.45302540048375 79.17827734262417
28055823 0.5289250578061513 0.45302540048375 79.17827734262417
28061823 0.557474593711445 0.45302540048375 78.82197509458237
28067823 0.5048416718736664 0.45302540048375 78.82197509458237
28073823 0.547061982299263 0.45302540048375 78.82197509458237
28079823 0.5181310693626036 0.45302540048375 78.46727620665675
28085823 0.5394426582281036 0.45302540048375 78.46727620665675
28091823 0.47684094389838505 0.45302540048375 78.46727620665675
28097823 0.5349246051761483 0.45302540048375 78.46727620665675
28103823 0.5554438716950957 0.45302540048375 78.46727620665675
28109823 0.5377237873157581 0.45302540048375 78.1141734637268
28115823 0.5310851408042888 0.45302540048375 78.1141734637268
28121823 0.5327826668094086 0.45302540048375 78.1141734637268
28127823 0.5246763144478832 0.45302540048375 77.76265968314003
28133823 0.5191881725051725 0.45302540048375 77.76265968314003
28139823 0.5613713326540132 0.45302540048375 77.76265968314003
28145823 0.5107463316683413 0.45302540048375 77.4127277145659
28151823 0.5286088926982438 0.45302540048375 77.4127277145659
28157823 0.5249104418761137 0.45302540048375 77.4127277145659
28163823 0.533272696902903 0.45302540048375 77.06437043985036
28169823 0.5584169338860339 0.45302540048375 77.06437043985036
28175823 0.5337465004825569 0.45302540048375 76.71758077287105
28181823 0.5437020746600814 0.45302540048375 76.71758077287105
28187823 0.5625560484023815 0.45302540048375 76.71758077287105
28193823 0.5511496883205593 0.45302540048375 76.37235165939313
28199823 0.5192246579008349 0.45302540048375 76.37235165939313
28205823 0.5285156312461423 0.45302540048375 76.37235165939313
28211823 0.5302752216612965 0.45302540048375 76.02867607692586
28217823 0.5609774447774135 0.45302540048375 76.02867607692586
28223823 0.5224961164356071 0.45302540048375 75.6865470345797
28229823 0.5665392702955799 0.45302540048375 75.6865470345797
28235823 0.55845625023529 0.45302540048375 75.34595757292409
28241823 0.5276772026966952 0.45302540048375 75.34595757292409
28247823 0.5195050217511387 0.45302540048375 75.34595757292409
28253823 0.5285115452209115 0.45302540048375 75.34595757292409
28259823 0.5492986777825193 0.45302540048375 75.00690076384593
28265823 0.5196234763588398 0.45302540048375 75.00690076384593
28271823 0.5680659168353701 0.45302540048375 74.66936971040863
28277823 0.522105971316254 0.45302540048375 74.66936971040863
28283823 0.5027416000910789 0.45302540048375 74.66936971040863
28289823 0.5147245597221313 0.45302540048375 74.66936971040863
28295823 0.5218543024900062 0.45302540048375 74.3333575467118
28301823 0.516929844106716 0.45302540048375 74.3333575467118
28307823 0.5457027800983307 0.45302540048375 74.3333575467118
28313823 0.5359922514151734 0.45302540048375 73.9988574377516
28319823 0.511049253607512 0.45302540048375 73.9988574377516
28325823 0.5284545092193791 0.45302540048375 73.66586257928172
28331823 0.5242968323201225 0.45302540048375 73.66586257928172
28337823 0.5301386136370725 0.45302540048375 73.66586257928172
28343823 0.529857940076227 0.45302540048375 73.33436619767495
28349823 0.5667111241949844 0.45302540048375 73.33436619767495
28355823 0.5465619467494891 0.45302540048375 73.00436154978541
28361823 0.5197342655774825 0.45302540048375 73.00436154978541
28367823 0.561999363824216 0.45302540048375 73.00436154978541
28373823 0.519022479719971 0.45302540048375 72.67584192281139
28379823 0.5150537429098186 0.45302540048375 72.67584192281139
28385823 0.5649088370075044 0.45302540048375 72.67584192281139
28391823 0.5488073783796628 0.45302540048375 72.34880063415874
28397823 0.5080968792860356 0.45302540048375 72.34880063415874
28403823 0.5468701808733422 0.45302540048375 72.02323103130503
28409823 0.5579893575112241 0.45302540048375 72.02323103130503
28415823 0.5347696232146596 0.45302540048375 71.69912649166416
28421823 0.5412635929914088 0.45302540048375 71.69912649166416
28427823 0.48645910266701786 0.45302540048375 71.69912649166416
28433823 0.5518894215172212 0.45302540048375 71.37648042245168
28439823 0.5418188330570088 0.45302540048375 71.37648042245168
28445823 0.51998173138664 0.45302540048375 71.05528626055064
28451823 0.554836687497995 0.45302540048375 71.05528626055064
28457823 0.5259319026965698 0.45302540048375 70.73553747237817
28463823 0.5801017791904793 0.45302540048375 70.73553747237817
28469823 0.5561295406992757 0.45302540048375 70.41722755375247
28475823 0.5299057464973161 0.45302540048375 70.41722755375247
28481823 0.556604009191206 0.45302540048375 70.10035002976059
28487823 0.5487352124163836 0.45302540048375 70.10035002976059
28493823 0.571265766471806 0.45302540048375 70.10035002976059
28499823 0.49710231445216757 0.45302540048375 69.78489845462667
28505823 0.5333742838193489 0.45302540048375 69.78489845462667
28511823 0.5160160789121889 0.45302540048375 69.47086641158086
28517823 0.5115696250959457 0.45302540048375 69.47086641158086
28523823 0.5471280882341325 0.45302540048375 69.47086641158086
28529823 0.5136961154176564 0.45302540048375 69.15824751272875
28535823 0.5020322814823824 0.45302540048375 69.15824751272875
28541823 0.5534071985581042 0.45302540048375 68.84703539892148
28547823 0.5473343013516311 0.45302540048375 68.84703539892148
28553823 0.5594822549204682 0.45302540048375 68.84703539892148
28559823 0.541231858584526 0.45302540048375 68.53722373962633
28565823 0.5048306334713165 0.45302540048375 68.53722373962633
28571823 0.5566234608502604 0.45302540048375 68.22880623279801
28577823 0.5496818762044421 0.45302540048375 68.22880623279801
28583823 0.554775488213734 0.45302540048375 67.92177660475042
28589823 0.5432957654551568 0.45302540048375 67.92177660475042
28595823 0.510003021118746 0.45302540048375 67.92177660475042
28601823 0.5484559470989632 0.45302540048375 67.92177660475042
28607823 0.5401756990226261 0.45302540048375 67.61612861002905
28613823 0.533673693046813 0.45302540048375 67.61612861002905
28619823 0.5154257364763598 0.45302540048375 67.61612861002905
28625823 0.5274282049474367 0.45302540048375 67.31185603128392
28631823 0.5684849247362126 0.45302540048375 67.31185603128392
28637823 0.5539220128585762 0.45302540048375 67.00895267914315
28643823 0.5265916841887781 0.45302540048375 67.00895267914315
28649823 0.5729130145527486 0.45302540048375 67.00895267914315
28655823 0.5047518709412615 0.45302540048375 67.00895267914315
28661823 0.5201782608140277 0.45302540048375 67.00895267914315
28667823 0.5370533824908049 0.45302540048375 67.00895267914315
28673823 0.5664565647652132 0.45302540048375 66.70741239208701
28679823 0.5616769522836913 0.45302540048375 66.70741239208701
28685823 0.5514971275493991 0.45302540048375 66.70741239208701
28691823 0.5493280569747231 0.45302540048375 66.40722903632262
28697823 0.5333373455958531 0.45302540048375 66.40722903632262
28703823 0.5180626518736525 0.45302540048375 66.40722903632262
28709823 0.5267159234124066 0.45302540048375 66.40722903632262
28715823 0.52341074087515 0.45302540048375 66.40722903632262
28721823 0.5495798473029493 0.45302540048375 66.40722903632262
28727823 0.563829432101032 0.45302540048375 66.10839650565917
28733823 0.5546181653071497 0.45302540048375 66.10839650565917
28739823 0.5656016523832378 0.45302540048375 65.81090872138371
28745823 0.5759780170832303 0.45302540048375 65.81090872138371
28751823 0.5663293690009815 0.45302540048375 65.81090872138371
28757823 0.5792149241128568 0.45302540048375 65.51475963213748
28763823 0.5560795123614093 0.45302540048375 65.51475963213748
28769823 0.5682621906784149 0.45302540048375 65.51475963213748
28775823 0.5520776964800356 0.45302540048375 65.21994321379287
28781823 0.5579108621804798 0.45302540048375 65.21994321379287
28787823 0.5662662874558441 0.45302540048375 65.21994321379287
28793823 0.5830563267588726 0.45302540048375 64.92645346933081
28799823 0.552092171686529 0.45302540048375 64.92645346933081
28805823 0.5116711573462758 0.45302540048375 64.63428442871883
28811823 0.527440482546536 0.45302540048375 64.63428442871883
28817823 0.511568851284435 0.45302540048375 64.3434301487896
28823823 0.5309927494409064 0.45302540048375 64.3434301487896
28829823 0.5288177775541459 0.45302540048375 64.3434301487896
28835823 0.538864823987444 0.45302540048375 64.3434301487896
28841823 0.5383623554077706 0.45302540048375 64.05388471312004
28847823 0.5460401795381977 0.45302540048375 64.05388471312004
28853823 0.566079074563176 0.45302540048375 64.05388471312004
28859823 0.5574834287949922 0.45302540048375 64.05388471312004
28865823 0.5691758939591329 0.45302540048375 63.765642231911
28871823 0.5160537231356597 0.45302540048375 63.765642231911
28877823 0.5614010034931417 0.45302540048375 63.478696841867404
28883823 0.5442669393670314 0.45302540048375 63.478696841867404
28889823 0.557153821841194 0.45302540048375 63.478696841867404
28895823 0.5439682166337857 0.45302540048375 63.193042706079005
28901823 0.5360212972956017 0.45302540048375 63.193042706079005
28907823 0.5541031498761342 0.45302540048375 62.90867401390165
28913823 0.5421595430022909 0.45302540048375 62.90867401390165
28919823 0.527324090610061 0.45302540048375 62.6255849808391
28925823 0.5076196282161661 0.45302540048375 62.6255849808391
28931823 0.5125724081779189 0.45302540048375 62.6255849808391
28937823 0.5396303146546836 0.45302540048375 62.6255849808391
28943823 0.5430650806347115 0.45302540048375 62.6255849808391
28949823 0.5373541943970891 0.45302540048375 62.343769848425325
28955823 0.5604973170824732 0.45302540048375 62.343769848425325
28961823 0.532356709575578 0.45302540048375 62.06322288410741
28967823 0.5328053702800308 0.45302540048375 62.06322288410741
28973823 0.5160249954676154 0.45302540048375 62.06322288410741
28979823 0.557336872594205 0.45302540048375 61.783938381128934
28985823 0.5019271814372167 0.45302540048375 61.783938381128934
28991823 0.5320233717100431 0.45302540048375 61.783938381128934
28997823 0.528837787499827 0.45302540048375 61.783938381128934
29003823 0.5460319165277818 0.45302540048375 61.50591065841385
29009823 0.5208108650049438 0.45302540048375 61.50591065841385
29015823 0.5421292831007808 0.45302540048375 61.50591065841385
29021823 0.528786188494905 0.45302540048375 61.50591065841385
29027823 0.5738801390509269 0.45302540048375 61.50591065841385
29033823 0.5740292242745659 0.45302540048375 61.229134060450995
29039823 0.5576992057043507 0.45302540048375 61.229134060450995
29045823 0.536107446185651 0.45302540048375 60.95360295717897
29051823 0.5792100433151801 0.45302540048375 60.95360295717897
29057823 0.5793755792671083 0.45302540048375 60.95360295717897
29063823 0.5551282268007329 0.45302540048375 60.67931174387167
29069823 0.5859037055136626 0.45302540048375 60.67931174387167
29075823 0.5797639653964398 0.45302540048375 60.67931174387167
29081823 0.5875004067966355 0.45302540048375 60.67931174387167
29087823 0.544959963264482 0.45302540048375 60.40625484102425
29093823 0.5785747686765678 0.45302540048375 60.40625484102425
29099823 0.5503565892919708 0.45302540048375 60.40625484102425
29105823 0.5378904566441158 0.45302540048375 60.13442669423964
29111823 0.5522038468897942 0.45302540048375 60.13442669423964
29117823 0.5691014836172609 0.45302540048375 59.863821774115564
29123823 0.5332854526112766 0.45302540048375 59.863821774115564
29129823 0.5442893179467226 0.45302540048375 59.594434576132045
29135823 0.5143595087431871 0.45302540048375 59.594434576132045
29141823 0.5561744053598515 0.45302540048375 59.594434576132045
29147823 0.5768054454041333 0.45302540048375 59.594434576132045
29153823 0.5788999992496808 0.45302540048375 59.32625962053945
29159823 0.5670924874597806 0.45302540048375 59.32625962053945
29165823 0.5869577031815041 0.45302540048375 59.05929145224703
29171823 0.5761193723217796 0.45302540048375 59.05929145224703
29177823 0.5446724398930988 0.45302540048375 59.05929145224703
29183823 0.536712721754803 0.45302540048375 59.05929145224703
29189823 0.5482663716441993 0.45302540048375 59.05929145224703
29195823 0.548811379615359 0.45302540048375 59.05929145224703
29201823 0.5558838480810607 0.45302540048375 58.79352464071192
29207823 0.5382627003384792 0.45302540048375 58.79352464071192
29213823 0.5508188497935443 0.45302540048375 58.52895377982872
29219823 0.5439981356649555 0.45302540048375 58.52895377982872
29225823 0.5713860563181865 0.45302540048375 58.52895377982872
29231823 0.5560798909211593 0.45302540048375 58.265573487819495
29237823 0.5554696059456234 0.45302540048375 58.265573487819495
29243823 0.5521851018645736 0.45302540048375 58.265573487819495
29249823 0.5653602502788937 0.45302540048375 58.00337840712431
29255823 0.5416013011565661 0.45302540048375 58.00337840712431
29261823 0.5480422615102318 0.45302540048375 57.74236320429225
29267823 0.5465317659770356 0.45302540048375 57.74236320429225
29273823 0.5564658630413976 0.45302540048375 57.74236320429225
29279823 0.5567659678289973 0.45302540048375 57.48252256987294
29285823 0.551198084530114 0.45302540048375 57.48252256987294
29291823 0.5550406374949404 0.45302540048375 57.48252256987294
29297823 0.5349940407638915 0.45302540048375 57.48252256987294
29303823 0.567371634911142 0.45302540048375 57.48252256987294
29309823 0.553009968573552 0.45302540048375 57.48252256987294
29315823 0.5339561840314218 0.45302540048375 57.22385121830852
29321823 0.5463398957656889 0.45302540048375 57.22385121830852
29327823 0.5371057796383569 0.45302540048375 57.22385121830852
29333823 0.5647889786778844 0.45302540048375 57.22385121830852
29339823 0.5293862232743399 0.45302540048375 56.966343887826135
29345823 0.5422432503371509 0.45302540048375 56.966343887826135
29351823 0.537024849798164 0.45302540048375 56.70999534033092
29357823 0.5123335566046123 0.45302540048375 56.70999534033092
29363823 0.5511691151713172 0.45302540048375 56.454800361299434
29369823 0.5641126160642291 0.45302540048375 56.454800361299434
29375823 0.5702736959613771 0.45302540048375 56.20075375967359
29381823 0.5238636100806476 0.45302540048375 56.20075375967359
29387823 0.5509159627411336 0.45302540048375 56.20075375967359
29393823 0.5196675108472607 0.45302540048375 55.94785036775506
29399823 0.5610745493461722 0.45302540048375 55.94785036775506
29405823 0.5407815864153431 0.45302540048375 55.69608504110016
29411823 0.5544438916440332 0.45302540048375 55.69608504110016
29417823 0.5530498571802972 0.45302540048375 55.44545265841521
29423823 0.5031470415974583 0.45302540048375 55.44545265841521
29429823 0.5402617432773222 0.45302540048375 55.44545265841521
29435823 0.553005532917879 0.45302540048375 55.44545265841521
29441823 0.4899782616614296 0.45302540048375 55.44545265841521
29447823 0.5391778913558282 0.45302540048375 55.195948121452346
29453823 0.5417724388213547 0.45302540048375 55.195948121452346
29459823 0.5264684160396347 0.45302540048375 54.94756635490582
29465823 0.540214792637689 0.45302540048375 54.94756635490582
29471823 0.5435094417690418 0.45302540048375 54.94756635490582
29477823 0.5629132203573888 0.45302540048375 54.70030230630874
29483823 0.564603963183478 0.45302540048375 54.70030230630874
29489823 0.569461036208288 0.45302540048375 54.70030230630874
29495823 0.5566589193761747 0.45302540048375 54.45415094593036
29501823 0.5484818714075287 0.45302540048375 54.45415094593036
29507823 0.5969147279487881 0.45302540048375 54.209107266673676
29513823 0.5712267090660613 0.45302540048375 54.209107266673676
29519823 0.5711712558841415 0.45302540048375 53.965166283973645
29525823 0.53683079890321 0.45302540048375 53.965166283973645
29531823 0.5449047369197573 0.45302540048375 53.722323035695766
29537823 0.5536351128639847 0.45302540048375 53.722323035695766
29543823 0.5483081114577972 0.45302540048375 53.722323035695766
29549823 0.5373355624457541 0.45302540048375 53.722323035695766
29555823 0.5533232450333329 0.45302540048375 53.722323035695766
29561823 0.5369780570825868 0.45302540048375 53.48057258203514
29567823 0.5604330603622706 0.45302540048375 53.48057258203514
29573823 0.5717735952170536 0.45302540048375 53.23991000541598
29579823 0.541575411546313 0.45302540048375 53.23991000541598
29585823 0.5603216100889926 0.45302540048375 53.23991000541598
29591823 0.544809704993495 0.45302540048375 53.23991000541598
29597823 0.5237924562602185 0.45302540048375 53.00033041039161
29603823 0.5341472671582334 0.45302540048375 53.00033041039161
29609823 0.537200993117198 0.45302540048375 52.761828923544854
29615823 0.5738115940588863 0.45302540048375 52.761828923544854
29621823 0.544814820164587 0.45302540048375 52.524400693388905
29627823 0.5553187803585481 0.45302540048375 52.524400693388905
29633823 0.5626913426889202 0.45302540048375 52.28804089026866
29639823 0.532370086848513 0.45302540048375 52.28804089026866
29645823 0.5231474542307741 0.45302540048375 52.05274470626245
29651823 0.557053322014432 0.45302540048375 52.05274470626245
29657823 0.5027593720178989 0.45302540048375 52.05274470626245
29663823 0.5175493841922676 0.45302540048375 51.81850735508427
29669823 0.5227442701397003 0.4459217544751327 51.81850735508427
29675823 0.5415484772408655 0.4459217544751327 51.81850735508427
29681823 0.5927279683446106 0.4459217544751327 51.58532407198639
29687823 0.5525969006855823 0.4459217544751327 51.58532407198639
29693823 0.5718138568419748 0.4459217544751327 51.35319011366246
29699823 0.5342225244373341 0.4459217544751327 51.35319011366246
29705823 0.5588003342827091 0.4459217544751327 51.35319011366246
29711823 0.5286382380794657 0.4459217544751327 51.35319011366246
29717823 0.5272406524017621 0.4459217544751327 51.12210075815098
29723823 0.5276443465723302 0.4459217544751327 51.12210075815098
29729823 0.5375832405975733 0.4459217544751327 50.892051304739304
29735823 0.5217122872414823 0.4459217544751327 50.892051304739304
29741823 0.5456485257110165 0.4459217544751327 50.66303707386798
29747823 0.5619963587788199 0.4459217544751327 50.66303707386798
29753823 0.5541581080178348 0.4459217544751327 50.66303707386798
29759823 0.5503470494091462 0.4459217544751327 50.43505340703558
29765823 0.5434211000222628 0.4459217544751327 50.43505340703558
29771823 0.5638564961525153 0.4459217544751327 50.208095666703926
29777823 0.5354528242811373 0.4459217544751327 50.208095666703926
29783823 0.5124687847416649 0.4459217544751327 49.98215923620376
29789823 0.5555101679231679 0.4459217544751327 49.98215923620376
29795823 0.543900919524643 0.4459217544751327 49.98215923620376
29801823 0.53928268093498 0.4459217544751327 49.75723951964085
29807823 0.5229098236361907 0.4459217544751327 49.75723951964085
29813823 0.5469306664487746 0.4459217544751327 49.75723951964085
29819823 0.5532321082648273 0.4459217544751327 49.533331941802466
29825823 0.5524495587257996 0.4459217544751327 49.533331941802466
29831823 0.5228387880582237 0.4459217544751327 49.533331941802466
29837823 0.506435622625843 0.4459217544751327 49.533331941802466
29843823 0.5641375997692486 0.4459217544751327 49.533331941802466
29849823 0.5620051719594193 0.4459217544751327 49.310431948064355
29855823 0.5745651711150804 0.4459217544751327 49.310431948064355
29861823 0.5504545787152538 0.4459217544751327 49.088535004298066
29867823 0.5857562717740433 0.4459217544751327 49.088535004298066
29873823 0.5631767232652997 0.4459217544751327 48.86763659677873
29879823 0.5282461139143113 0.4459217544751327 48.86763659677873
29885823 0.5379569156910927 0.4459217544751327 48.86763659677873
29891823 0.5288908148093969 0.4459217544751327 48.86763659677873
29897823 0.4847847796708057 0.4459217544751327 48.86763659677873
29903823 0.5262176313406308 0.4459217544751327 48.86763659677873
29909823 0.5299232895927678 0.4459217544751327 48.647732232093226
29915823 0.5585732401641964 0.4459217544751327 48.647732232093226
29921823 0.5170775058271919 0.4459217544751327 48.42881743704881
29927823 0.5493277721543346 0.4459217544751327 48.42881743704881
29933823 0.5497521160080739 0.4459217544751327 48.42881743704881
29939823 0.5422971671489767 0.4459217544751327 48.21088775858209
29945823 0.5437012123305365 0.4459217544751327 48.21088775858209
29951823 0.5498339115285668 0.4459217544751327 47.993938763668474
29957823 0.5506080122374191 0.4459217544751327 47.993938763668474
29963823 0.5689206702482206 0.4459217544751327 47.993938763668474
29969823 0.5196833921620565 0.4459217544751327 47.77796603923197
29975823 0.5712171438894589 0.4459217544751327 47.77796603923197
29981823 0.5494549479883669 0.4459217544751327 47.77796603923197
29987823 0.5444492360365791 0.4459217544751327 47.56296519205543
29993823 0.522377254464296 0.4459217544751327 47.56296519205543
29999823 0.5319712617359663 0.4459217544751327 47.56296519205543
30005823 0.504783652335219 0.4459217544751327 47.56296519205543
30011823 0.5485090887178449 0.4459217544751327 47.56296519205543
30017823 0.5089890178298798 0.4459217544751327 47.34893184869118
30023823 0.571882000177945 0.4459217544751327 47.34893184869118
30029823 0.5736266203726588 0.4459217544751327 47.135861655372075
30035823 0.5337198221239389 0.4459217544751327 47.135861655372075
30041823 0.5585718054996622 0.4459217544751327 47.135861655372075
30047823 0.5429968874186604 0.4459217544751327 46.923750277922906
30053823 0.5608852954165912 0.4459217544751327 46.923750277922906
30059823 0.5326929574329964 0.4459217544751327 46.923750277922906
30065823 0.5212856709036651 0.4459217544751327 46.923750277922906
30071823 0.5508788585989437 0.4459217544751327 46.923750277922906
30077823 0.545887320851742 0.4459217544751327 46.71259340167226
30083823 0.5629591294650497 0.4459217544751327 46.71259340167226
30089823 0.5617273771663928 0.4459217544751327 46.50238673136474
30095823 0.5379458612477436 0.4459217544751327 46.50238673136474
30101823 0.5099175763171764 0.4459217544751327 46.50238673136474
30107823 0.521514689183016 0.4459217544751327 46.50238673136474
30113823 0.5384769658541628 0.4459217544751327 46.50238673136474
30119823 0.5323896469378594 0.4459217544751327 46.50238673136474
30125823 0.5637096061184977 0.4459217544751327 46.2931259910736
30131823 0.5148008420919894 0.4459217544751327 46.2931259910736
30137823 0.5436713934661448 0.4459217544751327 46.2931259910736
30143823 0.5369064161021739 0.4459217544751327 46.08480692411377
30149823 0.551013500744774 0.4459217544751327 46.08480692411377
30155823 0.5662375234536072 0.4459217544751327 45.87742529295526
30161823 0.6049527965594012 0.4459217544751327 45.87742529295526
30167823 0.5497429465210084 0.4459217544751327 45.87742529295526
30173823 0.5405806506147148 0.4459217544751327 45.670976879136965
30179823 0.5186804987349762 0.4459217544751327 45.670976879136965
30185823 0.5673466381795275 0.4459217544751327 45.46545748318085
30191823 0.531088768293458 0.4459217544751327 45.46545748318085
30197823 0.5296559473748605 0.4459217544751327 45.46545748318085
30203823 0.5410279157215511 0.4459217544751327 45.46545748318085
30209823 0.5544436967888849 0.4459217544751327 45.26086292450654
30215823 0.5720452289913078 0.4459217544751327 45.26086292450654
30221823 0.5242230628257765 0.4459217544751327 45.05718904134626
30227823 0.5549033989292581 0.4459217544751327 45.05718904134626
30233823 0.5206407354817724 0.4459217544751327 45.05718904134626
30239823 0.5649234852101789 0.4459217544751327 44.854431690660206
30245823 0.5400287173563671 0.4459217544751327 44.854431690660206
30251823 0.5138929415060041 0.4459217544751327 44.65258674805224
30257823 0.5318173565743348 0.4459217544751327 44.65258674805224
30263823 0.5120616097197047 0.4459217544751327 44.45165010768601
30269823 0.5487193397781674 0.4459217544751327 44.45165010768601
30275823 0.5207292911972499 0.4459217544751327 44.25161768220142
30281823 0.5587446076643878 0.4459217544751327 44.25161768220142
30287823 0.5772096401373658 0.4459217544751327 44.05248540263152
30293823 0.5565659617494699 0.4459217544751327 44.05248540263152
30299823 0.5763517889997845 0.4459217544751327 44.05248540263152
30305823 0.5461366366001862 0.4459217544751327 43.85424921831968
30311823 0.5372839474849271 0.4459217544751327 43.85424921831968
30317823 0.5853438464241135 0.4459217544751327 43.65690509683724
30323823 0.5438589713067467 0.4459217544751327 43.65690509683724
30329823 0.5506113558592935 0.4459217544751327 43.460449023901475
30335823 0.5719677968392309 0.4459217544751327 43.460449023901475
30341823 0.545593762867497 0.4459217544751327 43.26487700329392
30347823 0.5001372576678188 0.4459217544751327 43.26487700329392
30353823 0.5547081974670669 0.4459217544751327 43.26487700329392
30359823 0.5199732203162871 0.4459217544751327 43.26487700329392
30365823 0.5433568246039998 0.4459217544751327 43.26487700329392
30371823 0.5411033362638471 0.4459217544751327 43.26487700329392
30377823 0.530086036676142 0.4459217544751327 43.070185056779096
30383823 0.5230666621738734 0.4459217544751327 43.070185056779096
30389823 0.5305828515556335 0.4459217544751327 43.070185056779096
30395823 0.5329905756928917 0.4459217544751327 42.87636922402359
30401823 0.5722122618489087 0.4459217544751327 42.87636922402359
30407823 0.5622581426418404 0.4459217544751327 42.87636922402359
30413823 0.5626200179357813 0.4459217544751327 42.68342556251549
30419823 0.5501170410595283 0.4459217544751327 42.68342556251549
30425823 0.5443943388542496 0.4459217544751327 42.68342556251549
30431823 0.5277521213393727 0.4459217544751327 42.49135014748417
30437823 0.5506501780641693 0.4459217544751327 42.49135014748417
30443823 0.5168474603575444 0.4459217544751327 42.49135014748417
30449823 0.5538912360734861 0.4459217544751327 42.300139071820496
30455823 0.5548097125265943 0.4459217544751327 42.300139071820496
30461823 0.556536742588588 0.4459217544751327 42.1097884459973
30467823 0.54633368086151 0.4459217544751327 42.1097884459973
30473823 0.5649477778683044 0.4459217544751327 41.92029439799032
30479823 0.5623348378990026 0.4459217544751327 41.92029439799032
30485823 0.5464169805946953 0.4459217544751327 41.92029439799032
30491823 0.526181859351808 0.4459217544751327 41.73165307319936
30497823 0.5490978570825029 0.4459217544751327 41.73165307319936
30503823 0.5305177479326249 0.4459217544751327 41.54386063436996
30509823 0.5406322809128825 0.4459217544751327 41.54386063436996
30515823 0.5407909737502137 0.4459217544751327 41.3569132615153
30521823 0.5412299441256466 0.4459217544751327 41.3569132615153
30527823 0.5475419555615921 0.4459217544751327 41.17080715183849
30533823 0.5794851576692254 0.4459217544751327 41.17080715183849
30539823 0.5261761200778798 0.4459217544751327 40.985538519655215
30545823 0.5478335084853992 0.4459217544751327 40.985538519655215
30551823 0.5396591133390085 0.4459217544751327 40.80110359631677
30557823 0.563259893591125 0.4459217544751327 40.80110359631677
30563823 0.5505416551386942 0.4459217544751327 40.80110359631677
30569823 0.5581743968523303 0.4459217544751327 40.80110359631677
30575823 0.5782911338006832 0.4459217544751327 40.61749863013335
30581823 0.5829762173374504 0.4459217544751327 40.61749863013335
30587823 0.5447355793249435 0.4459217544751327 40.43471988629775
30593823 0.5483945975608499 0.4459217544751327 40.43471988629775
30599823 0.5253199158732446 0.4459217544751327 40.25276364680941
30605823 0.5413974271279258 0.4459217544751327 40.25276364680941
30611823 0.549169565954354 0.4459217544751327 40.071626210398776
30617823 0.5492855550984315 0.4459217544751327 40.071626210398776
30623823 0.5473887791765947 0.4459217544751327 40.071626210398776
30629823 0.5525562797144393 0.4459217544751327 39.89130389245199
30635823 0.568684432238224 0.4459217544751327 39.89130389245199
30641823 0.5563678511036377 0.4459217544751327 39.71179302493596
30647823 0.5787800491334744 0.4459217544751327 39.71179302493596
30653823 0.553319020522209 0.4459217544751327 39.71179302493596
30659823 0.547795897567229 0.4459217544751327 39.53308995632375
30665823 0.5493896068125822 0.4459217544751327 39.53308995632375
30671823 0.5647278688574279 0.4459217544751327 39.35519105152029
30677823 0.5191873004063762 0.4459217544751327 39.35519105152029
30683823 0.574633639095947 0.4459217544751327 39.35519105152029
30689823 0.5403822382879224 0.4459217544751327 39.35519105152029
30695823 0.5393144407116948 0.4459217544751327 39.35519105152029
30701823 0.560705755433151 0.4459217544751327 39.17809269178846
30707823 0.555487825909273 0.4459217544751327 39.17809269178846
30713823 0.5135549505349042 0.4459217544751327 39.00179127467541
30719823 0.518849784857209 0.4459217544751327 39.00179127467541
30725823 0.5390363703614645 0.4459217544751327 39.00179127467541
30731823 0.5301900248770733 0.4459217544751327 38.82628321393938
30737823 0.5322352202833255 0.4459217544751327 38.82628321393938
30743823 0.5470325589221596 0.4459217544751327 38.82628321393938
30749823 0.5486004509951292 0.4459217544751327 38.65156493947665
30755823 0.542127830919166 0.4459217544751327 38.65156493947665
30761823 0.5439354045976054 0.4459217544751327 38.47763289724901
30767823 0.5228066506930804 0.4459217544751327 38.47763289724901
30773823 0.5399486907445423 0.4459217544751327 38.47763289724901
30779823 0.5659213974705319 0.4459217544751327 38.30448354921139
30785823 0.5156489073157735 0.4459217544751327 38.30448354921139
30791823 0.5482414391824437 0.4459217544751327 38.13211337323994
30797823 0.5351228145404373 0.4459217544751327 38.13211337323994
30803823 0.5415985816217447 0.4459217544751327 38.13211337323994
30809823 0.5299098097993246 0.4459217544751327 38.13211337323994
30815823 0.5140304522658916 0.4459217544751327 37.96051886306036
30821823 0.5831042784007126 0.4459217544751327 37.96051886306036
30827823 0.5778292683770637 0.4459217544751327 37.78969652817659
30833823 0.5499338224013184 0.4459217544751327 37.78969652817659
30839823 0.5452681497883225 0.4459217544751327 37.6196428937998
30845823 0.52757997921726 0.4459217544751327 37.6196428937998
30851823 0.534160245439446 0.4459217544751327 37.6196428937998
30857823 0.5167594249359844 0.4459217544751327 37.4503545007777
30863823 0.5465602515436924 0.4459217544751327 37.4503545007777
30869823 0.5451461629482311 0.4459217544751327 37.2818279055242
30875823 0.5058643216245271 0.4459217544751327 37.2818279055242
30881823 0.5100178057625303 0.4459217544751327 37.2818279055242
30887823 0.5688034365972487 0.4459217544751327 37.2818279055242
30893823 0.5394278791891179 0.4459217544751327 37.11405967994935
30899823 0.5552382484460457 0.4459217544751327 37.11405967994935
30905823 0.5576219189991892 0.4459217544751327 36.94704641138958
30911823 0.5203368538463425 0.4459217544751327 36.94704641138958
30917823 0.5476126449197346 0.4459217544751327 36.94704641138958
30923823 0.5536757164574873 0.4459217544751327 36.78078470253833
30929823 0.5571115929099287 0.4459217544751327 36.78078470253833
30935823 0.5730696881182566 0.4459217544751327 36.615271171376904
30941823 0.5580437480327156 0.4459217544751327 36.615271171376904
30947823 0.5311023029830318 0.4459217544751327 36.615271171376904
30953823 0.5763078470585201 0.4459217544751327 36.615271171376904
30959823 0.5612686984841537 0.4459217544751327 36.45050245110571
30965823 0.5593602140158072 0.4459217544751327 36.45050245110571
30971823 0.5732129355436384 0.4459217544751327 36.45050245110571
30977823 0.5765466083951379 0.4459217544751327 36.28647519007574
30983823 0.5562998112401639 0.4459217544751327 36.28647519007574
30989823 0.5345045249119753 0.4459217544751327 36.28647519007574
30995823 0.5339817905374584 0.4459217544751327 36.1231860517204
31001823 0.5155363155533137 0.4459217544751327 36.1231860517204
31007823 0.5594614257635435 0.4459217544751327 35.96063171448766
31013823 0.533136226856951 0.4459217544751327 35.96063171448766
31019823 0.5435940387951685 0.4459217544751327 35.79880887177247
31025823 0.5210497110067333 0.4459217544751327 35.79880887177247
31031823 0.5084171015328254 0.4459217544751327 35.6377142318495
31037823 0.5177168926981621 0.4459217544751327 35.6377142318495
31043823 0.5655930440410734 0.4459217544751327 35.47734451780618
31049823 0.5672145638003904 0.4459217544751327 35.47734451780618
31055823 0.47666403350348124 0.4459217544751327 35.317696467476054
31061823 0.49241320845059067 0.4459217544751327 35.317696467476054
31067823 0.5349047190807343 0.4459217544751327 35.317696467476054
31073823 0.5461594636980107 0.4459217544751327 35.15876683337241
31079823 0.5221649064841475 0.4459217544751327 35.15876683337241
31085823 0.5206364821532413 0.4459217544751327 35.15876683337241
31091823 0.5021011419914923 0.4459217544751327 35.00055238262224
31097823 0.5230357477943337 0.4459217544751327 35.00055238262224
31103823 0.5376350728518768 0.4459217544751327 35.00055238262224
31109823 0.5489036916667288 0.4459217544751327 34.84304989690044
31115823 0.5077821312089731 0.4459217544751327 34.84304989690044
31121823 0.5305900165101411 0.4459217544751327 34.84304989690044
31127823 0.531108536787472 0.4459217544751327 34.68625617236439
31133823 0.5343064097685002 0.4459217544751327 34.68625617236439
31139823 0.5515354291900606 0.4459217544751327 34.53016801958875
31145823 0.5312400788521192 0.4459217544751327 34.53016801958875
31151823 0.5406688714436678 0.4459217544751327 34.3747822635006
31157823 0.5352805287353206 0.4459217544751327 34.3747822635006
31163823 0.507838190862359 0.4459217544751327 34.3747822635006
31169823 0.521659045223948 0.4459217544751327 34.22009574331485
31175823 0.530641746810812 0.4459217544751327 34.22009574331485
31181823 0.5322870372795652 0.4459217544751327 34.06610531246994
31187823 0.528393671674769 0.4459217544751327 34.06610531246994
31193823 0.5385615602491043 0.4459217544751327 33.91280783856382
31199823 0.5275031730001093 0.4459217544751327 33.91280783856382
31205823 0.5530970312175819 0.4459217544751327 33.76020020329029
31211823 0.5319463975155917 0.4459217544751327 33.76020020329029
31217823 0.5182134485871495 0.4459217544751327 33.608279302375486
31223823 0.5651175596616835 0.4459217544751327 33.608279302375486
31229823 0.5485946914683777 0.4459217544751327 33.4570420455148
31235823 0.5322363381221424 0.4459217544751327 33.4570420455148
31241823 0.547129281009044 0.4459217544751327 33.4570420455148
31247823 0.5329418723549476 0.4459217544751327 33.306485356309985
31253823 0.5664726392735379 0.4459217544751327 33.306485356309985
31259823 0.5638001025298589 0.4459217544751327 33.306485356309985
31265823 0.5532418356820236 0.4459217544751327 33.156606172206594
31271823 0.5705432094764837 0.4459217544751327 33.156606172206594
31277823 0.5438674379239176 0.4459217544751327 33.007401444431665
31283823 0.5737238915027962 0.4459217544751327 33.007401444431665
31289823 0.5735999715086397 0.4459217544751327 32.85886813793172
31295823 0.5764130690641356 0.4459217544751327 32.85886813793172
31301823 0.5240018946838563 0.4459217544751327 32.71100323131103
31307823 0.5234672734420923 0.4459217544751327 32.71100323131103
31313823 0.5938101530067789 0.4459217544751327 32.71100323131103
31319823 0.5249458306297813 0.4459217544751327 32.56380371677013
31325823 0.527481508785731 0.4459217544751327 32.56380371677013
31331823 0.49534556924124906 0.4459217544751327 32.56380371677013
31337823 0.540510732626641 0.4459217544751327 32.56380371677013
31343823 0.5408859596158788 0.4459217544751327 32.41726660004467
31349823 0.5511191791048562 0.4459217544751327 32.41726660004467
31355823 0.5625015767793949 0.4459217544751327 32.27138890034447
31361823 0.5699186423503517 0.4459217544751327 32.27138890034447
31367823 0.4976075874237077 0.4459217544751327 32.27138890034447
31373823 0.5045750833313112 0.4459217544751327 32.27138890034447
31379823 0.5323787450506654 0.4459217544751327 32.27138890034447
31385823 0.5546456775418372 0.4459217544751327 32.12616765029292
31391823 0.5563136151444816 0.4459217544751327 32.12616765029292
31397823 0.5221151121123622 0.4459217544751327 32.12616765029292
31403823 0.5063051499394161 0.4459217544751327 31.981599895866605
31409823 0.5424847599874358 0.4459217544751327 31.981599895866605
31415823 0.5420231111664742 0.4459217544751327 31.837682696335207
31421823 0.5299885599805647 0.4459217544751327 31.837682696335207
31427823 0.5708256857654802 0.4459217544751327 31.837682696335207
31433823 0.5598013689293151 0.4459217544751327 31.694413124201702
31439823 0.5888533447383185 0.4459217544751327 31.694413124201702
31445823 0.5661431884196668 0.4459217544751327 31.551788265142797
31451823 0.5591889036339989 0.4459217544751327 31.551788265142797
31457823 0.5478124351589394 0.4459217544751327 31.551788265142797
31463823 0.5247462447148955 0.4459217544751327 31.409805217949657
31469823 0.5462056800636517 0.4459217544751327 31.409805217949657
31475823 0.545078220772068 0.4459217544751327 31.268461094468886
31481823 0.5380523936389957 0.4459217544751327 31.268461094468886
31487823 0.5638334697462725 0.4459217544751327 31.268461094468886
31493823 0.5496255901270068 0.4459217544751327 31.268461094468886
31499823 0.547581580073621 0.4459217544751327 31.12775301954378
31505823 0.5029232888606464 0.4459217544751327 31.12775301954378
31511823 0.5179376779714847 0.4459217544751327 30.987678130955832
31517823 0.5139788368492753 0.4459217544751327 30.987678130955832
31523823 0.5368127566383664 0.4459217544751327 30.848233579366532
31529823 0.5534361917824827 0.4459217544751327 30.848233579366532
31535823 0.5237788101291644 0.4459217544751327 30.848233579366532
31541823 0.5679467154729756 0.4459217544751327 30.848233579366532
31547823 0.553169457891314 0.4459217544751327 30.709416528259386
31553823 0.5179282699278219 0.4459217544751327 30.709416528259386
31559823 0.5355083536457733 0.4459217544751327 30.57122415388222
31565823 0.5242508552176995 0.4459217544751327 30.57122415388222
31571823 0.5302493349260933 0.4459217544751327 30.43365364518975
31577823 0.5161177042083487 0.4459217544751327 30.43365364518975
31583823 0.5223059087905683 0.4459217544751327 30.43365364518975
31589823 0.5531048980929159 0.4459217544751327 30.2967022037864
31595823 0.5317450535336032 0.4459217544751327 30.2967022037864
31601823 0.5339891068270182 0.4459217544751327 30.16036704386936
31607823 0.5309025627641546 0.4459217544751327 30.16036704386936
31613823 0.5299146486877931 0.4459217544751327 30.16036704386936
31619823 0.5496157964655102 0.4459217544751327 30.02464539217195
31625823 0.5407393214890331 0.4459217544751327 30.02464539217195
31631823 0.557305213921005 0.4459217544751327 29.88953448790718
31637823 0.5865495342669933 0.4459217544751327 29.88953448790718
31643823 0.5752448941592337 0.4459217544751327 29.88953448790718
31649823 0.5732142603401881 0.4459217544751327 29.7550315827116
31655823 0.5128943122850983 0.4459217544751327 29.7550315827116
31661823 0.5522377675835737 0.4459217544751327 29.7550315827116
31667823 0.5608620279145711 0.4459217544751327 29.7550315827116
31673823 0.5329953053908766 0.4459217544751327 29.6211339405894
31679823 0.5410254201422129 0.4459217544751327 29.6211339405894
31685823 0.5488315907253765 0.4459217544751327 29.6211339405894
31691823 0.5082578045965161 0.4459217544751327 29.6211339405894
31697823 0.5150133125748271 0.4459217544751327 29.6211339405894
31703823 0.5295037918763907 0.4459217544751327 29.6211339405894
31709823 0.536369183496937 0.4459217544751327 29.48783883785675
31715823 0.5522058135777891 0.4459217544751327 29.48783883785675
31721823 0.526498292182103 0.4459217544751327 29.48783883785675
31727823 0.5523788617399427 0.4459217544751327 29.355143563086397
31733823 0.532678017589921 0.4459217544751327 29.355143563086397
31739823 0.5414237452012721 0.4459217544751327 29.22304541705251
31745823 0.5422341148488511 0.4459217544751327 29.22304541705251
31751823 0.5351793378087014 0.4459217544751327 29.091541712675777
31757823 0.5463211228199485 0.4459217544751327 29.091541712675777
31763823 0.5326474555566433 0.4459217544751327 28.960629774968737
31769823 0.5217378027715716 0.4459217544751327 28.960629774968737
31775823 0.5423124517358122 0.4459217544751327 28.960629774968737
31781823 0.5669052256167065 0.4459217544751327 28.83030694098138
31787823 0.5576302962809697 0.4459217544751327 28.83030694098138
31793823 0.5356719022237886 0.4459217544751327 28.700570559746964
31799823 0.5505106812918557 0.4459217544751327 28.700570559746964
31805823 0.5550586224593947 0.4459217544751327 28.700570559746964
31811823 0.5693987808364841 0.4459217544751327 28.571417992228103
31817823 0.5430194022560644 0.4459217544751327 28.571417992228103
31823823 0.522149485845141 0.4459217544751327 28.44284661126308
31829823 0.5306619201427257 0.4459217544751327 28.44284661126308
31835823 0.5285494930535257 0.4459217544751327 28.44284661126308
31841823 0.5424057330175627 0.4459217544751327 28.44284661126308
31847823 0.5510113842112598 0.4459217544751327 28.314853801512395
31853823 0.5612942217607679 0.4459217544751327 28.314853801512395
31859823 0.5584351185888611 0.4459217544751327 28.314853801512395
31865823 0.5481168189244303 0.4459217544751327 28.314853801512395
31871823 0.5333913832219324 0.4459217544751327 28.314853801512395
31877823 0.5493804555254522 0.4459217544751327 28.18743695940559
31883823 0.5376049584599595 0.4459217544751327 28.18743695940559
31889823 0.5461755338561914 0.4459217544751327 28.060593493088266
31895823 0.5193428893860005 0.4459217544751327 28.060593493088266
31901823 0.5577471434142984 0.4459217544751327 27.93432082236937
31907823 0.5175278101800487 0.4459217544751327 27.93432082236937
31913823 0.5284708938347894 0.4459217544751327 27.93432082236937
31919823 0.5299838204427445 0.4459217544751327 27.93432082236937
31925823 0.5284476460043 0.4459217544751327 27.80861637866871
31931823 0.5771151753970716 0.4459217544751327 27.80861637866871
31937823 0.521441243599373 0.4459217544751327 27.80861637866871
31943823 0.5204835244633279 0.4459217544751327 27.6834776049647
31949823 0.563974604863062 0.4459217544751327 27.6834776049647
31955823 0.5514118806962568 0.4459217544751327 27.55890195574236
31961823 0.5423140434313074 0.4459217544751327 27.55890195574236
31967823 0.5304981699800305 0.4459217544751327 27.55890195574236
31973823 0.5690706800013549 0.4459217544751327 27.55890195574236
31979823 0.575050468695508 0.4459217544751327 27.43488689694152
31985823 0.5395481084915819 0.4459217544751327 27.43488689694152
31991823 0.5639209448400889 0.4459217544751327 27.43488689694152
31997823 0.5076372767505404 0.4459217544751327 27.311429905905285
32003823 0.5514374875576952 0.4459217544751327 27.311429905905285
32009823 0.5771220579415903 0.4459217544751327 27.188528471328713
32015823 0.5376036995829352 0.4459217544751327 27.188528471328713
32021823 0.5621872739756772 0.4459217544751327 27.188528471328713
32027823 0.586967262903701 0.4459217544751327 27.188528471328713
32033823 0.5779112558403241 0.4459217544751327 27.066180093207734
32039823 0.5476406279660395 0.4459217544751327 27.066180093207734
32045823 0.5608699069903956 0.4459217544751327 27.066180093207734
32051823 0.526054432522132 0.4459217544751327 26.9443822827883
32057823 0.5827798142117274 0.4459217544751327 26.9443822827883
32063823 0.5439886517962912 0.4459217544751327 26.823132562515756
32069823 0.5370749592820505 0.4459217544751327 26.823132562515756
32075823 0.5296375527072651 0.4459217544751327 26.823132562515756
32081823 0.5168433879681026 0.4459217544751327 26.823132562515756
32087823 0.5193111412275874 0.4459217544751327 26.823132562515756
32093823 0.5806883411924295 0.4459217544751327 26.823132562515756
32099823 0.5072913829024128 0.4459217544751327 26.702428465984436
32105823 0.5255673183001814 0.4459217544751327 26.702428465984436
32111823 0.5234570990984464 0.4459217544751327 26.582267537887507
32117823 0.527977017665989 0.4459217544751327 26.582267537887507
32123823 0.5132794322758006 0.4459217544751327 26.462647333967013
32129823 0.5148907530743971 0.4459217544751327 26.462647333967013
32135823 0.5504440305264835 0.4459217544751327 26.462647333967013
32141823 0.534078389751085 0.4459217544751327 26.34356542096416
32147823 0.5751063515026257 0.4459217544751327 26.34356542096416
32153823 0.58422034628799 0.4459217544751327 26.34356542096416
32159823 0.5501367774061212 0.4459217544751327 26.225019376569822
32165823 0.5420157640089205 0.4459217544751327 26.225019376569822
32171823 0.5446798305992282 0.4459217544751327 26.10700678937526
32177823 0.5539809207566332 0.4459217544751327 26.10700678937526
32183823 0.5356931292836209 0.4459217544751327 26.10700678937526
32189823 0.5337875069192195 0.4459217544751327 25.989525258823072
32195823 0.5084741916816535 0.4459217544751327 25.989525258823072
32201823 0.4813425439805617 0.4459217544751327 25.989525258823072
32207823 0.5335408285541009 0.4459217544751327 25.989525258823072
32213823 0.5978946415666218 0.4459217544751327 25.872572395158368
32219823 0.531138044066629 0.4459217544751327 25.872572395158368
32225823 0.5393538530931384 0.4459217544751327 25.872572395158368
32231823 0.5657947720010945 0.4459217544751327 25.872572395158368
32237823 0.5398752500638926 0.4459217544751327 25.75614581938016
32243823 0.5562414924231873 0.4459217544751327 25.75614581938016
32249823 0.5502461924341989 0.4459217544751327 25.75614581938016
32255823 0.5285073861054742 0.4459217544751327 25.64024316319295
32261823 0.5375718452559375 0.4459217544751327 25.64024316319295
32267823 0.5553344200592181 0.4459217544751327 25.524862068958583
32273823 0.5250921410362351 0.4459217544751327 25.524862068958583
32279823 0.5505221047071551 0.4459217544751327 25.524862068958583
32285823 0.5722694021098562 0.4459217544751327 25.410000189648272
32291823 0.5526230393826859 0.4459217544751327 25.410000189648272
32297823 0.5657169277859041 0.4459217544751327 25.295655188794857
32303823 0.5597573679144586 0.4459217544751327 25.295655188794857
32309823 0.5840184087863696 0.4459217544751327 25.295655188794857
32315823 0.5380973716789674 0.4459217544751327 25.295655188794857
32321823 0.5504498784647367 0.4459217544751327 25.295655188794857
32327823 0.5400911973448251 0.4459217544751327 25.295655188794857
32333823 0.5361785687910415 0.4459217544751327 25.295655188794857
32339823 0.5473786420374971 0.4459217544751327 25.295655188794857
32345823 0.5550812354714164 0.4459217544751327 25.295655188794857
32351823 0.5405502440620042 0.4459217544751327 25.181824740445283
32357823 0.5146069536952228 0.4459217544751327 25.181824740445283
32363823 0.5515838187569504 0.4459217544751327 25.181824740445283
32369823 0.5637167344680627 0.4459217544751327 25.06850652911328
32375823 0.560322758304022 0.4459217544751327 25.06850652911328
32381823 0.5895216934441261 0.4459217544751327 25.06850652911328
32387823 0.5444415522196092 0.4459217544751327 25.06850652911328
32393823 0.5287026654537174 0.4459217544751327 25.06850652911328
32399823 0.5814240042957101 0.4459217544751327 25.06850652911328
32405823 0.5775780079537657 0.4459217544751327 24.95569824973227
32411823 0.5784841234993067 0.4459217544751327 24.95569824973227
32417823 0.5784389665631905 0.4459217544751327 24.95569824973227
32423823 0.5575157793037261 0.4459217544751327 24.95569824973227
32429823 0.5481252595119663 0.4459217544751327 24.95569824973227
32435823 0.5363846016243695 0.4459217544751327 24.843397607608473
32441823 0.5214708758773003 0.4459217544751327 24.843397607608473
32447823 0.5269960023403866 0.4459217544751327 24.843397607608473
32453823 0.5409066380985783 0.4459217544751327 24.843397607608473
32459823 0.5670589936271391 0.4459217544751327 24.731602318374236
32465823 0.5562339717769188 0.4459217544751327 24.731602318374236
32471823 0.5502524292726165 0.4459217544751327 24.620310107941553
32477823 0.5554599247539771 0.4459217544751327 24.620310107941553
32483823 0.5988683258803384 0.4459217544751327 24.620310107941553
32489823 0.5236695351359597 0.4459217544751327 24.509518712455815
32495823 0.5368651880214396 0.4459217544751327 24.509518712455815
32501823 0.5862256398543465 0.4459217544751327 24.509518712455815
32507823 0.5571058019754013 0.4459217544751327 24.399225878249766
32513823 0.5302779925094375 0.4459217544751327 24.399225878249766
32519823 0.5339511459298153 0.4459217544751327 24.399225878249766
32525823 0.5434384042155657 0.4459217544751327 24.289429361797644
32531823 0.578286513078581 0.4459217544751327 24.289429361797644
32537823 0.532168778985141 0.4459217544751327 24.180126929669555
32543823 0.5601634911177642 0.4459217544751327 24.180126929669555
32549823 0.527285218868207 0.4459217544751327 24.180126929669555
32555823 0.5329505471078188 0.4459217544751327 24.180126929669555
32561823 0.5439458672933813 0.4459217544751327 24.180126929669555
32567823 0.5474155881717209 0.4459217544751327 24.071316358486044
32573823 0.5311511060518002 0.4459217544751327 24.071316358486044
32579823 0.5285637935882438 0.4459217544751327 24.071316358486044
32585823 0.5533465481126979 0.4459217544751327 24.071316358486044
32591823 0.5372631267094883 0.4459217544751327 23.96299543487286
32597823 0.5755427737973272 0.4459217544751327 23.96299543487286
32603823 0.5459396695054052 0.4459217544751327 23.96299543487286
32609823 0.55434171867603 0.4459217544751327 23.96299543487286
32615823 0.5432126359446463 0.4459217544751327 23.855161955415934
32621823 0.5615962425261171 0.4459217544751327 23.855161955415934
32627823 0.5507388176776009 0.4459217544751327 23.855161955415934
32633823 0.5386510936142075 0.4459217544751327 23.747813726616563
32639823 0.5468967737006479 0.4459217544751327 23.747813726616563
32645823 0.530872975977948 0.4459217544751327 23.64094856484679
32651823 0.5250557126287028 0.4459217544751327 23.64094856484679
32657823 0.5316430877862631 0.4459217544751327 23.64094856484679
32663823 0.5841699032702637 0.4459217544751327 23.534564296304982
32669823 0.5582199466816977 0.4459217544751327 23.534564296304982
32675823 0.5461627512032534 0.4459217544751327 23.42865875697161
32681823 0.5397964757278774 0.4459217544751327 23.42865875697161
32687823 0.5492417269446699 0.4459217544751327 23.32322979256524
32693823 0.5347062404754372 0.4459217544751327 23.32322979256524
32699823 0.5470195635086951 0.4459217544751327 23.32322979256524
32705823 0.5632883792180442 0.4459217544751327 23.218275258498696
32711823 0.5851549803113633 0.4459217544751327 23.218275258498696
32717823 0.5612380955645142 0.4459217544751327 23.11379301983545
32723823 0.5775959254552628 0.4459217544751327 23.11379301983545
32729823 0.5844398025483309 0.4459217544751327 23.11379301983545
32735823 0.5177374578898527 0.4459217544751327 23.009780951246192
32741823 0.5853194093192468 0.4459217544751327 23.009780951246192
32747823 0.5519033765281849 0.4459217544751327 22.906236936965584
32753823 0.5449413444081445 0.4459217544751327 22.906236936965584
32759823 0.5493558202325171 0.4459217544751327 22.906236936965584
32765823 0.5150643915864876 0.4459217544751327 22.906236936965584
32771823 0.5705226873194462 0.4459217544751327 22.80315887074924
32777823 0.5520586086782322 0.4459217544751327 22.80315887074924
32783823 0.5407849928152733 0.4459217544751327 22.80315887074924
32789823 0.5623369457777796 0.4459217544751327 22.80315887074924
32795823 0.5277855614817374 0.4459217544751327 22.80315887074924
32801823 0.5120017194698072 0.4459217544751327 22.700544655830868
32807823 0.5185365331694475 0.4459217544751327 22.700544655830868
32813823 0.534099850345953 0.4459217544751327 22.59839220487963
32819823 0.51624596388133 0.4459217544751327 22.59839220487963
32825823 0.5441143382335504 0.4459217544751327 22.496699439957673
32831823 0.5425109987379513 0.4459217544751327 22.496699439957673
32837823 0.5708350523837334 0.4459217544751327 22.496699439957673
32843823 0.5636597811796427 0.4459217544751327 22.395464292477865
32849823 0.5260207868261431 0.4459217544751327 22.395464292477865
32855823 0.5524218434262375 0.4459217544751327 22.395464292477865
32861823 0.5207716853673745 0.4459217544751327 22.294684703161714
32867823 0.5295382230019848 0.4459217544751327 22.294684703161714
32873823 0.559380996016258 0.4459217544751327 22.194358621997488
32879823 0.5667048600560777 0.4459217544751327 22.194358621997488
32885823 0.5541166774600349 0.4459217544751327 22.0944840081985
32891823 0.5565225121490952 0.4459217544751327 22.0944840081985
32897823 0.5097216002936774 0.4459217544751327 22.0944840081985
32903823 0.5476801306194421 0.4459217544751327 22.0944840081985
32909823 0.540075549600696 0.4459217544751327 22.0944840081985
32915823 0.5661301916445565 0.4459217544751327 21.995058830161607
32921823 0.5391761232278707 0.4459217544751327 21.995058830161607
32927823 0.5354518888677913 0.4459217544751327 21.896081065425882
32933823 0.5406977112908852 0.4459217544751327 21.896081065425882
32939823 0.5580022890776334 0.4459217544751327 21.896081065425882
32945823 0.5584825729138051 0.4459217544751327 21.797548700631467
32951823 0.5322186529502265 0.4459217544751327 21.797548700631467
32957823 0.5482293217064071 0.4459217544751327 21.797548700631467
32963823 0.5410765081836015 0.4459217544751327 21.699459731478626
32969823 0.557968827261375 0.4459217544751327 21.699459731478626
32975823 0.5655722506730327 0.4459217544751327 21.601812162686972
32981823 0.5551704219314866 0.4459217544751327 21.601812162686972
32987823 0.5294012278004039 0.4459217544751327 21.601812162686972
32993823 0.5679118115965568 0.4459217544751327 21.50460400795488
32999823 0.5796065401492471 0.4459217544751327 21.50460400795488
33005823 0.5522519120148462 0.4459217544751327 21.407833289919086
33011823 0.5631082249562146 0.4459217544751327 21.407833289919086
33017823 0.5558894238507488 0.4459217544751327 21.31149804011445
33023823 0.567575670754603 0.4459217544751327 21.31149804011445
33029823 0.5502297689964974 0.4459217544751327 21.31149804011445
33035823 0.525900045830592 0.4459217544751327 21.215596298933935
33041823 0.5278931799254478 0.4459217544751327 21.215596298933935
33047823 0.5401872813615675 0.4459217544751327 21.215596298933935
33053823 0.5624582749499972 0.4459217544751327 21.120126115588732
33059823 0.5603044330123084 0.4459217544751327 21.120126115588732
33065823 0.5235125609346065 0.4459217544751327 21.025085548068585
33071823 0.5638322450296718 0.4459217544751327 21.025085548068585
33077823 0.5812519147514403 0.4459217544751327 20.93047266310228
33083823 0.5171735779860968 0.4459217544751327 20.93047266310228
33089823 0.5615338392882023 0.4459217544751327 20.93047266310228
33095823 0.5626449091747384 0.4459217544751327 20.93047266310228
33101823 0.5560064836466425 0.4459217544751327 20.836285536118318
33107823 0.5691392704014187 0.4459217544751327 20.836285536118318
33113823 0.5274944349433995 0.4459217544751327 20.836285536118318
33119823 0.5228144584073832 0.4459217544751327 20.836285536118318
33125823 0.5606785679230196 0.4459217544751327 20.836285536118318
33131823 0.5801372603075925 0.4459217544751327 20.742522251205788
33137823 0.5420709003384822 0.4459217544751327 20.742522251205788
33143823 0.500981155189892 0.4459217544751327 20.64918090107536
33149823 0.5648749778222606 0.4459217544751327 20.64918090107536
33155823 0.5602128671063876 0.4459217544751327 20.556259587020524
33161823 0.5687697613576177 0.4459217544751327 20.556259587020524
33167823 0.5306196008435996 0.4459217544751327 20.463756418878933
33173823 0.5426340736532739 0.4459217544751327 20.463756418878933
33179823 0.535976150841769 0.4459217544751327 20.37166951499398
33185823 0.5282159974000983 0.4459217544751327 20.37166951499398
33191823 0.5524777748959699 0.4459217544751327 20.37166951499398
33197823 0.5531960778287415 0.4459217544751327 20.279997002176508
33203823 0.5557619357794921 0.4459217544751327 20.279997002176508
33209823 0.5311446564513237 0.4459217544751327 20.188737015666714
33215823 0.5415466411232531 0.4459217544751327 20.188737015666714
33221823 0.5307521990677156 0.4459217544751327 20.097887699096216
33227823 0.5104597870656682 0.4459217544751327 20.097887699096216
33233823 0.5472415401358309 0.4459217544751327 20.097887699096216
33239823 0.5351387633072434 0.4459217544751327 20.007447204450283
33245823 0.5290056349847301 0.4459217544751327 20.007447204450283
33251823 0.5447434296512217 0.4459217544751327 19.91741369203026
33257823 0.5675777804035194 0.4459217544751327 19.91741369203026
33263823 0.5525639280995297 0.4459217544751327 19.827785330416123
33269823 0.5410890534782694 0.4459217544751327 19.827785330416123
33275823 0.5456473591390407 0.4459217544751327 19.738560296429252
33281823 0.5365377383428982 0.4459217544751327 19.738560296429252
33287823 0.5366463904942346 0.4459217544751327 19.64973677509532
33293823 0.532756367927946 0.4459217544751327 19.64973677509532
33299823 0.5707859952258832 0.4459217544751327 19.561312959607392
33305823 0.5637687806248702 0.4459217544751327 19.561312959607392
33311823 0.543851907617756 0.4459217544751327 19.47328705128916
33317823 0.5493832750995492 0.4459217544751327 19.47328705128916
33323823 0.505500506769477 0.4459217544751327 19.47328705128916
33329823 0.5309756714162539 0.4459217544751327 19.47328705128916
33335823 0.541463558206841 0.4459217544751327 19.385657259558357
33341823 0.5498606257646768 0.4459217544751327 19.385657259558357
33347823 0.4937996287721504 0.4459217544751327 19.298421801890346
33353823 0.5272139229292625 0.4459217544751327 19.298421801890346
33359823 0.5248551243857931 0.4459217544751327 19.298421801890346
33365823 0.5659409653575928 0.4459217544751327 19.21157890378184
33371823 0.5450387484440643 0.4459217544751327 19.21157890378184
33377823 0.5374060681005511 0.4459217544751327 19.21157890378184
33383823 0.5799137057909951 0.4459217544751327 19.125126798714824
33389823 0.552690959979119 0.4459217544751327 19.125126798714824
33395823 0.5457790939242163 0.4459217544751327 19.125126798714824
33401823 0.5493000024168331 0.4459217544751327 19.125126798714824
33407823 0.555389066884782 0.4459217544751327 19.125126798714824
33413823 0.53862451064429 0.4459217544751327 19.03906372812061
33419823 0.5309813612026142 0.4459217544751327 19.03906372812061
33425823 0.5380672795217145 0.4459217544751327 18.95338794134407
33431823 0.5710686636237016 0.4459217544751327 18.95338794134407
33437823 0.5396903875027677 0.4459217544751327 18.86809769560802
33443823 0.5718479859065396 0.4459217544751327 18.86809769560802
33449823 0.5541945980614414 0.4459217544751327 18.783191255977787
33455823 0.5623751076299841 0.4459217544751327 18.783191255977787
33461823 0.5773143555121543 0.4459217544751327 18.783191255977787
33467823 0.5412919801702846 0.4459217544751327 18.69866689532589
33473823 0.5613865337541332 0.4459217544751327 18.69866689532589
33479823 0.5350059077188544 0.4459217544751327 18.614522894296925
33485823 0.5615926569010803 0.4459217544751327 18.614522894296925
33491823 0.5296050579760475 0.4459217544751327 18.614522894296925
33497823 0.536743548157064 0.4459217544751327 18.53075754127259
33503823 0.5497844309432611 0.4459217544751327 18.53075754127259
33509823 0.521509463487795 0.4459217544751327 18.53075754127259
33515823 0.5416853242685837 0.4459217544751327 18.447369132336863
33521823 0.5682353779933527 0.4459217544751327 18.447369132336863
33527823 0.5433458308150649 0.4459217544751327 18.36435597124135
33533823 0.5419601575504561 0.4459217544751327 18.36435597124135
33539823 0.5477632651349255 0.4459217544751327 18.36435597124135
33545823 0.5072527621533856 0.4459217544751327 18.281716369370763
33551823 0.5204759125825957 0.4459217544751327 18.281716369370763
33557823 0.5049961011164059 0.4459217544751327 18.199448645708596
33563823 0.5384854401990601 0.4459217544751327 18.199448645708596
33569823 0.5273584146019492 0.4459217544751327 18.11755112680291
33575823 0.516862617776531 0.4459217544751327 18.11755112680291
33581823 0.5069634379987399 0.4459217544751327 18.036022146732297
33587823 0.4942996733655833 0.4459217544751327 18.036022146732297
33593823 0.5189591070342074 0.4459217544751327 18.036022146732297
33599823 0.508027014570772 0.4459217544751327 17.954860047072003
33605823 0.5287781544355558 0.4459217544751327 17.954860047072003
33611823 0.5820661245558139 0.4459217544751327 17.954860047072003
33617823 0.5049199566832732 0.4459217544751327 17.87406317686018
33623823 0.5453881608499297 0.4459217544751327 17.87406317686018
33629823 0.547073368505488 0.4459217544751327 17.87406317686018
33635823 0.561804062946712 0.4459217544751327 17.87406317686018
33641823 0.5768904348104048 0.4459217544751327 17.793629892564308
33647823 0.5146126499208701 0.4459217544751327 17.793629892564308
33653823 0.5260609376391275 0.4459217544751327 17.793629892564308
33659823 0.557217037300966 0.4459217544751327 17.793629892564308
33665823 0.5578302823104966 0.4459217544751327 17.71355855804777
33671823 0.5695331527767971 0.4459217544751327 17.71355855804777
33677823 0.5597941686320878 0.4459217544751327 17.71355855804777
33683823 0.5559528555786217 0.4459217544751327 17.633847544536554
33689823 0.5735833973633766 0.4459217544751327 17.633847544536554
33695823 0.5579628923923216 0.4459217544751327 17.633847544536554
33701823 0.5751209304433829 0.4459217544751327 17.633847544536554
33707823 0.5636042087023444 0.4459217544751327 17.55449523058614
33713823 0.5726318523794893 0.4459217544751327 17.55449523058614
33719823 0.5468374404946406 0.4459217544751327 17.475500002048506
33725823 0.5138664238686295 0.4459217544751327 17.475500002048506
33731823 0.5211489945316169 0.4459217544751327 17.475500002048506
33737823 0.5429284317933082 0.4459217544751327 17.475500002048506
33743823 0.5623671809455922 0.4459217544751327 17.475500002048506
33749823 0.5617645790906234 0.4459217544751327 17.39686025203929
33755823 0.5400760981028677 0.4459217544751327 17.39686025203929
33761823 0.5366663325327645 0.4459217544751327 17.39686025203929
33767823 0.5674999312592088 0.4459217544751327 17.39686025203929
33773823 0.5091705468889361 0.4459217544751327 17.39686025203929
33779823 0.5383558094663606 0.4459217544751327 17.318574380905112
33785823 0.5457842649448502 0.4459217544751327 17.318574380905112
33791823 0.56821451728501 0.4459217544751327 17.24064079619104
33797823 0.5515806958532343 0.4459217544751327 17.24064079619104
33803823 0.5493267849705086 0.4459217544751327 17.16305791260818
33809823 0.5644898435699001 0.4459217544751327 17.16305791260818
33815823 0.5469997350090159 0.4459217544751327 17.085824152001447
33821823 0.5445824081436467 0.4459217544751327 17.085824152001447
33827823 0.5748866464577241 0.4459217544751327 17.00893794331744
33833823 0.5730412921952793 0.4459217544751327 17.00893794331744
33839823 0.541057756019213 0.4459217544751327 16.932397722572514
33845823 0.537954774783412 0.4459217544751327 16.932397722572514
33851823 0.5515089255805696 0.4459217544751327 16.932397722572514
33857823 0.5361710524203191 0.4459217544751327 16.856201932820937
33863823 0.5360815633387008 0.4459217544751327 16.856201932820937
33869823 0.5521580654214896 0.4459217544751327 16.856201932820937
33875823 0.5409297747853246 0.4459217544751327 16.780349024123243
33881823 0.5522561561242673 0.4459217544751327 16.780349024123243
33887823 0.558355095607708 0.4459217544751327 16.780349024123243
33893823 0.5612415081640089 0.4459217544751327 16.70483745351469
33899823 0.5197820036328377 0.4459217544751327 16.70483745351469
33905823 0.533875128140586 0.4459217544751327 16.70483745351469
33911823 0.5445644620863125 0.4459217544751327 16.70483745351469
33917823 0.5937043772651368 0.4459217544751327 16.629665684973872
33923823 0.5509561624345881 0.4459217544751327 16.629665684973872
33929823 0.5409653162034667 0.4459217544751327 16.55483218939149
33935823 0.5743598428460194 0.4459217544751327 16.55483218939149
33941823 0.553165372236685 0.4459217544751327 16.48033544453923
33947823 0.5539462897228743 0.4459217544751327 16.48033544453923
33953823 0.544410349375609 0.4459217544751327 16.48033544453923
33959823 0.5649509036231788 0.4459217544751327 16.406173935038805
33965823 0.530052000446162 0.4459217544751327 16.406173935038805
33971823 0.5751454514921702 0.4459217544751327 16.33234615233113
33977823 0.5688023599575992 0.4459217544751327 16.33234615233113
33983823 0.5467252297889037 0.4459217544751327 16.25885059464564
33989823 0.5493116045177127 0.4459217544751327 16.25885059464564
33995823 0.5596924690118911 0.4459217544751327 16.185685766969737
34001823 0.5325699925602309 0.4459217544751327 16.185685766969737
34007823 0.5245271235004227 0.4459217544751327 16.185685766969737
34013823 0.540365900923288 0.4459217544751327 16.112850181018374
34019823 0.5355964383222421 0.4459217544751327 16.112850181018374
34025823 0.5376757172760362 0.4459217544751327 16.112850181018374
34031823 0.5392420851421761 0.4459217544751327 16.112850181018374
34037823 0.580615895272985 0.4459217544751327 16.04034235520379
34043823 0.5657285029455589 0.4459217544751327 16.04034235520379
34049823 0.5574514421126164 0.4459217544751327 15.968160814605374
34055823 0.53124834416128 0.4459217544751327 15.968160814605374
34061823 0.5321009537269799 0.4459217544751327 15.968160814605374
34067823 0.5416543062633679 0.4459217544751327 15.968160814605374
34073823 0.4985392377037459 0.4459217544751327 15.896304090939651
34079823 0.5392603711739803 0.4459217544751327 15.896304090939651
34085823 0.5260575491935985 0.4459217544751327 15.896304090939651
34091823 0.5281364241247503 0.4459217544751327 15.896304090939651
34097823 0.553049833307459 0.4459217544751327 15.824770722530424
34103823 0.5667218247754804 0.4459217544751327 15.824770722530424
34109823 0.5429917602811791 0.4459217544751327 15.753559254279038
34115823 0.5286776672120472 0.4459217544751327 15.753559254279038
34121823 0.5606370540945942 0.4459217544751327 15.753559254279038
34127823 0.5451936385180305 0.4459217544751327 15.682668237634783
34133823 0.5193574737676451 0.4459217544751327 15.682668237634783
34139823 0.5275499444869773 0.4459217544751327 15.682668237634783
34145823 0.5506480714965024 0.4459217544751327 15.612096230565427
34151823 0.5304109341109945 0.4459217544751327 15.612096230565427
34157823 0.5403370969027201 0.4459217544751327 15.612096230565427
34163823 0.5495284752554984 0.4459217544751327 15.612096230565427
34169823 0.5429321885021301 0.4459217544751327 15.612096230565427
34175823 0.5317746220121685 0.4459217544751327 15.612096230565427
34181823 0.5314750843795012 0.4459217544751327 15.541841797527884
34187823 0.5015463098888556 0.4459217544751327 15.541841797527884
34193823 0.5382818705114053 0.4459217544751327 15.541841797527884
34199823 0.545703106367373 0.4459217544751327 15.47190350943901
34205823 0.5321430064088766 0.4459217544751327 15.47190350943901
34211823 0.5129442520759327 0.4459217544751327 15.402279943646535
34217823 0.5093885161178955 0.4459217544751327 15.402279943646535
34223823 0.5149919495053733 0.4459217544751327 15.402279943646535
34229823 0.563339448924473 0.4459217544751327 15.402279943646535
34235823 0.5318177556942013 0.4459217544751327 15.332969683900126
34241823 0.5284930095401588 0.4459217544751327 15.332969683900126
34247823 0.5339610428543518 0.4459217544751327 15.332969683900126
34253823 0.4906987790175603 0.4459217544751327 15.332969683900126
34259823 0.5555192372619648 0.4459217544751327 15.263971320322577
34265823 0.5517519065365764 0.4459217544751327 15.263971320322577
34271823 0.5072944222269313 0.4459217544751327 15.263971320322577
34277823 0.5625260846402205 0.4459217544751327 15.263971320322577
34283823 0.5777321807534649 0.4459217544751327 15.195283449381126
34289823 0.5558183656140657 0.4459217544751327 15.195283449381126
34295823 0.5535771348375481 0.4459217544751327 15.195283449381126
34301823 0.5522808618636794 0.4459217544751327 15.195283449381126
34307823 0.5210491841084111 0.4459217544751327 15.195283449381126
34313823 0.5490047531535212 0.4459217544751327 15.195283449381126
34319823 0.5546459558263567 0.4459217544751327 15.126904673858911
34325823 0.5553109255666269 0.4459217544751327 15.126904673858911
34331823 0.5268482874462865 0.4459217544751327 15.126904673858911
34337823 0.5615141175085824 0.4459217544751327 15.126904673858911
34343823 0.5393799282121055 0.4459217544751327 15.058833602826548
34349823 0.4976657694351667 0.4459217544751327 15.058833602826548
34355823 0.5575822526770062 0.4459217544751327 15.058833602826548
34361823 0.511229154634752 0.4459217544751327 14.991068851613829
34367823 0.5171847060184417 0.4459217544751327 14.991068851613829
34373823 0.5512045417965398 0.4459217544751327 14.991068851613829
34379823 0.5242682832999971 0.4459217544751327 14.923609041781567
34385823 0.5448313977247244 0.4459217544751327 14.923609041781567
34391823 0.5164434889576914 0.4459217544751327 14.856452801093551
34397823 0.5340023549660032 0.4459217544751327 14.856452801093551
34403823 0.5287316576083776 0.4459217544751327 14.856452801093551
34409823 0.5627407636228794 0.4459217544751327 14.789598763488632
34415823 0.5489623850762713 0.4459217544751327 14.789598763488632
34421823 0.5558478893139408 0.4459217544751327 14.789598763488632
34427823 0.5488850738590161 0.4459217544751327 14.789598763488632
34433823 0.5767209658757195 0.4459217544751327 14.789598763488632
34439823 0.5133486980309386 0.4459217544751327 14.789598763488632
34445823 0.5645614269216453 0.4459217544751327 14.789598763488632
34451823 0.5367143012991583 0.4459217544751327 14.723045569052934
34457823 0.5330424262463955 0.4459217544751327 14.723045569052934
34463823 0.5578310182408746 0.4459217544751327 14.723045569052934
34469823 0.5631707209528423 0.4459217544751327 14.656791863992197
34475823 0.564629126934299 0.4459217544751327 14.656791863992197
34481823 0.554427377826471 0.4459217544751327 14.656791863992197
34487823 0.5570511073483145 0.4459217544751327 14.590836300604233
34493823 0.5693523095798658 0.4459217544751327 14.590836300604233
34499823 0.5235959571405087 0.4459217544751327 14.525177537251514
34505823 0.5562613849684487 0.4459217544751327 14.525177537251514
34511823 0.5149637649249335 0.4459217544751327 14.459814238333882
34517823 0.5353878080489559 0.4459217544751327 14.459814238333882
34523823 0.5783638929549197 0.4459217544751327 14.39474507426138
34529823 0.562702915737514 0.4459217544751327 14.39474507426138
34535823 0.5382211795395496 0.4459217544751327 14.39474507426138
34541823 0.5334392453035872 0.4459217544751327 14.39474507426138
34547823 0.549760619800203 0.4459217544751327 14.329968721427203
34553823 0.5407745011330239 0.4459217544751327 14.329968721427203
34559823 0.5143949066406552 0.4459217544751327 14.265483862180782
34565823 0.535188832543433 0.4459217544751327 14.265483862180782
34571823 0.5331366597072746 0.4459217544751327 14.265483862180782
34577823 0.5134073976688233 0.4459217544751327 14.201289184800968
34583823 0.5458775176918429 0.4459217544751327 14.201289184800968
34589823 0.5023181242783956 0.4459217544751327 14.201289184800968
34595823 0.49603641740939913 0.4459217544751327 14.137383383469365
34601823 0.5365535479102317 0.4459217544751327 14.137383383469365
34607823 0.5551484810059015 0.4459217544751327 14.073765158243754
34613823 0.5212592356765675 0.4459217544751327 14.073765158243754
34619823 0.5416085134852071 0.4459217544751327 14.010433215031657
34625823 0.5537827794821988 0.4459217544751327 14.010433215031657
34631823 0.5453502539627406 0.4459217544751327 13.947386265564015
34637823 0.5211272279084697 0.4459217544751327 13.947386265564015
34643823 0.5407002173430492 0.4459217544751327 13.947386265564015
34649823 0.5171365727157267 0.4459217544751327 13.884623027368978
34655823 0.5468405488470435 0.4459217544751327 13.884623027368978
34661823 0.5361029660560162 0.4459217544751327 13.822142223745818
34667823 0.5393612691724418 0.4459217544751327 13.822142223745818
34673823 0.5316354255597027 0.4459217544751327 13.759942583738962
34679823 0.5928631019395806 0.4459217544751327 13.759942583738962
34685823 0.5861249356805008 0.4459217544751327 13.698022842112136
34691823 0.5273179833237266 0.4459217544751327 13.698022842112136
34697823 0.5404687693604281 0.4459217544751327 13.698022842112136
34703823 0.5040161327815017 0.4459217544751327 13.698022842112136
34709823 0.5237777005497202 0.4459217544751327 13.698022842112136
34715823 0.5291383842812475 0.4459217544751327 13.698022842112136
34721823 0.5545815964113419 0.4459217544751327 13.636381739322632
34727823 0.5535422700513907 0.4459217544751327 13.636381739322632
34733823 0.5464154467007257 0.4459217544751327 13.57501802149568
34739823 0.5400392779246214 0.4459217544751327 13.57501802149568
34745823 0.537051162169201 0.4459217544751327 13.51393044039895
34751823 0.5791293054370792 0.4459217544751327 13.51393044039895
34757823 0.579332102799293 0.4459217544751327 13.453117753417155
34763823 0.5213983850613608 0.4459217544751327 13.453117753417155
34769823 0.5608751725592985 0.4459217544751327 13.453117753417155
34775823 0.5497406742623561 0.4459217544751327 13.453117753417155
34781823 0.5499630423909544 0.4459217544751327 13.392578723526778
34787823 0.5328001791380002 0.4459217544751327 13.392578723526778
34793823 0.5722804763506988 0.4459217544751327 13.332312119270908
34799823 0.5618521995506949 0.4459217544751327 13.332312119270908
34805823 0.5561521920498242 0.4459217544751327 13.27231671473419
34811823 0.5287254924248498 0.4459217544751327 13.27231671473419
34817823 0.5280873414191756 0.4459217544751327 13.27231671473419
34823823 0.5346185798225538 0.4459217544751327 13.212591289517887
34829823 0.5136367248501932 0.4459217544751327 13.212591289517887
34835823 0.5704630245493176 0.4459217544751327 13.212591289517887
34841823 0.5410910587332685 0.4459217544751327 13.153134628715057
34847823 0.5449095790162298 0.4459217544751327 13.153134628715057
34853823 0.5588957239152242 0.4459217544751327 13.153134628715057
34859823 0.5879470158528082 0.4459217544751327 13.09394552288584
34865823 0.6056162599338712 0.4459217544751327 13.09394552288584
34871823 0.5561151144571418 0.4459217544751327 13.09394552288584
34877823 0.5910250554442418 0.4459217544751327 13.09394552288584
34883823 0.5800821136874491 0.4459217544751327 13.035022768032853
34889823 0.5247086123493915 0.4459217544751327 13.035022768032853
34895823 0.5494773960166077 0.4459217544751327 13.035022768032853
34901823 0.5577848149694324 0.4459217544751327 13.035022768032853
34907823 0.524014590747973 0.4459217544751327 13.035022768032853
34913823 0.5301025324121307 0.4459217544751327 13.035022768032853
34919823 0.5409357008326698 0.4459217544751327 13.035022768032853
34925823 0.5210921897287762 0.4459217544751327 13.035022768032853
34931823 0.5241783355514441 0.4459217544751327 12.976365165576706
34937823 0.5062085290479336 0.4459217544751327 12.976365165576706
34943823 0.524537771574503 0.4459217544751327 12.976365165576706
34949823 0.5593755084327752 0.4459217544751327 12.91797152233161
34955823 0.5556694236406561 0.4459217544751327 12.91797152233161
34961823 0.5423670326147277 0.4459217544751327 12.91797152233161
34967823 0.5419556052777906 0.4459217544751327 12.91797152233161
34973823 0.5885042300757597 0.4459217544751327 12.85984065048112
34979823 0.5531379151943517 0.4459217544751327 12.85984065048112
34985823 0.5526155807779825 0.4459217544751327 12.85984065048112
34991823 0.5655242972043678 0.4459217544751327 12.801971367553955
34997823 0.5671016086537337 0.4459217544751327 12.801971367553955
35003823 0.5257792301000631 0.4459217544751327 12.801971367553955
35009823 0.5563873012525834 0.4459217544751327 12.801971367553955
35015823 0.5640895887729293 0.4459217544751327 12.744362496399964
35021823 0.5526407478128813 0.4459217544751327 12.744362496399964
35027823 0.5302021323519752 0.4459217544751327 12.744362496399964
35033823 0.5711409251807454 0.4459217544751327 12.687012865166164
35039823 0.5563252920688034 0.4459217544751327 12.687012865166164
35045823 0.5725082713217219 0.4459217544751327 12.687012865166164
35051823 0.5588711240780294 0.4459217544751327 12.629921307272916
35057823 0.5392962820065897 0.4459217544751327 12.629921307272916
35063823 0.5106852922554375 0.4459217544751327 12.629921307272916
35069823 0.5351577509361989 0.4459217544751327 12.629921307272916
35075823 0.5075317341506984 0.4459217544751327 12.573086661390189
35081823 0.4946853139913444 0.4459217544751327 12.573086661390189
35087823 0.5058001189731284 0.4459217544751327 12.573086661390189
35093823 0.5236385862875452 0.4459217544751327 12.516507771413934
35099823 0.5270171725636963 0.4459217544751327 12.516507771413934
35105823 0.5226200679379902 0.4459217544751327 12.460183486442572
35111823 0.5527483611376931 0.4459217544751327 12.460183486442572
35117823 0.5204815628437041 0.4459217544751327 12.404112660753581
35123823 0.5170982416273705 0.4459217544751327 12.404112660753581
35129823 0.565055727548564 0.4459217544751327 12.404112660753581
35135823 0.5243132633034534 0.4459217544751327 12.348294153780191
35141823 0.5378237480406374 0.4459217544751327 12.348294153780191
35147823 0.5685782527385917 0.4459217544751327 12.348294153780191
35153823 0.5469341438440184 0.4459217544751327 12.292726830088181
35159823 0.5333452950202318 0.4459217544751327 12.292726830088181
35165823 0.5311507347214237 0.4459217544751327 12.292726830088181
35171823 0.5427298087075147 0.4459217544751327 12.292726830088181
35177823 0.5221303684031492 0.4459217544751327 12.237409559352786
35183823 0.505193548173185 0.4459217544751327 12.237409559352786
35189823 0.5431155207208588 0.4459217544751327 12.237409559352786
35195823 0.5498817365276152 0.4459217544751327 12.182341216335699
35201823 0.5452325136856812 0.4459217544751327 12.182341216335699
35207823 0.5058347015783163 0.4459217544751327 12.127520680862188
35213823 0.5468038792793014 0.4459217544751327 12.127520680862188
35219823 0.5264045543071733 0.4459217544751327 12.072946837798309
35225823 0.5294598264466571 0.4459217544751327 12.072946837798309
35231823 0.5363145267637425 0.4459217544751327 12.072946837798309
35237823 0.509947155113337 0.4459217544751327 12.018618577028217
35243823 0.5174974138191746 0.4459217544751327 12.018618577028217
35249823 0.5426230332319937 0.4459217544751327 12.018618577028217
35255823 0.5352368600083377 0.4459217544751327 11.964534793431591
35261823 0.516403716717972 0.4459217544751327 11.964534793431591
35267823 0.5219719355785053 0.4459217544751327 11.910694386861149
35273823 0.5013684566333746 0.4459217544751327 11.910694386861149
35279823 0.540528170503251 0.4459217544751327 11.857096262120274
35285823 0.5209966589298476 0.4459217544751327 11.857096262120274
35291823 0.5277249370021606 0.4459217544751327 11.803739328940734
35297823 0.556143844307012 0.4459217544751327 11.803739328940734
35303823 0.5391180767262657 0.4459217544751327 11.750622501960502
35309823 0.5394900669791699 0.4459217544751327 11.750622501960502
35315823 0.5356779126939586 0.4459217544751327 11.69774470070168
35321823 0.5341528373512768 0.4459217544751327 11.69774470070168
35327823 0.4803148636464508 0.4459217544751327 11.69774470070168
35333823 0.5061054980902376 0.4459217544751327 11.69774470070168
35339823 0.5280575177280566 0.4459217544751327 11.645104849548522
35345823 0.5498410020908308 0.4459217544751327 11.645104849548522
35351823 0.5324326772414317 0.4459217544751327 11.592701877725554
35357823 0.5826021820381398 0.4459217544751327 11.592701877725554
35363823 0.5204093953444414 0.4459217544751327 11.54053471927579
35369823 0.5285169870185831 0.4459217544751327 11.54053471927579
35375823 0.5491485126028248 0.4459217544751327 11.54053471927579
35381823 0.5562727774455344 0.4459217544751327 11.488602313039049
35387823 0.5643433826031695 0.4459217544751327 11.488602313039049
35393823 0.5634227027116604 0.4459217544751327 11.436903602630373
35399823 0.5069639894088096 0.4459217544751327 11.436903602630373
35405823 0.5578478757486505 0.4459217544751327 11.436903602630373
35411823 0.5474707738652687 0.4459217544751327 11.385437536418538
35417823 0.500456173543754 0.4459217544751327 11.385437536418538
35423823 0.5353935410456938 0.4459217544751327 11.385437536418538
35429823 0.5124782669734791 0.4459217544751327 11.334203067504655
35435823 0.5673237731287893 0.4459217544751327 11.334203067504655
35441823 0.5484063884988868 0.4459217544751327 11.283199153700885
35447823 0.5461599559399383 0.4459217544751327 11.283199153700885
35453823 0.5548076671304214 0.4459217544751327 11.283199153700885
35459823 0.5314446260228 0.4459217544751327 11.23242475750923
35465823 0.5415945308826879 0.4459217544751327 11.23242475750923
35471823 0.5518092247423093 0.4459217544751327 11.181878846100439
35477823 0.5680303601439269 0.4459217544751327 11.181878846100439
35483823 0.5768480426875365 0.4459217544751327 11.181878846100439
35489823 0.5299607536353867 0.4459217544751327 11.181878846100439
35495823 0.5271493347879268 0.4459217544751327 11.131560391292988
35501823 0.5153009718509963 0.4459217544751327 11.131560391292988
35507823 0.5524488360573614 0.4459217544751327 11.131560391292988
35513823 0.5681762921757856 0.4459217544751327 11.08146836953217
35519823 0.5443048976408487 0.4459217544751327 11.08146836953217
35525823 0.5296636632073491 0.4459217544751327 11.08146836953217
35531823 0.5042221738135947 0.4459217544751327 11.08146836953217
35537823 0.526512773151689 0.4459217544751327 11.08146836953217
35543823 0.5378753444649217 0.4459217544751327 11.031601761869275
35549823 0.5244594329215418 0.4459217544751327 11.031601761869275
35555823 0.5457338130993147 0.4459217544751327 11.031601761869275
35561823 0.5576712299841268 0.4459217544751327 10.981959553940865
35567823 0.530028958769091 0.4459217544751327 10.981959553940865
35573823 0.5198401935696111 0.4459217544751327 10.981959553940865
35579823 0.536699868653664 0.4459217544751327 10.93254073594813
35585823 0.5052965838116598 0.4459217544751327 10.93254073594813
35591823 0.5514372264620372 0.4459217544751327 10.93254073594813
35597823 0.5409321443727814 0.4459217544751327 10.883344302636365
35603823 0.5195942153593368 0.4459217544751327 10.883344302636365
35609823 0.5594360398639795 0.4459217544751327 10.834369253274502
35615823 0.540222241412252 0.4459217544751327 10.834369253274502
35621823 0.5199655068603878 0.4459217544751327 10.785614591634769
35627823 0.5681617562158456 0.4459217544751327 10.785614591634769
35633823 0.5685804750076406 0.4459217544751327 10.785614591634769
35639823 0.5271750710187473 0.4459217544751327 10.737079325972413
35645823 0.5262596175568691 0.4459217544751327 10.737079325972413
35651823 0.5052064198465007 0.4459217544751327 10.688762469005537
35657823 0.5515113258484363 0.4459217544751327 10.688762469005537
35663823 0.5581429842768609 0.4459217544751327 10.640663037895013
35669823 0.5098453397232641 0.4459217544751327 10.640663037895013
35675823 0.5224911322232056 0.4459217544751327 10.640663037895013
35681823 0.5699829411367202 0.4459217544751327 10.640663037895013
35687823 0.5360714142570666 0.4459217544751327 10.592780054224486
35693823 0.5162662944539816 0.4459217544751327 10.592780054224486
35699823 0.5322195413695545 0.4459217544751327 10.592780054224486
35705823 0.5135485597210135 0.4459217544751327 10.545112543980476
35711823 0.540150428737907 0.4459217544751327 10.545112543980476
35717823 0.5221745332655688 0.4459217544751327 10.497659537532565
35723823 0.538481600284847 0.4459217544751327 10.497659537532565
35729823 0.5456336242170181 0.4459217544751327 10.497659537532565
35735823 0.5359206226495524 0.4459217544751327 10.497659537532565
35741823 0.5506544356432452 0.4459217544751327 10.450420069613669
35747823 0.49973247811180577 0.4459217544751327 10.450420069613669
35753823 0.5170290458343376 0.4459217544751327 10.403393179300409
35759823 0.5466008082307015 0.4459217544751327 10.403393179300409
35765823 0.5190252622873786 0.4459217544751327 10.356577909993558
35771823 0.5542477415909355 0.4459217544751327 10.356577909993558
35777823 0.5501462989955683 0.4459217544751327 10.309973309398588
35783823 0.5218646210721153 0.4459217544751327 10.309973309398588
35789823 0.5111074385912983 0.4459217544751327 10.309973309398588
35795823 0.5218111964827475 0.4459217544751327 10.309973309398588
35801823 0.5442399325768461 0.4459217544751327 10.263578429506294
35807823 0.5317399983829003 0.4459217544751327 10.263578429506294
35813823 0.5526772815647681 0.4459217544751327 10.263578429506294
35819823 0.551699607857032 0.4459217544751327 10.217392326573517
35825823 0.5692694082839249 0.4459217544751327 10.217392326573517
35831823 0.5436891979154574 0.4459217544751327 10.171414061103937
35837823 0.5446446761090642 0.4459217544751327 10.171414061103937
35843823 0.5253160717448859 0.4459217544751327 10.171414061103937
35849823 0.5307734143082682 0.4459217544751327 10.171414061103937
35855823 0.5491681020254232 0.4459217544751327 10.125642697828969
35861823 0.5606024839089241 0.4459217544751327 10.125642697828969
35867823 0.5244268631546891 0.4459217544751327 10.08007730568874
35873823 0.5111153651645854 0.4459217544751327 10.08007730568874
35879823 0.5171220323238495 0.4459217544751327 10.08007730568874
35885823 0.5078283149172668 0.4459217544751327 10.08007730568874
35891823 0.5019623176986912 0.4459217544751327 10.03471695781314
35897823 0.5312257089135412 0.4459217544751327 10.03471695781314
35903823 0.5178139104600626 0.4459217544751327 10.03471695781314
35909823 0.5043130106129866 0.4459217544751327 9.989560731502982
35915823 0.583061373140132 0.4459217544751327 9.989560731502982
35921823 0.5423030337664055 0.4459217544751327 9.944607708211219
35927823 0.505937675249989 0.4459217544751327 9.944607708211219
35933823 0.568344744338675 0.4459217544751327 9.944607708211219
35939823 0.5044003991118564 0.4459217544751327 9.899856973524269
35945823 0.5095030627025969 0.4459217544751327 9.899856973524269
35951823 0.535815417729505 0.4459217544751327 9.899856973524269
35957823 0.5680185438131046 0.4459217544751327 9.85530761714341
35963823 0.5462761854959706 0.4459217544751327 9.85530761714341
35969823 0.5287132485207435 0.4459217544751327 9.85530761714341
35975823 0.4977225823527899 0.4459217544751327 9.810958732866265
35981823 0.5561963674712146 0.4459217544751327 9.810958732866265
35987823 0.5331952156457199 0.4459217544751327 9.810958732866265
35993823 0.5405711228551341 0.4459217544751327 9.766809418568368
35999823 0.5397667204107278 0.4459217544751327 9.766809418568368
36005823 0.5099781926595142 0.4459217544751327 9.766809418568368
36011823 0.5403055637174778 0.4459217544751327 9.722858776184811
36017823 0.5548497752268238 0.4459217544751327 9.722858776184811
36023823 0.5594723542560566 0.4459217544751327 9.722858776184811
36029823 0.571633611474637 0.4459217544751327 9.67910591169198
36035823 0.5274660998906289 0.4459217544751327 9.67910591169198
36041823 0.5128623822566738 0.4459217544751327 9.67910591169198
36047823 0.5061771518149567 0.4459217544751327 9.635549935089367
36053823 0.518690659883416 0.4459217544751327 9.635549935089367
36059823 0.5450588914743972 0.4459217544751327 9.592189960381464
36065823 0.5232302767982057 0.4459217544751327 9.592189960381464
36071823 0.5093739607653612 0.4459217544751327 9.549025105559748
36077823 0.5335519182274119 0.4459217544751327 9.549025105559748
36083823 0.4980553664745323 0.4459217544751327 9.549025105559748
36089823 0.5269732194349541 0.4459217544751327 9.50605449258473
36095823 0.524973454036026 0.4459217544751327 9.50605449258473
36101823 0.5358878836614985 0.4459217544751327 9.50605449258473
36107823 0.5501933145652858 0.4459217544751327 9.50605449258473
36113823 0.5505802828255999 0.4459217544751327 9.463277247368099
36119823 0.5359895773494743 0.4459217544751327 9.463277247368099
36125823 0.5107571335129053 0.4459217544751327 9.463277247368099
36131823 0.5145624142416464 0.4459217544751327 9.463277247368099
36137823 0.5715918451395947 0.4459217544751327 9.463277247368099
36143823 0.539541524128729 0.4459217544751327 9.420692499754944
36149823 0.5116492921949273 0.4459217544751327 9.420692499754944
36155823 0.5122093061503086 0.4459217544751327 9.378299383506047
36161823 0.5406717079710365 0.4459217544751327 9.378299383506047
36167823 0.5345211094006462 0.4459217544751327 9.378299383506047
36173823 0.5383009495310839 0.4459217544751327 9.33609703628027
36179823 0.5381463987894949 0.4459217544751327 9.33609703628027
36185823 0.5327290304116672 0.4459217544751327 9.33609703628027
36191823 0.5479881620379861 0.4459217544751327 9.29408459961701
36197823 0.5397384520153156 0.4459217544751327 9.29408459961701
36203823 0.5485856864374261 0.4459217544751327 9.252261218918735
36209823 0.5148518285288914 0.4459217544751327 9.252261218918735
36215823 0.5416780759048895 0.4459217544751327 9.252261218918735
36221823 0.5112088905086484 0.4459217544751327 9.210626043433601
36227823 0.5646786777960636 0.4459217544751327 9.210626043433601
36233823 0.5323755590444632 0.4459217544751327 9.16917822623815
36239823 0.5432631428834647 0.4459217544751327 9.16917822623815
36245823 0.5227695349601892 0.4459217544751327 9.16917822623815
36251823 0.5053769619641126 0.4459217544751327 9.127916924220079
36257823 0.5201686358074088 0.4459217544751327 9.127916924220079
36263823 0.5401687156139345 0.4459217544751327 9.086841298061088
36269823 0.5271327702829326 0.4459217544751327 9.086841298061088
36275823 0.5403194039147304 0.4459217544751327 9.045950512219814
36281823 0.5211442474373862 0.4459217544751327 9.045950512219814
36287823 0.5162504532686175 0.4459217544751327 9.045950512219814
36293823 0.5495350090966851 0.4459217544751327 9.005243734914826
36299823 0.5306027982777949 0.4459217544751327 9.005243734914826
36305823 0.4943245930376772 0.4459217544751327 9.005243734914826
36311823 0.5077997554893834 0.4459217544751327 9.005243734914826
36317823 0.5384982500688095 0.4459217544751327 9.005243734914826
36323823 0.5287772074630348 0.4459217544751327 8.96472013810771
36329823 0.5300403947903966 0.4459217544751327 8.96472013810771
36335823 0.51848052796513 0.4459217544751327 8.96472013810771
36341823 0.5427530866936127 0.4459217544751327 8.96472013810771
36347823 0.5438366636057977 0.4459217544751327 8.924378897486227
36353823 0.5433772816131804 0.4459217544751327 8.924378897486227
36359823 0.560064294248404 0.4459217544751327 8.924378897486227
36365823 0.57693931092897 0.4459217544751327 8.924378897486227
36371823 0.5794634788049855 0.4459217544751327 8.884219192447539
36377823 0.562643449321224 0.4459217544751327 8.884219192447539
36383823 0.5960065251408863 0.4459217544751327 8.844240206081524
36389823 0.5004921342452048 0.4459217544751327 8.844240206081524
36395823 0.5239697629853652 0.4459217544751327 8.844240206081524
36401823 0.5199539107360704 0.4459217544751327 8.844240206081524
36407823 0.5615371795098631 0.4459217544751327 8.804441125154158
36413823 0.5708347631255202 0.4459217544751327 8.804441125154158
36419823 0.5725165541947776 0.4459217544751327 8.764821140090964
36425823 0.5035823948436102 0.4459217544751327 8.764821140090964
36431823 0.5040222775433392 0.4459217544751327 8.764821140090964
36437823 0.531903742402172 0.4459217544751327 8.764821140090964
36443823 0.5099101377093178 0.4459217544751327 8.725379444960556
36449823 0.5113624707662903 0.4459217544751327 8.725379444960556
36455823 0.5393932212992926 0.4459217544751327 8.686115237458234
36461823 0.5438652377292135 0.4459217544751327 8.686115237458234
36467823 0.5512593697432949 0.4459217544751327 8.647027718889673
36473823 0.5419959783729168 0.4459217544751327 8.647027718889673
36479823 0.5603544468245113 0.4459217544751327 8.608116094154669
36485823 0.5431536615729845 0.4459217544751327 8.608116094154669
36491823 0.5375082403609421 0.4459217544751327 8.608116094154669
36497823 0.5342089558224389 0.4459217544751327 8.569379571730973
36503823 0.5557348774760003 0.4459217544751327 8.569379571730973
36509823 0.5517537332039822 0.4459217544751327 8.569379571730973
36515823 0.5466003109826542 0.4459217544751327 8.530817363658185
36521823 0.5262048238347822 0.4459217544751327 8.530817363658185
36527823 0.5413644657210382 0.4459217544751327 8.530817363658185
36533823 0.5126053250199532 0.4459217544751327 8.492428685521723
36539823 0.5168422386632392 0.4459217544751327 8.492428685521723
36545823 0.5305294472409737 0.4459217544751327 8.454212756436876
36551823 0.5650466171122451 0.4459217544751327 8.454212756436876
36557823 0.5734238906401294 0.4459217544751327 8.41616879903291
36563823 0.5432791487519515 0.4459217544751327 8.41616879903291
36569823 0.5244756931392384 0.4459217544751327 8.378296039437263
36575823 0.5090313305549301 0.4459217544751327 8.378296039437263
36581823 0.5494707182846479 0.4459217544751327 8.378296039437263
36587823 0.5459988913032875 0.4459217544751327 8.340593707259796
36593823 0.5482530875546331 0.4459217544751327 8.340593707259796
36599823 0.5380043434267261 0.4459217544751327 8.303061035577127
36605823 0.5239431384843223 0.4459217544751327 8.303061035577127
36611823 0.5204092780734462 0.4459217544751327 8.303061035577127
36617823 0.5047328902630994 0.4459217544751327 8.303061035577127
36623823 0.5307321945848918 0.4459217544751327 8.303061035577127
36629823 0.5564923747506466 0.4459217544751327 8.26569726091703
36635823 0.5753996818538986 0.4459217544751327 8.26569726091703
36641823 0.5209079290507996 0.4459217544751327 8.228501623242904
36647823 0.5780389850967427 0.4459217544751327 8.228501623242904
36653823 0.5441820716469755 0.4459217544751327 8.228501623242904
36659823 0.5600665695573279 0.4459217544751327 8.191473365938311
36665823 0.5942340268940538 0.4459217544751327 8.191473365938311
36671823 0.5330495314483932 0.4459217544751327 8.154611735791589
36677823 0.5205850763680769 0.4459217544751327 8.154611735791589
36683823 0.5215259378578055 0.4459217544751327 8.154611735791589
36689823 0.5322377880434481 0.4459217544751327 8.117915982980527
36695823 0.5506128387651842 0.4459217544751327 8.117915982980527
36701823 0.5593781155880021 0.4459217544751327 8.117915982980527
36707823 0.6067321268895405 0.4459217544751327 8.081385361057116
36713823 0.544755968965026 0.4459217544751327 8.081385361057116
36719823 0.545989338450085 0.4459217544751327 8.081385361057116
36725823 0.5600727312787251 0.4459217544751327 8.081385361057116
36731823 0.5240096028566772 0.4459217544751327 8.04501912693236
36737823 0.5173019186664541 0.4459217544751327 8.04501912693236
36743823 0.5394538727915774 0.4459217544751327 8.04501912693236
36749823 0.5181653532875775 0.4459217544751327 8.04501912693236
36755823 0.5209253899776571 0.4459217544751327 8.008816540861165
36761823 0.5241082375808627 0.4459217544751327 8.008816540861165
36767823 0.5063667565373402 0.4459217544751327 7.97277686642729
36773823 0.5346611677539708 0.4459217544751327 7.97277686642729
36779823 0.48860931869941143 0.4459217544751327 7.936899370528368
36785823 0.5440540650019813 0.4459217544751327 7.936899370528368
36791823 0.5176671023609274 0.4459217544751327 7.936899370528368
36797823 0.5490369521031065 0.4459217544751327 7.901183323360991
36803823 0.5516514340075293 0.4459217544751327 7.901183323360991
36809823 0.5455501028804142 0.4459217544751327 7.865627998405867
36815823 0.5225498268643177 0.4459217544751327 7.865627998405867
36821823 0.5340077157403464 0.4459217544751327 7.865627998405867
36827823 0.5230007208166272 0.4459217544751327 7.830232672413041
36833823 0.5498313289368283 0.4459217544751327 7.830232672413041
36839823 0.5421324782656075 0.4459217544751327 7.794996625387183
36845823 0.5086628656352495 0.4459217544751327 7.794996625387183
36851823 0.5277254948146314 0.4459217544751327 7.794996625387183
36857823 0.4952198209801963 0.4459217544751327 7.759919140572941
36863823 0.5441423979076635 0.4459217544751327 7.759919140572941
36869823 0.5680365586888011 0.4459217544751327 7.724999504440363
36875823 0.5295127495160219 0.4459217544751327 7.724999504440363
36881823 0.5572283627001788 0.4459217544751327 7.690237006670381
36887823 0.4955276375434725 0.4459217544751327 7.690237006670381
36893823 0.5016949437801383 0.4459217544751327 7.690237006670381
36899823 0.5232946066003322 0.4459217544751327 7.690237006670381
36905823 0.5214788788580558 0.4459217544751327 7.655630940140365
36911823 0.5329431722396644 0.4459217544751327 7.655630940140365
36917823 0.5300895741013429 0.4459217544751327 7.621180600909733
36923823 0.5625646514137723 0.4459217544751327 7.621180600909733
36929823 0.5236602049476776 0.4459217544751327 7.621180600909733
36935823 0.5044686893221333 0.4459217544751327 7.58688528820564
36941823 0.5525871222354314 0.4459217544751327 7.58688528820564
36947823 0.49876860635973874 0.4459217544751327 7.552744304408716
36953823 0.519319430547217 0.4459217544751327 7.552744304408716
36959823 0.5244916965429703 0.4459217544751327 7.552744304408716
36965823 0.5146079974086208 0.4459217544751327 7.518756955038877
36971823 0.5214915639639062 0.4459217544751327 7.518756955038877
36977823 0.5432989345754834 0.4459217544751327 7.518756955038877
36983823 0.5588797115405664 0.4459217544751327 7.484922548741203
36989823 0.5248955398691766 0.4459217544751327 7.484922548741203
36995823 0.5265492612411635 0.4459217544751327 7.484922548741203
37001823 0.5301117784034771 0.4459217544751327 7.484922548741203
37007823 0.5197326785944774 0.4459217544751327 7.451240397271868
37013823 0.5405526822632822 0.4459217544751327 7.451240397271868
37019823 0.544335854597309 0.4459217544751327 7.417709815484145
37025823 0.541573278395804 0.4459217544751327 7.417709815484145
37031823 0.5566335957993278 0.4459217544751327 7.384330121314467
37037823 0.5288563846224105 0.4459217544751327 7.384330121314467
37043823 0.5514468107610402 0.4459217544751327 7.384330121314467
37049823 0.5220419741278107 0.4459217544751327 7.384330121314467
37055823 0.5490148338157277 0.4459217544751327 7.384330121314467
37061823 0.5378821987517229 0.4459217544751327 7.351100635768552
37067823 0.5248125246551328 0.4459217544751327 7.351100635768552
37073823 0.5690691976362372 0.4459217544751327 7.318020682907594
37079823 0.5594210805860446 0.4459217544751327 7.318020682907594
37085823 0.5452302433022341 0.4459217544751327 7.28508958983451
37091823 0.5324232834885105 0.4459217544751327 7.28508958983451
37097823 0.5104444367378296 0.4459217544751327 7.28508958983451
37103823 0.5012757762271541 0.4459217544751327 7.252306686680256
37109823 0.5449064883350427 0.4459217544751327 7.252306686680256
37115823 0.5175679388533557 0.4459217544751327 7.252306686680256
37121823 0.5245458431392235 0.4459217544751327 7.252306686680256
37127823 0.5432180294979689 0.4459217544751327 7.219671306590195
37133823 0.5174473889694597 0.4459217544751327 7.219671306590195
37139823 0.5221985265069673 0.4459217544751327 7.219671306590195
37145823 0.5280576583399703 0.4459217544751327 7.187182785710539
37151823 0.5322704873886968 0.4459217544751327 7.187182785710539
37157823 0.5050006901927021 0.4459217544751327 7.187182785710539
37163823 0.5425519939777367 0.4459217544751327 7.187182785710539
37169823 0.5524733100236671 0.4459217544751327 7.154840463174843
37175823 0.5750049110339055 0.4459217544751327 7.154840463174843
37181823 0.5609967425286689 0.4459217544751327 7.154840463174843
37187823 0.570240134611893 0.4459217544751327 7.154840463174843
37193823 0.5434190674591224 0.4459217544751327 7.1226436810905565
37199823 0.5541230274398797 0.4459217544751327 7.1226436810905565
37205823 0.5279283860476529 0.4459217544751327 7.09059178452565
37211823 0.554952987978368 0.4459217544751327 7.09059178452565
37217823 0.5352733410562749 0.4459217544751327 7.0586841214952845
37223823 0.5397167132968791 0.4459217544751327 7.0586841214952845
37229823 0.5383444134664762 0.4459217544751327 7.026920042948556
37235823 0.5620766081217612 0.4459217544751327 7.026920042948556
37241823 0.5739611291151344 0.4459217544751327 6.995298902755288
37247823 0.5219441750955294 0.4459217544751327 6.995298902755288
37253823 0.5419834470024781 0.4459217544751327 6.96382005769289
37259823 0.5331840647474407 0.4459217544751327 6.96382005769289
37265823 0.5572973843405502 0.4459217544751327 6.96382005769289
37271823 0.5560113135930586 0.4459217544751327 6.932482867433272
37277823 0.5640843525315535 0.4459217544751327 6.932482867433272
37283823 0.536099381601042 0.4459217544751327 6.901286694529823
37289823 0.5332193205143471 0.4459217544751327 6.901286694529823
37295823 0.5476199643662607 0.4459217544751327 6.870230904404439
37301823 0.5229661034402151 0.4459217544751327 6.870230904404439
37307823 0.5278643585044883 0.4459217544751327 6.870230904404439
37313823 0.558712171407578 0.4459217544751327 6.870230904404439
37319823 0.5286051350389268 0.4459217544751327 6.870230904404439
37325823 0.5381746321667004 0.4459217544751327 6.839314865334619
37331823 0.527153950442959 0.4459217544751327 6.839314865334619
37337823 0.5502182803445144 0.4459217544751327 6.839314865334619
37343823 0.5403282914500429 0.4459217544751327 6.808537948440613
37349823 0.49926076627697014 0.4459217544751327 6.808537948440613
37355823 0.5208559175938833 0.4459217544751327 6.808537948440613
37361823 0.5401154654978075 0.4459217544751327 6.777899527672631
37367823 0.5663213650990581 0.4459217544751327 6.777899527672631
37373823 0.562439752310101 0.4459217544751327 6.777899527672631
37379823 0.5432800935085353 0.4459217544751327 6.747398979798104
37385823 0.5576475329349866 0.4459217544751327 6.747398979798104
37391823 0.560191392587323 0.4459217544751327 6.747398979798104
37397823 0.550585746210964 0.4459217544751327 6.747398979798104
37403823 0.5661636851341201 0.4459217544751327 6.747398979798104
37409823 0.5378180650093369 0.4459217544751327 6.747398979798104
37415823 0.5569623961911658 0.4459217544751327 6.717035684389013
37421823 0.5104466120759245 0.4459217544751327 6.717035684389013
37427823 0.5633171297967957 0.4459217544751327 6.717035684389013
37433823 0.5670349423111373 0.4459217544751327 6.717035684389013
37439823 0.5263048833481235 0.4459217544751327 6.686809023809263
37445823 0.5715919083269486 0.4459217544751327 6.686809023809263
37451823 0.5148510444953538 0.4459217544751327 6.686809023809263
37457823 0.5335833846771808 0.4459217544751327 6.686809023809263
37463823 0.5376140794830921 0.4459217544751327 6.656718383202122
37469823 0.540487028906321 0.4459217544751327 6.656718383202122
37475823 0.5691929396754996 0.4459217544751327 6.626763150477713
37481823 0.5529980754403108 0.4459217544751327 6.626763150477713
37487823 0.5167503699276248 0.4459217544751327 6.626763150477713
37493823 0.5483248213239139 0.4459217544751327 6.626763150477713
37499823 0.5608483847929653 0.4459217544751327 6.596942716300564
37505823 0.5372697771462549 0.4459217544751327 6.596942716300564
37511823 0.5129036186677689 0.4459217544751327 6.596942716300564
37517823 0.5435821045964795 0.4459217544751327 6.596942716300564
37523823 0.5425706229187776 0.4459217544751327 6.567256474077212
37529823 0.5354612566746011 0.4459217544751327 6.567256474077212
37535823 0.5385580072418612 0.4459217544751327 6.567256474077212
37541823 0.560026810391261 0.4459217544751327 6.537703819943864
37547823 0.545000859718985 0.4459217544751327 6.537703819943864
37553823 0.5652881780410128 0.4459217544751327 6.537703819943864
37559823 0.5384488839929831 0.4459217544751327 6.537703819943864
37565823 0.5635140458562309 0.4459217544751327 6.537703819943864
37571823 0.5231143465315762 0.4459217544751327 6.5082841527541175
37577823 0.555707266235571 0.4459217544751327 6.5082841527541175
37583823 0.5422926572501516 0.4459217544751327 6.5082841527541175
37589823 0.5548642358939061 0.4459217544751327 6.478996874066724
37595823 0.5444219987120898 0.4459217544751327 6.478996874066724
37601823 0.5357273975690148 0.4459217544751327 6.449841388133424
37607823 0.5624047010543652 0.4459217544751327 6.449841388133424
37613823 0.5558493668932812 0.4459217544751327 6.420817101886824
37619823 0.5438134199537975 0.4459217544751327 6.420817101886824
37625823 0.5356052571583824 0.4459217544751327 6.420817101886824
37631823 0.5501306554125818 0.4459217544751327 6.391923424928334
37637823 0.5289136792447698 0.4459217544751327 6.391923424928334
37643823 0.5219722103676231 0.4459217544751327 6.363159769516156
37649823 0.5206552432992934 0.4459217544751327 6.363159769516156
37655823 0.5271322412970411 0.4459217544751327 6.334525550553334
37661823 0.5075386382569711 0.4459217544751327 6.334525550553334
37667823 0.5478153682307292 0.4459217544751327 6.306020185575844
37673823 0.5471827196537502 0.4459217544751327 6.306020185575844
37679823 0.5371117411513402 0.4459217544751327 6.306020185575844
37685823 0.5281609999489467 0.4459217544751327 6.306020185575844
37691823 0.5240169637012455 0.4459217544751327 6.306020185575844
37697823 0.5435579286988996 0.4459217544751327 6.277643094740752
37703823 0.5130443201996376 0.4459217544751327 6.277643094740752
37709823 0.5269405276381567 0.4459217544751327 6.249393700814419
37715823 0.5364611248780518 0.4459217544751327 6.249393700814419
37721823 0.5736322490766833 0.4459217544751327 6.221271429160755
37727823 0.5486867903453042 0.4459217544751327 6.221271429160755
37733823 0.5467286151180196 0.4459217544751327 6.193275707729532
37739823 0.5291936005477554 0.4459217544751327 6.193275707729532
37745823 0.5739452302532537 0.4459217544751327 6.165405967044749
37751823 0.5771707415247512 0.4459217544751327 6.165405967044749
37757823 0.5405380689973952 0.4459217544751327 6.1376616401930475
37763823 0.5627251788335962 0.4459217544751327 6.1376616401930475
37769823 0.5550050681956847 0.4459217544751327 6.110042162812179
37775823 0.5950487002209373 0.4459217544751327 6.110042162812179
37781823 0.5399380381748247 0.4459217544751327 6.110042162812179
37787823 0.5528980498840885 0.4459217544751327 6.082546973079524
37793823 0.5240106947346153 0.4459217544751327 6.082546973079524
37799823 0.5661097112651605 0.4459217544751327 6.082546973079524
37805823 0.5478172842359049 0.4459217544751327 6.055175511700667
37811823 0.5637980604093212 0.4459217544751327 6.055175511700667
37817823 0.5316274347692893 0.4459217544751327 6.055175511700667
37823823 0.5676644592143711 0.4459217544751327 6.027927221898015
37829823 0.5269830061502309 0.4459217544751327 6.027927221898015
37835823 0.5660144526843491 0.4459217544751327 6.0008015493994735
37841823 0.5495576136275934 0.4459217544751327 6.0008015493994735
37847823 0.5486410002737377 0.4459217544751327 5.9737979424271765
37853823 0.5098605633424038 0.4459217544751327 5.9737979424271765
37859823 0.5423686359637647 0.4459217544751327 5.946915851686255
37865823 0.5329001938675835 0.4459217544751327 5.946915851686255
37871823 0.5560181045201701 0.4459217544751327 5.920154730353667
37877823 0.5644312437066499 0.4459217544751327 5.920154730353667
37883823 0.5807584641602273 0.4459217544751327 5.920154730353667
37889823 0.5518740070732638 0.4459217544751327 5.893514034067075
37895823 0.548861428421037 0.4459217544751327 5.893514034067075
37901823 0.526869339887723 0.4459217544751327 5.893514034067075
37907823 0.5312959344941168 0.4459217544751327 5.893514034067075
37913823 0.5240107794559292 0.4459217544751327 5.866993220913773
37919823 0.5851749379708954 0.4459217544751327 5.866993220913773
37925823 0.5470948750190605 0.4459217544751327 5.866993220913773
37931823 0.5645553269406344 0.4459217544751327 5.866993220913773
37937823 0.5485660850207899 0.4459217544751327 5.8405917514196615
37943823 0.5111843616781568 0.4459217544751327 5.8405917514196615
37949823 0.5047170739162158 0.4459217544751327 5.8405917514196615
37955823 0.5386559538264895 0.4459217544751327 5.8405917514196615
37961823 0.5234051147239848 0.4459217544751327 5.814309088538273
37967823 0.5655770567295048 0.4459217544751327 5.814309088538273
37973823 0.5170792033522473 0.4459217544751327 5.788144697639852
37979823 0.5208684260692295 0.4459217544751327 5.788144697639852
37985823 0.5673058305122118 0.4459217544751327 5.762098046500473
37991823 0.5396485500674935 0.4459217544751327 5.762098046500473
37997823 0.5116214239626267 0.4459217544751327 5.736168605291221
38003823 0.5426476407811994 0.4459217544751327 5.736168605291221
38009823 0.5508491356336486 0.4459217544751327 5.710355846567411
38015823 0.5461062267966114 0.4459217544751327 5.710355846567411
38021823 0.5020270659027029 0.4459217544751327 5.710355846567411
38027823 0.5213035515076576 0.4459217544751327 5.710355846567411
38033823 0.5493349713892647 0.4459217544751327 5.710355846567411
38039823 0.5155781928925668 0.4459217544751327 5.6846592452578575
38045823 0.587930179954245 0.4459217544751327 5.6846592452578575
38051823 0.5725972728329041 0.4459217544751327 5.6590782786541975
38057823 0.5484998674146271 0.4459217544751327 5.6590782786541975
38063823 0.5032568242627935 0.4459217544751327 5.6590782786541975
38069823 0.5576251883998776 0.4459217544751327 5.6590782786541975
38075823 0.5398558876965796 0.4459217544751327 5.6590782786541975
38081823 0.5245370597328618 0.4459217544751327 5.633612426400254
38087823 0.5336966117251452 0.4459217544751327 5.633612426400254
38093823 0.517346064916118 0.4459217544751327 5.608261170481454
38099823 0.5094752760659316 0.4459217544751327 5.608261170481454
38105823 0.5557743007570306 0.4459217544751327 5.608261170481454
38111823 0.5360797830798623 0.4459217544751327 5.583023995214288
38117823 0.5405241598559527 0.4459217544751327 5.583023995214288
38123823 0.5231762846755608 0.4459217544751327 5.557900387235824
38129823 0.5393942695334335 0.4459217544751327 5.557900387235824
38135823 0.5168640957203247 0.4459217544751327 5.557900387235824
38141823 0.5450967495766071 0.4459217544751327 5.532889835493263
38147823 0.517131026833399 0.4459217544751327 5.532889835493263
38153823 0.5145765474211256 0.4459217544751327 5.507991831233544
38159823 0.5322703440530347 0.4459217544751327 5.507991831233544
38165823 0.5480653792358169 0.4459217544751327 5.483205867992993
38171823 0.5285902276138851 0.4459217544751327 5.483205867992993
38177823 0.5363044319894048 0.4459217544751327 5.483205867992993
38183823 0.554968533728422 0.4459217544751327 5.4585314415870245
38189823 0.5590255560592107 0.4459217544751327 5.4585314415870245
38195823 0.5590802422184793 0.4459217544751327 5.4339680500998835
38201823 0.572565288475247 0.4459217544751327 5.4339680500998835
38207823 0.5632663851887255 0.4459217544751327 5.409515193874435
38213823 0.5824821060894977 0.4459217544751327 5.409515193874435
38219823 0.5744524987823932 0.4459217544751327 5.409515193874435
38225823 0.5478949764716133 0.4459217544751327 5.385172375502
38231823 0.5413601139796669 0.4459217544751327 5.385172375502
38237823 0.5758578060119289 0.4459217544751327 5.385172375502
38243823 0.5655041481862112 0.4459217544751327 5.360939099812241
38249823 0.5747160240003385 0.4459217544751327 5.360939099812241
38255823 0.5347317247732961 0.4459217544751327 5.336814873863086
38261823 0.5574601354683194 0.4459217544751327 5.336814873863086
38267823 0.5213646555292312 0.4459217544751327 5.336814873863086
38273823 0.5489089919216236 0.4459217544751327 5.336814873863086
38279823 0.5537574645146041 0.4459217544751327 5.312799206930703
38285823 0.5723246066422688 0.4459217544751327 5.312799206930703
38291823 0.5594046242828018 0.4459217544751327 5.312799206930703
38297823 0.5297142568644182 0.4459217544751327 5.288891610499515
38303823 0.5616258754856301 0.4459217544751327 5.288891610499515
38309823 0.5295277679535251 0.4459217544751327 5.288891610499515
38315823 0.5226194960475485 0.4459217544751327 5.265091598252268
38321823 0.518607695026186 0.4459217544751327 5.265091598252268
38327823 0.5111257684938477 0.4459217544751327 5.265091598252268
38333823 0.5004070868867403 0.4459217544751327 5.241398686060133
38339823 0.5319090370177336 0.4459217544751327 5.241398686060133
38345823 0.5060260405644749 0.4459217544751327 5.241398686060133
38351823 0.5140735796898747 0.4459217544751327 5.241398686060133
38357823 0.5213624735368133 0.4459217544751327 5.241398686060133
38363823 0.545220379608859 0.4459217544751327 5.217812391972863
38369823 0.5380101556602233 0.4459217544751327 5.217812391972863
38375823 0.5273223004955526 0.4459217544751327 5.194332236208986
38381823 0.5347641015057765 0.4459217544751327 5.194332236208986
38387823 0.5448864554145266 0.4459217544751327 5.1709577411460454
38393823 0.5794117800832486 0.4459217544751327 5.1709577411460454
38399823 0.5473785913137361 0.4459217544751327 5.1709577411460454
38405823 0.5462994428654929 0.4459217544751327 5.147688431310889
38411823 0.5269790585496906 0.4459217544751327 5.147688431310889
38417823 0.5456372667695896 0.4459217544751327 5.12452383336999
38423823 0.5667048827303878 0.4459217544751327 5.12452383336999
38429823 0.5329336686320094 0.4459217544751327 5.12452383336999
38435823 0.528530614666891 0.4459217544751327 5.12452383336999
38441823 0.5076390447980268 0.4459217544751327 5.12452383336999
38447823 0.4635826008378097 0.4459217544751327 5.12452383336999
38453823 0.5175621744609762 0.4459217544751327 5.101463476119825
38459823 0.5260861143123384 0.4459217544751327 5.101463476119825
38465823 0.5079618383838251 0.4459217544751327 5.0785068904772865
38471823 0.5367925891862485 0.4459217544751327 5.0785068904772865
38477823 0.5082089689384673 0.4459217544751327 5.055653609470139
38483823 0.5499221429727826 0.4459217544751327 5.055653609470139
38489823 0.5384375263390588 0.4459217544751327 5.032903168227524
38495823 0.5531333394445568 0.4459217544751327 5.032903168227524
38501823 0.5295193394739814 0.4459217544751327 5.0102551039705
38507823 0.5239553413034929 0.4459217544751327 5.0102551039705
38513823 0.5422881664745117 0.4459217544751327 5.0102551039705
38519823 0.5742231601197204 0.4459217544751327 5.0102551039705
38525823 0.5162419043485076 0.4459217544751327 4.987708956002633
38531823 0.5281737905408008 0.4459217544751327 4.987708956002633
38537823 0.5203179560610005 0.4459217544751327 4.987708956002633
38543823 0.5553774892209269 0.4459217544751327 4.965264265700622
38549823 0.5308496142757108 0.4459217544751327 4.965264265700622
38555823 0.5721899917442823 0.4459217544751327 4.965264265700622
38561823 0.5604339561707761 0.4459217544751327 4.942920576504969
38567823 0.5366183966367951 0.4459217544751327 4.942920576504969
38573823 0.5259529811917174 0.4459217544751327 4.942920576504969
38579823 0.5440976772229491 0.4459217544751327 4.920677433910697
38585823 0.5496781376275371 0.4459217544751327 4.920677433910697
38591823 0.5450795243794744 0.4459217544751327 4.898534385458099
38597823 0.5519086667992983 0.4459217544751327 4.898534385458099
38603823 0.5654396698982951 0.4459217544751327 4.8764909807235375
38609823 0.5342865440186203 0.4459217544751327 4.8764909807235375
38615823 0.5010963737590937 0.4459217544751327 4.8764909807235375
38621823 0.5144444715189653 0.4459217544751327 4.8764909807235375
38627823 0.513775113268272 0.4459217544751327 4.8764909807235375
38633823 0.5018047415279261 0.4459217544751327 4.8545467713102814
38639823 0.5360432424426375 0.4459217544751327 4.8545467713102814
38645823 0.5133457015534123 0.4459217544751327 4.8545467713102814
38651823 0.5189259671507203 0.4459217544751327 4.8327013108393855
38657823 0.5293180679422391 0.4459217544751327 4.8327013108393855
38663823 0.5486711386910519 0.4459217544751327 4.8109541549406085
38669823 0.5413233788083228 0.4459217544751327 4.8109541549406085
38675823 0.5551923667949201 0.4459217544751327 4.789304861243376
38681823 0.5744447762159213 0.4459217544751327 4.789304861243376
38687823 0.5397734579700283 0.4459217544751327 4.76775298936778
38693823 0.5277993915409476 0.4459217544751327 4.76775298936778
38699823 0.5707267280712416 0.4459217544751327 4.7462981009156255
38705823 0.5573080232144758 0.4459217544751327 4.7462981009156255
38711823 0.5564222452817277 0.4459217544751327 4.724939759461505
38717823 0.5361016375268194 0.4459217544751327 4.724939759461505
38723823 0.5524644813751218 0.4459217544751327 4.724939759461505
38729823 0.5400643973286324 0.4459217544751327 4.703677530543929
38735823 0.5298430132384 0.4459217544751327 4.703677530543929
38741823 0.5318699020917849 0.4459217544751327 4.703677530543929
38747823 0.5331758773829655 0.4459217544751327 4.682510981656481
38753823 0.5272472907294871 0.4459217544751327 4.682510981656481
38759823 0.5202589008880649 0.4459217544751327 4.682510981656481
38765823 0.5289310236249096 0.4459217544751327 4.661439682239028
38771823 0.5188504751796535 0.4459217544751327 4.661439682239028
38777823 0.540341725597536 0.4459217544751327 4.640463203668952
38783823 0.5314252095882407 0.4459217544751327 4.640463203668952
38789823 0.548758087318737 0.4459217544751327 4.619581119252443
38795823 0.5490520491381595 0.4459217544751327 4.619581119252443
38801823 0.5415926180714523 0.4459217544751327 4.598793004215807
38807823 0.5196210680083183 0.4459217544751327 4.598793004215807
38813823 0.5193249426082123 0.4459217544751327 4.578098435696836
38819823 0.5331466385004288 0.4459217544751327 4.578098435696836
38825823 0.5542500399278051 0.4459217544751327 4.578098435696836
38831823 0.5464015542595207 0.4459217544751327 4.5574969927362
38837823 0.5299950107375704 0.4459217544751327 4.5574969927362
38843823 0.5498003385933705 0.4459217544751327 4.536988256268888
38849823 0.5406911289081112 0.4459217544751327 4.536988256268888
38855823 0.5153013116113135 0.4459217544751327 4.516571809115678
38861823 0.49906132990812757 0.4459217544751327 4.516571809115678
38867823 0.557488218716615 0.4459217544751327 4.516571809115678
38873823 0.5121958999237477 0.4459217544751327 4.496247235974658
38879823 0.5023585761643293 0.4459217544751327 4.496247235974658
38885823 0.5328650207727909 0.43495854552679647 4.496247235974658
38891823 0.5329370212693649 0.43495854552679647 4.496247235974658
38897823 0.5384250469621832 0.43495854552679647 4.476014123412773
38903823 0.5154113776204854 0.43495854552679647 4.476014123412773
38909823 0.5058641465957419 0.43495854552679647 4.455872059857415
38915823 0.521217974170304 0.43495854552679647 4.455872059857415
38921823 0.5524218518904622 0.43495854552679647 4.435820635588057
38927823 0.5458961297260821 0.43495854552679647 4.435820635588057
38933823 0.4818994994650151 0.43495854552679647 4.415859442727911
38939823 0.5428148693999019 0.43495854552679647 4.415859442727911
38945823 0.5535515549578439 0.43495854552679647 4.395988075235636
38951823 0.548901020735607 0.43495854552679647 4.395988075235636
38957823 0.5419430745822933 0.43495854552679647 4.376206128897076
38963823 0.5572746486300876 0.43495854552679647 4.376206128897076
38969823 0.5529923199318492 0.43495854552679647 4.376206128897076
38975823 0.553056661523781 0.43495854552679647 4.356513201317039
38981823 0.5666445215748415 0.43495854552679647 4.356513201317039
38987823 0.5242797472312285 0.43495854552679647 4.336908891911112
38993823 0.5264164413624007 0.43495854552679647 4.336908891911112
38999823 0.5580608858361603 0.43495854552679647 4.336908891911112
39005823 0.5523018288269111 0.43495854552679647 4.317392801897513
39011823 0.5696637425728256 0.43495854552679647 4.317392801897513
39017823 0.5576591291487214 0.43495854552679647 4.317392801897513
39023823 0.5669703230583429 0.43495854552679647 4.297964534288974
39029823 0.5241157011161 0.43495854552679647 4.297964534288974
39035823 0.5457699609032476 0.43495854552679647 4.297964534288974
39041823 0.5466575290247568 0.43495854552679647 4.278623693884674
39047823 0.5386633756637121 0.43495854552679647 4.278623693884674
39053823 0.5327857246067955 0.43495854552679647 4.259369887262193
39059823 0.547405661995568 0.43495854552679647 4.259369887262193
39065823 0.5353103295553133 0.43495854552679647 4.259369887262193
39071823 0.5381311828020733 0.43495854552679647 4.240202722769514
39077823 0.5545417288022599 0.43495854552679647 4.240202722769514
39083823 0.5272115450077914 0.43495854552679647 4.221121810517051
39089823 0.547114352110545 0.43495854552679647 4.221121810517051
39095823 0.5130884360468217 0.43495854552679647 4.221121810517051
39101823 0.5502599856081454 0.43495854552679647 4.221121810517051
39107823 0.5692168085797973 0.43495854552679647 4.221121810517051
39113823 0.5062530344315861 0.43495854552679647 4.2021267623697245
39119823 0.5525493827578518 0.43495854552679647 4.2021267623697245
39125823 0.5046943007618313 0.43495854552679647 4.2021267623697245
39131823 0.5735749884313666 0.43495854552679647 4.183217191939061
39137823 0.5478862110563562 0.43495854552679647 4.183217191939061
39143823 0.5281933740411981 0.43495854552679647 4.164392714575335
39149823 0.5211423895881458 0.43495854552679647 4.164392714575335
39155823 0.5494691472863453 0.43495854552679647 4.164392714575335
39161823 0.5461566933486458 0.43495854552679647 4.145652947359746
39167823 0.5141309579419774 0.43495854552679647 4.145652947359746
39173823 0.5523608461258962 0.43495854552679647 4.145652947359746
39179823 0.5198905018555083 0.43495854552679647 4.145652947359746
39185823 0.514025508432966 0.43495854552679647 4.126997509096627
39191823 0.5529873916075364 0.43495854552679647 4.126997509096627
39197823 0.5388989726748915 0.43495854552679647 4.108426020305693
39203823 0.6000914477917471 0.43495854552679647 4.108426020305693
39209823 0.5152048143106491 0.43495854552679647 4.089938103214317
39215823 0.5561727300012492 0.43495854552679647 4.089938103214317
39221823 0.5280314060270005 0.43495854552679647 4.071533381749853
39227823 0.5646680577684712 0.43495854552679647 4.071533381749853
39233823 0.535022726003951 0.43495854552679647 4.071533381749853
39239823 0.5283044883596062 0.43495854552679647 4.071533381749853
39245823 0.5426792050352214 0.43495854552679647 4.071533381749853
39251823 0.5839005381474562 0.43495854552679647 4.053211481531979
39257823 0.5351876738905179 0.43495854552679647 4.053211481531979
39263823 0.5662662191348485 0.43495854552679647 4.034972029865085
39269823 0.5390789674655359 0.43495854552679647 4.034972029865085
39275823 0.5124062398697073 0.43495854552679647 4.034972029865085
39281823 0.5084720949817476 0.43495854552679647 4.034972029865085
39287823 0.5630860619794487 0.43495854552679647 4.034972029865085
39293823 0.5465639875438133 0.43495854552679647 4.016814655730693
39299823 0.5655842347863874 0.43495854552679647 4.016814655730693
39305823 0.5293197706351506 0.43495854552679647 4.016814655730693
39311823 0.54683649680467 0.43495854552679647 3.998738989779905
39317823 0.5247298502232159 0.43495854552679647 3.998738989779905
39323823 0.5792746729666738 0.43495854552679647 3.9807446643258957
39329823 0.5672078068476156 0.43495854552679647 3.9807446643258957
39335823 0.5317167867484062 0.43495854552679647 3.9628313133364292
39341823 0.541126400817313 0.43495854552679647 3.9628313133364292
39347823 0.5553429276554742 0.43495854552679647 3.9628313133364292
39353823 0.5508655856063562 0.43495854552679647 3.9628313133364292
39359823 0.5301820193110477 0.43495854552679647 3.9449985724264156
39365823 0.5199447609699602 0.43495854552679647 3.9449985724264156
39371823 0.5383572345592565 0.43495854552679647 3.9449985724264156
39377823 0.5042265908842345 0.43495854552679647 3.927246078850497
39383823 0.510297111607695 0.43495854552679647 3.927246078850497
39389823 0.5094379903917553 0.43495854552679647 3.927246078850497
39395823 0.5008582395843368 0.43495854552679647 3.90957347149567
39401823 0.5093604302451763 0.43495854552679647 3.90957347149567
39407823 0.5290896103825259 0.43495854552679647 3.90957347149567
39413823 0.5751339607223037 0.43495854552679647 3.8919803908739397
39419823 0.5175600435391501 0.43495854552679647 3.8919803908739397
39425823 0.5571938358872224 0.43495854552679647 3.874466479115007
39431823 0.5351281218197855 0.43495854552679647 3.874466479115007
39437823 0.5820525814739209 0.43495854552679647 3.8570313799589897
39443823 0.571556496094071 0.43495854552679647 3.8570313799589897
39449823 0.5369207878944845 0.43495854552679647 3.8396747387491743
39455823 0.5295366908178296 0.43495854552679647 3.8396747387491743
39461823 0.5443108138727648 0.43495854552679647 3.8396747387491743
39467823 0.5325346060570099 0.43495854552679647 3.822396202424803
39473823 0.5421016633276318 0.43495854552679647 3.822396202424803
39479823 0.5689356718885613 0.43495854552679647 3.822396202424803
39485823 0.5113717850885562 0.43495854552679647 3.8051954195138915
39491823 0.535594110813627 0.43495854552679647 3.8051954195138915
39497823 0.5406731623575954 0.43495854552679647 3.788072040126079
39503823 0.517994921738031 0.43495854552679647 3.788072040126079
39509823 0.5260901134247303 0.43495854552679647 3.788072040126079
39515823 0.5397755344181967 0.43495854552679647 3.771025715945512
39521823 0.5339601085632331 0.43495854552679647 3.771025715945512
39527823 0.5428320706045879 0.43495854552679647 3.771025715945512
39533823 0.5390499875692558 0.43495854552679647 3.7540561002237576
39539823 0.505409197215807 0.43495854552679647 3.7540561002237576
39545823 0.5273903427842516 0.43495854552679647 3.7540561002237576
39551823 0.5482023337815424 0.43495854552679647 3.7371628477727508
39557823 0.5020108780916654 0.43495854552679647 3.7371628477727508
39563823 0.5538391736752354 0.43495854552679647 3.7203456149577736
39569823 0.5222332496606638 0.43495854552679647 3.7203456149577736
39575823 0.5160980690419121 0.43495854552679647 3.7203456149577736
39581823 0.5090738664293439 0.43495854552679647 3.7203456149577736
39587823 0.5046573442417496 0.43495854552679647 3.7203456149577736
39593823 0.542053234413372 0.43495854552679647 3.7203456149577736
39599823 0.5855772622775183 0.43495854552679647 3.703604059690464
39605823 0.5284456593016337 0.43495854552679647 3.703604059690464
39611823 0.4960900193037641 0.43495854552679647 3.686937841421857
39617823 0.49183028020987396 0.43495854552679647 3.686937841421857
39623823 0.5347631973234005 0.43495854552679647 3.686937841421857
39629823 0.5393472486373433 0.43495854552679647 3.686937841421857
39635823 0.5271987411607607 0.43495854552679647 3.670346621135459
39641823 0.537242291650131 0.43495854552679647 3.670346621135459
39647823 0.5465279904010949 0.43495854552679647 3.6538300613403494
39653823 0.5476508342002457 0.43495854552679647 3.6538300613403494
39659823 0.5484709192490169 0.43495854552679647 3.6538300613403494
39665823 0.5215391126158192 0.43495854552679647 3.637387826064318
39671823 0.5611594436059487 0.43495854552679647 3.637387826064318
39677823 0.5603882592248106 0.43495854552679647 3.621019580847029
39683823 0.5558391545182497 0.43495854552679647 3.621019580847029
39689823 0.5504058415747423 0.43495854552679647 3.621019580847029
39695823 0.5317935359991407 0.43495854552679647 3.621019580847029
39701823 0.5154411831034054 0.43495854552679647 3.604724992733218
39707823 0.53128575147607 0.43495854552679647 3.604724992733218
39713823 0.5612715975793283 0.43495854552679647 3.5885037302659186
39719823 0.5382862948742299 0.43495854552679647 3.5885037302659186
39725823 0.5241423446198914 0.43495854552679647 3.5885037302659186
39731823 0.5270522919368239 0.43495854552679647 3.572355463479722
39737823 0.5474001890629616 0.43495854552679647 3.572355463479722
39743823 0.5418768354942272 0.43495854552679647 3.5562798638940634
39749823 0.5302125906302344 0.43495854552679647 3.5562798638940634
39755823 0.5440476346241875 0.43495854552679647 3.5402766045065404
39761823 0.5937316500928242 0.43495854552679647 3.5402766045065404
39767823 0.5772395498137421 0.43495854552679647 3.524345359786261
39773823 0.5036055221361652 0.43495854552679647 3.524345359786261
39779823 0.5127361145733973 0.43495854552679647 3.524345359786261
39785823 0.521069306416309 0.43495854552679647 3.524345359786261
39791823 0.5752631718106046 0.43495854552679647 3.524345359786261
39797823 0.5403619147690439 0.43495854552679647 3.508485805667223
39803823 0.5424165557882215 0.43495854552679647 3.508485805667223
39809823 0.5614919662859165 0.43495854552679647 3.508485805667223
39815823 0.5118681876911576 0.43495854552679647 3.4926976195417208
39821823 0.571129715571808 0.43495854552679647 3.4926976195417208
39827823 0.5537626116492792 0.43495854552679647 3.476980480253783
39833823 0.551864719259717 0.43495854552679647 3.476980480253783
39839823 0.5367557271773956 0.43495854552679647 3.476980480253783
39845823 0.5517726780353132 0.43495854552679647 3.476980480253783
39851823 0.5595768810231906 0.43495854552679647 3.461334068092641
39857823 0.5583148987441723 0.43495854552679647 3.461334068092641
39863823 0.5764475181159636 0.43495854552679647 3.4457580647862245
39869823 0.5516511218632426 0.43495854552679647 3.4457580647862245
39875823 0.5227629819817156 0.43495854552679647 3.4302521534946866
39881823 0.5881208490546332 0.43495854552679647 3.4302521534946866
39887823 0.5362962775367346 0.43495854552679647 3.4302521534946866
39893823 0.5589063292138362 0.43495854552679647 3.4148160188039607
39899823 0.5439765765107601 0.43495854552679647 3.4148160188039607
39905823 0.5685476676041895 0.43495854552679647 3.4148160188039607
39911823 0.5500966504903582 0.43495854552679647 3.4148160188039607
39917823 0.5325029224990087 0.43495854552679647 3.399449346719343
39923823 0.5545386842174326 0.43495854552679647 3.399449346719343
39929823 0.5266255652871905 0.43495854552679647 3.3841518246591065
39935823 0.5327494915407804 0.43495854552679647 3.3841518246591065
39941823 0.5562809136828304 0.43495854552679647 3.3841518246591065
39947823 0.5747207534942121 0.43495854552679647 3.368923141448141
39953823 0.5335473727312939 0.43495854552679647 3.368923141448141
39959823 0.5135071820936831 0.43495854552679647 3.368923141448141
39965823 0.5750470695460301 0.43495854552679647 3.368923141448141
39971823 0.5420649446565914 0.43495854552679647 3.3537629873116246
39977823 0.5200835044902187 0.43495854552679647 3.3537629873116246
39983823 0.5042593819328639 0.43495854552679647 3.3537629873116246
39989823 0.5728219616832372 0.43495854552679647 3.3537629873116246
39995823 0.5571559232717893 0.43495854552679647 3.3386710538687225
40001823 0.5191528850932033 0.43495854552679647 3.3386710538687225
40007823 0.6002243010916837 0.43495854552679647 3.3386710538687225
40013823 0.5792005599134867 0.43495854552679647 3.3236470341263136
40019823 0.5448960055023354 0.43495854552679647 3.3236470341263136
40025823 0.5484666901010201 0.43495854552679647 3.3236470341263136
40031823 0.598067182657883 0.43495854552679647 3.3236470341263136
40037823 0.5808867327831563 0.43495854552679647 3.3086906224727453
40043823 0.547258468050876 0.43495854552679647 3.3086906224727453
40049823 0.5515006887858626 0.43495854552679647 3.3086906224727453
40055823 0.5543162730486713 0.43495854552679647 3.3086906224727453
40061823 0.5106601339510737 0.43495854552679647 3.293801514671618
40067823 0.54759029488531 0.43495854552679647 3.293801514671618
40073823 0.5701920966342258 0.43495854552679647 3.278979407855596
40079823 0.5373279662169897 0.43495854552679647 3.278979407855596
40085823 0.5463939790448158 0.43495854552679647 3.264224000520246
40091823 0.5256634408361175 0.43495854552679647 3.264224000520246
40097823 0.5649155967317273 0.43495854552679647 3.264224000520246
40103823 0.5917073823516341 0.43495854552679647 3.2495349925179053
40109823 0.5797386668658812 0.43495854552679647 3.2495349925179053
40115823 0.5264327955539296 0.43495854552679647 3.2495349925179053
40121823 0.49759572569074806 0.43495854552679647 3.2495349925179053
40127823 0.5613764455282955 0.43495854552679647 3.2495349925179053
40133823 0.5312244397217628 0.43495854552679647 3.234912085051575
40139823 0.5754728791917586 0.43495854552679647 3.234912085051575
40145823 0.5667494346392911 0.43495854552679647 3.2203549806688434
40151823 0.5667429498940962 0.43495854552679647 3.2203549806688434
40157823 0.5549637736137119 0.43495854552679647 3.2203549806688434
40163823 0.5554091326272136 0.43495854552679647 3.2203549806688434
40169823 0.5407380523482613 0.43495854552679647 3.2058633832558336
40175823 0.5183072779636174 0.43495854552679647 3.2058633832558336
40181823 0.5530171690822018 0.43495854552679647 3.1914369980311825
40187823 0.5367592079887108 0.43495854552679647 3.1914369980311825
40193823 0.5519139127689006 0.43495854552679647 3.1914369980311825
40199823 0.5682566272267201 0.43495854552679647 3.1770755315400425
40205823 0.5224671624712581 0.43495854552679647 3.1770755315400425
40211823 0.5280970620088666 0.43495854552679647 3.1770755315400425
40217823 0.5578888892498707 0.43495854552679647 3.1770755315400425
40223823 0.5340639415283915 0.43495854552679647 3.1770755315400425
40229823 0.5606765887246127 0.43495854552679647 3.1627786916481124
40235823 0.5258041325714032 0.43495854552679647 3.1627786916481124
40241823 0.5709857825470993 0.43495854552679647 3.1627786916481124
40247823 0.5239212465386855 0.43495854552679647 3.1627786916481124
40253823 0.5667050137171263 0.43495854552679647 3.1627786916481124
40259823 0.5384750378639928 0.43495854552679647 3.148546187535696
40265823 0.5627704431206626 0.43495854552679647 3.148546187535696
40271823 0.5306639358333052 0.43495854552679647 3.148546187535696
40277823 0.528179602762781 0.43495854552679647 3.1343777296917854
40283823 0.5496316389102086 0.43495854552679647 3.1343777296917854
40289823 0.5469548500767887 0.43495854552679647 3.1343777296917854
40295823 0.5330082082050881 0.43495854552679647 3.1202730299081725
40301823 0.5525354461401941 0.43495854552679647 3.1202730299081725
40307823 0.5363161899710417 0.43495854552679647 3.106231801273586
40313823 0.5089139527573304 0.43495854552679647 3.106231801273586
40319823 0.5326687215577635 0.43495854552679647 3.106231801273586
40325823 0.5331282611719529 0.43495854552679647 3.106231801273586
40331823 0.5636208051566509 0.43495854552679647 3.092253758167855
40337823 0.5537532893040031 0.43495854552679647 3.092253758167855
40343823 0.5554489155546877 0.43495854552679647 3.0783386162561
40349823 0.5221939861426618 0.43495854552679647 3.0783386162561
40355823 0.5267575598044876 0.43495854552679647 3.0783386162561
40361823 0.5651491022968059 0.43495854552679647 3.0783386162561
40367823 0.5373487140313189 0.43495854552679647 3.0644860924829476
40373823 0.5550423985220898 0.43495854552679647 3.0644860924829476
40379823 0.5359746243428501 0.43495854552679647 3.0644860924829476
40385823 0.5925002716475368 0.43495854552679647 3.0506959050667746
40391823 0.5648432647247599 0.43495854552679647 3.0506959050667746
40397823 0.6120328784414526 0.43495854552679647 3.0369677734939744
40403823 0.5760655819419868 0.43495854552679647 3.0369677734939744
40409823 0.5418418173308741 0.43495854552679647 3.0233014185132516
40415823 0.5400918283961946 0.43495854552679647 3.0233014185132516
40421823 0.5258223718315538 0.43495854552679647 3.0233014185132516
40427823 0.5760692870525448 0.43495854552679647 3.009696562129942
40433823 0.5467379758426275 0.43495854552679647 3.009696562129942
40439823 0.5300356465549118 0.43495854552679647 3.009696562129942
40445823 0.5304596339317841 0.43495854552679647 3.009696562129942
40451823 0.5066484200176118 0.43495854552679647 3.009696562129942
40457823 0.5360358550730044 0.43495854552679647 3.009696562129942
40463823 0.5313343583055866 0.43495854552679647 2.9961529276003573
40469823 0.5741340609171784 0.43495854552679647 2.9961529276003573
40475823 0.526700653757088 0.43495854552679647 2.9961529276003573
40481823 0.5446194621097287 0.43495854552679647 2.982670239426156
40487823 0.5446855012986935 0.43495854552679647 2.982670239426156
40493823 0.5594696514033455 0.43495854552679647 2.9692482233487385
40499823 0.5357276613490145 0.43495854552679647 2.9692482233487385
40505823 0.5657235925880635 0.43495854552679647 2.9692482233487385
40511823 0.541103399108573 0.43495854552679647 2.9558866063436695
40517823 0.5601439806049289 0.43495854552679647 2.9558866063436695
40523823 0.5306880921567078 0.43495854552679647 2.9558866063436695
40529823 0.561093835094704 0.43495854552679647 2.942585116615123
40535823 0.556001747108481 0.43495854552679647 2.942585116615123
40541823 0.5318158268295441 0.43495854552679647 2.942585116615123
40547823 0.5629365729513474 0.43495854552679647 2.929343483590355
40553823 0.5394758989529964 0.43495854552679647 2.929343483590355
40559823 0.5262348704698051 0.43495854552679647 2.929343483590355
40565823 0.5389082994948935 0.43495854552679647 2.929343483590355
40571823 0.5229816226966839 0.43495854552679647 2.9161614379141985
40577823 0.5316136930624824 0.43495854552679647 2.9161614379141985
40583823 0.5551039335466956 0.43495854552679647 2.9161614379141985
40589823 0.5240122838698634 0.43495854552679647 2.903038711443585
40595823 0.5197596359535839 0.43495854552679647 2.903038711443585
40601823 0.5308827198562844 0.43495854552679647 2.903038711443585
40607823 0.526706757714673 0.43495854552679647 2.903038711443585
40613823 0.5621940733047055 0.43495854552679647 2.903038711443585
40619823 0.552372316446788 0.43495854552679647 2.889975037242089
40625823 0.5589144067939391 0.43495854552679647 2.889975037242089
40631823 0.5122670761977208 0.43495854552679647 2.8769701495745
40637823 0.5437522060131795 0.43495854552679647 2.8769701495745
40643823 0.5377224860203128 0.43495854552679647 2.8769701495745
40649823 0.5084775362261411 0.43495854552679647 2.864023783901415
40655823 0.5198864551017639 0.43495854552679647 2.864023783901415
40661823 0.5117717162026708 0.43495854552679647 2.8511356768738585
40667823 0.5690464385496742 0.43495854552679647 2.8511356768738585
40673823 0.5547717756753436 0.43495854552679647 2.8383055663279264
40679823 0.5370963863196113 0.43495854552679647 2.8383055663279264
40685823 0.520146464087175 0.43495854552679647 2.825533191279451
40691823 0.526935265571336 0.43495854552679647 2.825533191279451
40697823 0.5513205923220982 0.43495854552679647 2.825533191279451
40703823 0.5525528482727244 0.43495854552679647 2.8128182919186937
40709823 0.526698994575849 0.43495854552679647 2.8128182919186937
40715823 0.5236036600464375 0.43495854552679647 2.8001606096050597
40721823 0.5310327736710818 0.43495854552679647 2.8001606096050597
40727823 0.564106252249882 0.43495854552679647 2.8001606096050597
40733823 0.538858438612179 0.43495854552679647 2.787559886861837
40739823 0.5291031664217068 0.43495854552679647 2.787559886861837
40745823 0.5410411627629921 0.43495854552679647 2.787559886861837
40751823 0.5664067228399476 0.43495854552679647 2.787559886861837
40757823 0.5418264299640256 0.43495854552679647 2.7750158673709593
40763823 0.5262593529267973 0.43495854552679647 2.7750158673709593
40769823 0.542109732043079 0.43495854552679647 2.7750158673709593
40775823 0.4955993239438653 0.43495854552679647 2.7750158673709593
40781823 0.5192328676378142 0.43495854552679647 2.7750158673709593
40787823 0.5847005852054823 0.43495854552679647 2.7750158673709593
40793823 0.5367168846987672 0.43495854552679647 2.76252829596779
40799823 0.5433461534424122 0.43495854552679647 2.76252829596779
40805823 0.5697640223703075 0.43495854552679647 2.76252829596779
40811823 0.5966371593959914 0.43495854552679647 2.750096918635935
40817823 0.5536514397656224 0.43495854552679647 2.750096918635935
40823823 0.533313202959795 0.43495854552679647 2.750096918635935
40829823 0.5262692563372209 0.43495854552679647 2.7377214825020735
40835823 0.5448607078073512 0.43495854552679647 2.7377214825020735
40841823 0.5466537787587995 0.43495854552679647 2.7377214825020735
40847823 0.5712051807808897 0.43495854552679647 2.7254017358308142
40853823 0.5508150910231907 0.43495854552679647 2.7254017358308142
40859823 0.5481251408468808 0.43495854552679647 2.713137428019576
40865823 0.5463609974413136 0.43495854552679647 2.713137428019576
40871823 0.5727429816830181 0.43495854552679647 2.700928309593488
40877823 0.5637952886640877 0.43495854552679647 2.700928309593488
40883823 0.5376212421654691 0.43495854552679647 2.6887741322003174
40889823 0.578606579743002 0.43495854552679647 2.6887741322003174
40895823 0.530929190234879 0.43495854552679647 2.6766746486054163
40901823 0.5553316547450622 0.43495854552679647 2.6766746486054163
40907823 0.5322894638170801 0.43495854552679647 2.6766746486054163
40913823 0.5659248893037881 0.43495854552679647 2.664629612686692
40919823 0.542508475554522 0.43495854552679647 2.664629612686692
40925823 0.5557737454531698 0.43495854552679647 2.6526387794296022
40931823 0.5288488867443728 0.43495854552679647 2.6526387794296022
40937823 0.5320829039552175 0.43495854552679647 2.6526387794296022
40943823 0.5336551218161311 0.43495854552679647 2.6526387794296022
40949823 0.5132740472821113 0.43495854552679647 2.640701904922169
40955823 0.5462773344194652 0.43495854552679647 2.640701904922169
40961823 0.5548676271785471 0.43495854552679647 2.6288187463500194
40967823 0.5475633649990556 0.43495854552679647 2.6288187463500194
40973823 0.5330918457046049 0.43495854552679647 2.6288187463500194
40979823 0.5589987636457953 0.43495854552679647 2.6288187463500194
40985823 0.5494474881932265 0.43495854552679647 2.6169890619914447
40991823 0.5508086416242981 0.43495854552679647 2.6169890619914447
40997823 0.5432429209260251 0.43495854552679647 2.6169890619914447
41003823 0.5176001180892811 0.43495854552679647 2.605212611212483
41009823 0.5391339281270237 0.43495854552679647 2.605212611212483
41015823 0.5376179421400404 0.43495854552679647 2.605212611212483
41021823 0.5488442066635991 0.43495854552679647 2.593489154462027
41027823 0.5158493693466801 0.43495854552679647 2.593489154462027
41033823 0.5808609549935078 0.43495854552679647 2.593489154462027
41039823 0.5517658377762249 0.43495854552679647 2.593489154462027
41045823 0.5311521996450326 0.43495854552679647 2.581818453266948
41051823 0.5245042069632112 0.43495854552679647 2.581818453266948
41057823 0.530911280011582 0.43495854552679647 2.570200270227247
41063823 0.5598135852232333 0.43495854552679647 2.570200270227247
41069823 0.5319371750851717 0.43495854552679647 2.5586343690112248
41075823 0.5259100029794864 0.43495854552679647 2.5586343690112248
41081823 0.5560041995941933 0.43495854552679647 2.5586343690112248
41087823 0.5523524359785709 0.43495854552679647 2.5471205143506745
41093823 0.5429447273128782 0.43495854552679647 2.5471205143506745
41099823 0.5312066992176067 0.43495854552679647 2.5471205143506745
41105823 0.521691022403121 0.43495854552679647 2.5356584720360966
41111823 0.5445799218997848 0.43495854552679647 2.5356584720360966
41117823 0.5509396577451817 0.43495854552679647 2.5242480089119343
41123823 0.5341108552371409 0.43495854552679647 2.5242480089119343
41129823 0.5390271786466206 0.43495854552679647 2.5242480089119343
41135823 0.5688394928245009 0.43495854552679647 2.512888892871831
41141823 0.5602715817100841 0.43495854552679647 2.512888892871831
41147823 0.5530571893215149 0.43495854552679647 2.501580892853908
41153823 0.5347422358891984 0.43495854552679647 2.501580892853908
41159823 0.5274346830386887 0.43495854552679647 2.4903237788360655
41165823 0.5752640766736664 0.43495854552679647 2.4903237788360655
41171823 0.5501705914686403 0.43495854552679647 2.4791173218313034
41177823 0.5426250575247415 0.43495854552679647 2.4791173218313034
41183823 0.5359938537249014 0.43495854552679647 2.4791173218313034
41189823 0.5600957519053256 0.43495854552679647 2.4791173218313034
41195823 0.5199503772846539 0.43495854552679647 2.4679612938830626
41201823 0.5384972960475254 0.43495854552679647 2.4679612938830626
41207823 0.5185832933818776 0.43495854552679647 2.4679612938830626
41213823 0.5692860296339535 0.43495854552679647 2.4679612938830626
41219823 0.5406997122210583 0.43495854552679647 2.456855468060589
41225823 0.5626417042705237 0.43495854552679647 2.456855468060589
41231823 0.5616739899687572 0.43495854552679647 2.456855468060589
41237823 0.5333088565655573 0.43495854552679647 2.456855468060589
41243823 0.5493254613708606 0.43495854552679647 2.4457996184543163
41249823 0.5547754479078333 0.43495854552679647 2.4457996184543163
41255823 0.5111115583930161 0.43495854552679647 2.434793520171272
41261823 0.5539295513405096 0.43495854552679647 2.434793520171272
41267823 0.537944360415993 0.43495854552679647 2.434793520171272
41273823 0.5305827603836001 0.43495854552679647 2.4238369493305014
41279823 0.543112692569348 0.43495854552679647 2.4238369493305014
41285823 0.5451469351873689 0.43495854552679647 2.4129296830585143
41291823 0.5508020413897246 0.43495854552679647 2.4129296830585143
41297823 0.5536926518332398 0.43495854552679647 2.402071499484751
41303823 0.5794192662649692 0.43495854552679647 2.402071499484751
41309823 0.5612874506598104 0.43495854552679647 2.3912621777370697
41315823 0.5661859386253174 0.43495854552679647 2.3912621777370697
41321823 0.5612736475042146 0.43495854552679647 2.3912621777370697
41327823 0.5411440810401756 0.43495854552679647 2.3912621777370697
41333823 0.5587456788370785 0.43495854552679647 2.380501497937253
41339823 0.5386138400533503 0.43495854552679647 2.380501497937253
41345823 0.5497008572311964 0.43495854552679647 2.3697892411965356
41351823 0.5426742437982881 0.43495854552679647 2.3697892411965356
41357823 0.5493420145393136 0.43495854552679647 2.3697892411965356
41363823 0.5355653328031237 0.43495854552679647 2.3591251896111514
41369823 0.5933902122877512 0.43495854552679647 2.3591251896111514
41375823 0.5611150710878408 0.43495854552679647 2.3591251896111514
41381823 0.5499282360690687 0.43495854552679647 2.3591251896111514
41387823 0.5869243343878994 0.43495854552679647 2.3485091262579014
41393823 0.543836517828241 0.43495854552679647 2.3485091262579014
41399823 0.5807980387831396 0.43495854552679647 2.3485091262579014
41405823 0.5725217695212742 0.43495854552679647 2.337940835189741
41411823 0.5478204330434946 0.43495854552679647 2.337940835189741
41417823 0.5189247968227736 0.43495854552679647 2.337940835189741
41423823 0.511221224637983 0.43495854552679647 2.337940835189741
41429823 0.5270863573543191 0.43495854552679647 2.3274201014313873
41435823 0.584285041102597 0.43495854552679647 2.3274201014313873
41441823 0.5451352354172325 0.43495854552679647 2.316946710974946
41447823 0.5592120046382036 0.43495854552679647 2.316946710974946
41453823 0.5616435525507287 0.43495854552679647 2.306520450775559
41459823 0.5373355060853972 0.43495854552679647 2.306520450775559
41465823 0.5839877414217968 0.43495854552679647 2.306520450775559
41471823 0.5362155295129706 0.43495854552679647 2.296141108747069
41477823 0.5391581256609166 0.43495854552679647 2.296141108747069
41483823 0.5495835490571466 0.43495854552679647 2.296141108747069
41489823 0.5692816318788111 0.43495854552679647 2.296141108747069
41495823 0.5604321995006202 0.43495854552679647 2.2858084737577076
41501823 0.5467932466025217 0.43495854552679647 2.2858084737577076
41507823 0.5622276457209993 0.43495854552679647 2.2858084737577076
41513823 0.5414545746013925 0.43495854552679647 2.275522335625798
41519823 0.5693419131792457 0.43495854552679647 2.275522335625798
41525823 0.5402698784329668 0.43495854552679647 2.275522335625798
41531823 0.5647209882069164 0.43495854552679647 2.265282485115482
41537823 0.5330273171148135 0.43495854552679647 2.265282485115482
41543823 0.5351689111258696 0.43495854552679647 2.265282485115482
41549823 0.563302198870723 0.43495854552679647 2.265282485115482
41555823 0.5381063495048065 0.43495854552679647 2.2550887139324627
41561823 0.5388529285846455 0.43495854552679647 2.2550887139324627
41567823 0.5071706924194805 0.43495854552679647 2.244940814719767
41573823 0.5588187861836348 0.43495854552679647 2.244940814719767
41579823 0.5177580624228502 0.43495854552679647 2.2348385810535283
41585823 0.5061090301280133 0.43495854552679647 2.2348385810535283
41591823 0.5073238042025089 0.43495854552679647 2.2348385810535283
41597823 0.5335699287354457 0.43495854552679647 2.2247818074387875
41603823 0.567496229855675 0.43495854552679647 2.2247818074387875
41609823 0.540049364535195 0.43495854552679647 2.214770289305313
41615823 0.5575684014225398 0.43495854552679647 2.214770289305313
41621823 0.5551005826196624 0.43495854552679647 2.2048038230034392
41627823 0.5302026083190124 0.43495854552679647 2.2048038230034392
41633823 0.5515353845465789 0.43495854552679647 2.194882205799924
41639823 0.540762394900542 0.43495854552679647 2.194882205799924
41645823 0.5773056652964492 0.43495854552679647 2.194882205799924
41651823 0.5517487279931079 0.43495854552679647 2.1850052358738243
41657823 0.5756882650052465 0.43495854552679647 2.1850052358738243
41663823 0.5419979267879915 0.43495854552679647 2.1850052358738243
41669823 0.5210008428298294 0.43495854552679647 2.175172712312392
41675823 0.5273044458611681 0.43495854552679647 2.175172712312392
41681823 0.5457279326255854 0.43495854552679647 2.1653844351069864
41687823 0.532056854469979 0.43495854552679647 2.1653844351069864
41693823 0.5749140396406038 0.43495854552679647 2.155640205149005
41699823 0.5848454148258931 0.43495854552679647 2.155640205149005
41705823 0.5414302041529101 0.43495854552679647 2.1459398242258345
41711823 0.5272889964456817 0.43495854552679647 2.1459398242258345
41717823 0.5555857886968744 0.43495854552679647 2.1362830950168186
41723823 0.5690061243894594 0.43495854552679647 2.1362830950168186
41729823 0.5720979738860572 0.43495854552679647 2.126669821089243
41735823 0.5274704615561674 0.43495854552679647 2.126669821089243
41741823 0.5208682639878861 0.43495854552679647 2.126669821089243
41747823 0.527099349959256 0.43495854552679647 2.1170998068943416
41753823 0.5216202033800225 0.43495854552679647 2.1170998068943416
41759823 0.5085361785906659 0.43495854552679647 2.1170998068943416
41765823 0.5197217380129548 0.43495854552679647 2.107572857763317
41771823 0.5300149843023689 0.43495854552679647 2.107572857763317
41777823 0.5243755006802094 0.43495854552679647 2.107572857763317
41783823 0.5553300336301933 0.43495854552679647 2.098088779903382
41789823 0.5643806062341116 0.43495854552679647 2.098088779903382
41795823 0.566410942812674 0.43495854552679647 2.098088779903382
41801823 0.5746882113070878 0.43495854552679647 2.088647380393817
41807823 0.5214881292587031 0.43495854552679647 2.088647380393817
41813823 0.5479009344581606 0.43495854552679647 2.088647380393817
41819823 0.5549863887247507 0.43495854552679647 2.088647380393817
41825823 0.5588169164612811 0.43495854552679647 2.088647380393817
41831823 0.5165825428092384 0.43495854552679647 2.079248467182045
41837823 0.532371990208304 0.43495854552679647 2.079248467182045
41843823 0.5645467109018569 0.43495854552679647 2.079248467182045
41849823 0.5411834712996313 0.43495854552679647 2.069891849079726
41855823 0.5597846909501343 0.43495854552679647 2.069891849079726
41861823 0.5404308875261659 0.43495854552679647 2.069891849079726
41867823 0.5376005396938526 0.43495854552679647 2.069891849079726
41873823 0.5600110384509412 0.43495854552679647 2.0605773357588673
41879823 0.5436781641229126 0.43495854552679647 2.0605773357588673
41885823 0.56828286457504 0.43495854552679647 2.0513047377479525
41891823 0.5747045739722735 0.43495854552679647 2.0513047377479525
41897823 0.543020737222887 0.43495854552679647 2.042073866428087
41903823 0.5415460085601541 0.43495854552679647 2.042073866428087
41909823 0.562830004229603 0.43495854552679647 2.0328845340291606
41915823 0.538497256333776 0.43495854552679647 2.0328845340291606
41921823 0.5578146789583405 0.43495854552679647 2.0237365536260294
41927823 0.5751901972652709 0.43495854552679647 2.0237365536260294
41933823 0.5360966281307822 0.43495854552679647 2.0237365536260294
41939823 0.518783125019119 0.43495854552679647 2.0146297391347123
41945823 0.5331979609985015 0.43495854552679647 2.0146297391347123
41951823 0.547627441517027 0.43495854552679647 2.0055639053086063
41957823 0.5653229220143264 0.43495854552679647 2.0055639053086063
41963823 0.5688059214749018 0.43495854552679647 2.0055639053086063
41969823 0.5485576713199207 0.43495854552679647 1.9965388677347176
41975823 0.5507118193243633 0.43495854552679647 1.9965388677347176
41981823 0.5325690924191786 0.43495854552679647 1.9875544428299114
41987823 0.5392257671036109 0.43495854552679647 1.9875544428299114
41993823 0.5351707188299643 0.43495854552679647 1.9786104478371769
41999823 0.6003111264986588 0.43495854552679647 1.9786104478371769
42005823 0.5384407546706039 0.43495854552679647 1.9786104478371769
42011823 0.5207825867526257 0.43495854552679647 1.9697067008219096
42017823 0.5553031793178617 0.43495854552679647 1.9697067008219096
42023823 0.5346346120749357 0.43495854552679647 1.960843020668211
42029823 0.5322766743445813 0.43495854552679647 1.960843020668211
42035823 0.564354843462821 0.43495854552679647 1.960843020668211
42041823 0.546930883199552 0.43495854552679647 1.9520192270752041
42047823 0.5848355976371028 0.43495854552679647 1.9520192270752041
42053823 0.5713396376130898 0.43495854552679647 1.9520192270752041
42059823 0.562646033561918 0.43495854552679647 1.9432351405533659
42065823 0.5086477936352083 0.43495854552679647 1.9432351405533659
42071823 0.5410263524272918 0.43495854552679647 1.9344905824208758
42077823 0.5597500620480309 0.43495854552679647 1.9344905824208758
42083823 0.5657163456013812 0.43495854552679647 1.925785374799982
42089823 0.5621768529855943 0.43495854552679647 1.925785374799982
42095823 0.5677033500517972 0.43495854552679647 1.925785374799982
42101823 0.5829441432280448 0.43495854552679647 1.9171193406133822
42107823 0.5355392645935968 0.43495854552679647 1.9171193406133822
42113823 0.5105939542623016 0.43495854552679647 1.9171193406133822
42119823 0.5846393143688529 0.43495854552679647 1.9171193406133822
42125823 0.5480980307654947 0.43495854552679647 1.908492303580622
42131823 0.5336523925484442 0.43495854552679647 1.908492303580622
42137823 0.5180492354462468 0.43495854552679647 1.908492303580622
42143823 0.5451693640541304 0.43495854552679647 1.908492303580622
42149823 0.5668180911881762 0.43495854552679647 1.908492303580622
42155823 0.5380591496342725 0.43495854552679647 1.8999040882145093
42161823 0.5377845031927908 0.43495854552679647 1.8999040882145093
42167823 0.594259506226359 0.43495854552679647 1.8999040882145093
42173823 0.5525826143602972 0.43495854552679647 1.891354519817544
42179823 0.5119246650639366 0.43495854552679647 1.891354519817544
42185823 0.5011855774064397 0.43495854552679647 1.891354519817544
42191823 0.5353561691549221 0.43495854552679647 1.891354519817544
42197823 0.5391267649457705 0.43495854552679647 1.891354519817544
42203823 0.5042037051148145 0.43495854552679647 1.8828434244783652
42209823 0.5004765001613797 0.43495854552679647 1.8828434244783652
42215823 0.5487309996162679 0.43495854552679647 1.8743706290682127
42221823 0.5562567147233812 0.43495854552679647 1.8743706290682127
42227823 0.5222841183707564 0.43495854552679647 1.8659359612374058
42233823 0.5168691612678563 0.43495854552679647 1.8659359612374058
42239823 0.5345774597081998 0.43495854552679647 1.8659359612374058
42245823 0.5554679483629802 0.43495854552679647 1.8575392494118375
42251823 0.5584204926705612 0.43495854552679647 1.8575392494118375
42257823 0.5325284558514225 0.43495854552679647 1.8575392494118375
42263823 0.5706946968627647 0.43495854552679647 1.8491803227894843
42269823 0.5040718337809921 0.43495854552679647 1.8491803227894843
42275823 0.5288540406807077 0.43495854552679647 1.8491803227894843
42281823 0.5383445293332809 0.43495854552679647 1.8491803227894843
42287823 0.521468359794262 0.43495854552679647 1.8408590113369316
42293823 0.5099263600830164 0.43495854552679647 1.8408590113369316
42299823 0.5147780451598838 0.43495854552679647 1.8408590113369316
42305823 0.5687476314415502 0.43495854552679647 1.8408590113369316
42311823 0.5081531687031035 0.43495854552679647 1.8325751457859156
42317823 0.5407080409909493 0.43495854552679647 1.8325751457859156
42323823 0.5286027577780191 0.43495854552679647 1.8325751457859156
42329823 0.5149810643373068 0.43495854552679647 1.8325751457859156
42335823 0.5246683432355784 0.43495854552679647 1.824328557629879
42341823 0.5709191243582906 0.43495854552679647 1.824328557629879
42347823 0.5621447227275025 0.43495854552679647 1.8161190791205448
42353823 0.554892457503659 0.43495854552679647 1.8161190791205448
42359823 0.5471267600018129 0.43495854552679647 1.8161190791205448
42365823 0.5644174692148127 0.43495854552679647 1.8161190791205448
42371823 0.5701560676311792 0.43495854552679647 1.8079465432645025
42377823 0.5789959982293708 0.43495854552679647 1.8079465432645025
42383823 0.5385623281878011 0.43495854552679647 1.8079465432645025
42389823 0.578911178038268 0.43495854552679647 1.7998107838198123
42395823 0.5550531846045991 0.43495854552679647 1.7998107838198123
42401823 0.5167418642833015 0.43495854552679647 1.7917116352926232
42407823 0.5268626361563782 0.43495854552679647 1.7917116352926232
42413823 0.5791882250413972 0.43495854552679647 1.7917116352926232
42419823 0.5551390657020626 0.43495854552679647 1.7836489329338066
42425823 0.5456175905010936 0.43495854552679647 1.7836489329338066
42431823 0.533538471993251 0.43495854552679647 1.7836489329338066
42437823 0.5383645273494557 0.43495854552679647 1.7836489329338066
42443823 0.5555204694681145 0.43495854552679647 1.7836489329338066
42449823 0.5270014142225609 0.43495854552679647 1.7756225127356045
42455823 0.5490786216177594 0.43495854552679647 1.7756225127356045
42461823 0.5129467199756484 0.43495854552679647 1.7756225127356045
42467823 0.5259240689927738 0.43495854552679647 1.7676322114282943
42473823 0.587944550405601 0.43495854552679647 1.7676322114282943
42479823 0.5807095297504383 0.43495854552679647 1.759677866476867
42485823 0.5172612617338272 0.43495854552679647 1.759677866476867
42491823 0.5692527019658357 0.43495854552679647 1.759677866476867
42497823 0.6014572090629948 0.43495854552679647 1.7517593160777212
42503823 0.5426692024169382 0.43495854552679647 1.7517593160777212
42509823 0.5558358465558713 0.43495854552679647 1.7438763991553716
42515823 0.528342729314791 0.43495854552679647 1.7438763991553716
42521823 0.5491268799460507 0.43495854552679647 1.7438763991553716
42527823 0.5360520932796735 0.43495854552679647 1.7360289553591726
42533823 0.5536675173088405 0.43495854552679647 1.7360289553591726
42539823 0.546744861609475 0.43495854552679647 1.7360289553591726
42545823 0.5623975905947735 0.43495854552679647 1.7360289553591726
42551823 0.5602839538254044 0.43495854552679647 1.7282168250600565
42557823 0.5715452823669676 0.43495854552679647 1.7282168250600565
42563823 0.549939937639714 0.43495854552679647 1.7204398493472863
42569823 0.5524644904311398 0.43495854552679647 1.7204398493472863
42575823 0.5456984209069101 0.43495854552679647 1.7204398493472863
42581823 0.5747402114175008 0.43495854552679647 1.7126978700252236
42587823 0.5626930844461092 0.43495854552679647 1.7126978700252236
42593823 0.5576935051992296 0.43495854552679647 1.7049907296101101
42599823 0.5886269159612559 0.43495854552679647 1.7049907296101101
42605823 0.5326022963879905 0.43495854552679647 1.6973182713268646
42611823 0.5524420405402748 0.43495854552679647 1.6973182713268646
42617823 0.5708546877002094 0.43495854552679647 1.6973182713268646
42623823 0.5422575790944342 0.43495854552679647 1.6896803391058939
42629823 0.580911084398671 0.43495854552679647 1.6896803391058939
42635823 0.5233795640363401 0.43495854552679647 1.6820767775799175
42641823 0.5491481176393636 0.43495854552679647 1.6820767775799175
42647823 0.5231801241575245 0.43495854552679647 1.674507432080808
42653823 0.5563654328484942 0.43495854552679647 1.674507432080808
42659823 0.569019996355224 0.43495854552679647 1.6669721486364444
42665823 0.5487775066000649 0.43495854552679647 1.6669721486364444
42671823 0.5408165778898616 0.43495854552679647 1.6669721486364444
42677823 0.5540389882213603 0.43495854552679647 1.6594707739675805
42683823 0.5330303071638159 0.43495854552679647 1.6594707739675805
42689823 0.5288967284523101 0.43495854552679647 1.6594707739675805
42695823 0.5377084346356898 0.43495854552679647 1.6520031554847265
42701823 0.5222825118269643 0.43495854552679647 1.6520031554847265
42707823 0.6003488474828115 0.43495854552679647 1.6520031554847265
42713823 0.5710517715192301 0.43495854552679647 1.6445691412850454
42719823 0.5537483967640443 0.43495854552679647 1.6445691412850454
42725823 0.5396380843743326 0.43495854552679647 1.6371685801492628
42731823 0.511261266950057 0.43495854552679647 1.6371685801492628
42737823 0.5253839794020546 0.43495854552679647 1.6371685801492628
42743823 0.5554714459273221 0.43495854552679647 1.6298013215385911
42749823 0.5393395468091693 0.43495854552679647 1.6298013215385911
42755823 0.5578875030959591 0.43495854552679647 1.6224672155916675
42761823 0.5025816708001866 0.43495854552679647 1.6224672155916675
42767823 0.5263801442035883 0.43495854552679647 1.6224672155916675
42773823 0.5765889362931066 0.43495854552679647 1.6224672155916675
42779823 0.5620746983631157 0.43495854552679647 1.6151661131215052
42785823 0.5149265168565504 0.43495854552679647 1.6151661131215052
42791823 0.5354041931343339 0.43495854552679647 1.6151661131215052
42797823 0.5509115550743664 0.43495854552679647 1.6151661131215052
42803823 0.5268739903401077 0.43495854552679647 1.6078978656124585
42809823 0.5397264832808311 0.43495854552679647 1.6078978656124585
42815823 0.5190240484810549 0.43495854552679647 1.6078978656124585
42821823 0.5333940330761291 0.43495854552679647 1.6078978656124585
42827823 0.5167412665457738 0.43495854552679647 1.6078978656124585
42833823 0.590649366700257 0.43495854552679647 1.6006623252172025
42839823 0.5263230044155608 0.43495854552679647 1.6006623252172025
42845823 0.5653126588100708 0.43495854552679647 1.5934593447537253
42851823 0.5365033804084619 0.43495854552679647 1.5934593447537253
42857823 0.5634286582934698 0.43495854552679647 1.5862887777023336
42863823 0.5343834951020777 0.43495854552679647 1.5862887777023336
42869823 0.5020513203676709 0.43495854552679647 1.579150478202673
42875823 0.5236602689804584 0.43495854552679647 1.579150478202673
42881823 0.5389669178566674 0.43495854552679647 1.579150478202673
42887823 0.5990872579428693 0.43495854552679647 1.5720443010507612
42893823 0.5335997472985559 0.43495854552679647 1.5720443010507612
42899823 0.5043385457203248 0.43495854552679647 1.5720443010507612
42905823 0.5646272843103142 0.43495854552679647 1.5720443010507612
42911823 0.5582009508239074 0.43495854552679647 1.5720443010507612
42917823 0.5819036754428609 0.43495854552679647 1.564970101696033
42923823 0.5311275792473173 0.43495854552679647 1.564970101696033
42929823 0.5374387845827254 0.43495854552679647 1.564970101696033
42935823 0.4984916531299485 0.43495854552679647 1.564970101696033
42941823 0.5779359555005007 0.43495854552679647 1.564970101696033
42947823 0.567048281200164 0.43495854552679647 1.5579277362384008
42953823 0.5230793697385104 0.43495854552679647 1.5579277362384008
42959823 0.5410135026213473 0.43495854552679647 1.5579277362384008
42965823 0.5148231701737841 0.43495854552679647 1.5579277362384008
42971823 0.5265657699685691 0.43495854552679647 1.5579277362384008
42977823 0.5381701087557699 0.43495854552679647 1.550917061425328
42983823 0.5754194156229174 0.43495854552679647 1.550917061425328
42989823 0.5589145606007326 0.43495854552679647 1.5439379346489142
42995823 0.5513448471998714 0.43495854552679647 1.5439379346489142
43001823 0.5674785383717241 0.43495854552679647 1.5439379346489142
43007823 0.5291647708152939 0.43495854552679647 1.536990213942994
43013823 0.5319590253298533 0.43495854552679647 1.536990213942994
43019823 0.5155283868627094 0.43495854552679647 1.536990213942994
43025823 0.5434966529716628 0.43495854552679647 1.5300737579802506
43031823 0.5386742069604609 0.43495854552679647 1.5300737579802506
43037823 0.5098452810610548 0.43495854552679647 1.5231884260693396
43043823 0.5542847795413581 0.43495854552679647 1.5231884260693396
43049823 0.5633770776654239 0.43495854552679647 1.5163340781520276
43055823 0.5631624961145175 0.43495854552679647 1.5163340781520276
43061823 0.5367089452019465 0.43495854552679647 1.5095105748003435
43067823 0.5545380301950327 0.43495854552679647 1.5095105748003435
43073823 0.5440789457551822 0.43495854552679647 1.5095105748003435
43079823 0.5074890044700329 0.43495854552679647 1.502717777213742
43085823 0.4987622680766877 0.43495854552679647 1.502717777213742
43091823 0.5165844385845442 0.43495854552679647 1.502717777213742
43097823 0.5285871196531123 0.43495854552679647 1.4959555472162802
43103823 0.5530629171683266 0.43495854552679647 1.4959555472162802
43109823 0.5168017648666652 0.43495854552679647 1.4959555472162802
43115823 0.5498633829331133 0.43495854552679647 1.489223747253807
43121823 0.5476029995046977 0.43495854552679647 1.489223747253807
43127823 0.521933837563403 0.43495854552679647 1.489223747253807
43133823 0.5507358349794068 0.43495854552679647 1.4825222403911649
43139823 0.542436015720304 0.43495854552679647 1.4825222403911649
43145823 0.5782958790157118 0.43495854552679647 1.4758508903094048
43151823 0.5798109318784878 0.43495854552679647 1.4758508903094048
43157823 0.5533027016748296 0.43495854552679647 1.4758508903094048
43163823 0.5271867168900307 0.43495854552679647 1.4758508903094048
43169823 0.545609313648937 0.43495854552679647 1.4758508903094048
43175823 0.555761377946673 0.43495854552679647 1.4758508903094048
43181823 0.5729297523959659 0.43495854552679647 1.4692095613030125
43187823 0.5372016099284731 0.43495854552679647 1.4692095613030125
43193823 0.579844237298181 0.43495854552679647 1.4692095613030125
43199823 0.5643220216821653 0.43495854552679647 1.4692095613030125
43205823 0.5491726843582126 0.43495854552679647 1.462598118277149
43211823 0.538854117051151 0.43495854552679647 1.462598118277149
43217823 0.5447415877737619 0.43495854552679647 1.4560164267449018
43223823 0.5439110591493655 0.43495854552679647 1.4560164267449018
43229823 0.5575541249986022 0.43495854552679647 1.4560164267449018
43235823 0.571448870450744 0.43495854552679647 1.4560164267449018
43241823 0.5165977337003185 0.43495854552679647 1.4494643528245499
43247823 0.5559409755853467 0.43495854552679647 1.4494643528245499
43253823 0.555363328839029 0.43495854552679647 1.4494643528245499
43259823 0.5518865770148815 0.43495854552679647 1.4429417632368395
43265823 0.5571557168515863 0.43495854552679647 1.4429417632368395
43271823 0.5555280134515508 0.43495854552679647 1.4364485253022738
43277823 0.5562836703518739 0.43495854552679647 1.4364485253022738
43283823 0.5468048458723977 0.43495854552679647 1.4299845069384136
43289823 0.5339712141870018 0.43495854552679647 1.4299845069384136
43295823 0.5494559884750833 0.43495854552679647 1.4235495766571908
43301823 0.5469260612489285 0.43495854552679647 1.4235495766571908
43307823 0.5406934344057956 0.43495854552679647 1.4235495766571908
43313823 0.5597367190287877 0.43495854552679647 1.4171436035622336
43319823 0.5506005434614992 0.43495854552679647 1.4171436035622336
43325823 0.5264015814415591 0.43495854552679647 1.4107664573462035
43331823 0.5535732744373184 0.43495854552679647 1.4107664573462035
43337823 0.5421388133692981 0.43495854552679647 1.4107664573462035
43343823 0.5466163011215823 0.43495854552679647 1.4044180082881457
43349823 0.5414488715058686 0.43495854552679647 1.4044180082881457
43355823 0.5296998056930233 0.43495854552679647 1.4044180082881457
43361823 0.5450079184557554 0.43495854552679647 1.4044180082881457
43367823 0.5399510787463052 0.43495854552679647 1.4044180082881457
43373823 0.5651620751455092 0.43495854552679647 1.398098127250849
43379823 0.527002744505371 0.43495854552679647 1.398098127250849
43385823 0.5452921363074372 0.43495854552679647 1.3918066856782203
43391823 0.4905575248607311 0.43495854552679647 1.3918066856782203
43397823 0.5510337109971666 0.43495854552679647 1.3918066856782203
43403823 0.5655841767770359 0.43495854552679647 1.3855435555926683
43409823 0.5471794834713023 0.43495854552679647 1.3855435555926683
43415823 0.5742847553412792 0.43495854552679647 1.3855435555926683
43421823 0.5404238036923823 0.43495854552679647 1.3855435555926683
43427823 0.5749815463302581 0.43495854552679647 1.3793086095925013
43433823 0.5453220689182309 0.43495854552679647 1.3793086095925013
43439823 0.5787259380875283 0.43495854552679647 1.3731017208493352
43445823 0.5013679799645163 0.43495854552679647 1.3731017208493352
43451823 0.5183269608884875 0.43495854552679647 1.3731017208493352
43457823 0.5514381997449728 0.43495854552679647 1.3731017208493352
43463823 0.5495885756064933 0.43495854552679647 1.3669227631055132
43469823 0.54692092410771 0.43495854552679647 1.3669227631055132
43475823 0.5076200738487493 0.43495854552679647 1.3607716106715384
43481823 0.547459651480299 0.43495854552679647 1.3607716106715384
43487823 0.5168765324002254 0.43495854552679647 1.3546481384235165
43493823 0.526946346462959 0.43495854552679647 1.3546481384235165
43499823 0.5863033766223226 0.43495854552679647 1.3546481384235165
43505823 0.49212832863022443 0.43495854552679647 1.3485522218006107
43511823 0.5348599466886468 0.43495854552679647 1.3485522218006107
43517823 0.5233705921930933 0.43495854552679647 1.342483736802508
43523823 0.5284898070061588 0.43495854552679647 1.342483736802508
43529823 0.529935353322709 0.43495854552679647 1.342483736802508
43535823 0.5302054380780308 0.43495854552679647 1.3364425599868968
43541823 0.5504786294173283 0.43495854552679647 1.3364425599868968
43547823 0.5665225163553187 0.43495854552679647 1.330428568466956
43553823 0.5770708210502883 0.43495854552679647 1.330428568466956
43559823 0.5425285617281359 0.43495854552679647 1.3244416399088548
43565823 0.5495070959466053 0.43495854552679647 1.3244416399088548
43571823 0.5282660500959067 0.43495854552679647 1.3244416399088548
43577823 0.5320546493282039 0.43495854552679647 1.318481652529265
43583823 0.5540288000278369 0.43495854552679647 1.318481652529265
43589823 0.5813962150260704 0.43495854552679647 1.3125484850928835
43595823 0.5759903939738268 0.43495854552679647 1.3125484850928835
43601823 0.5490847410962438 0.43495854552679647 1.3125484850928835
43607823 0.5656857499154067 0.43495854552679647 1.3066420169099655
43613823 0.5547981680535666 0.43495854552679647 1.3066420169099655
43619823 0.5623773206091036 0.43495854552679647 1.3007621278338708
43625823 0.5846429583760776 0.43495854552679647 1.3007621278338708
43631823 0.5630666675373018 0.43495854552679647 1.2949086982586184
43637823 0.5652386387015567 0.43495854552679647 1.2949086982586184
43643823 0.5521909393587758 0.43495854552679647 1.2890816091164548
43649823 0.5399038082576776 0.43495854552679647 1.2890816091164548
43655823 0.5590836217973849 0.43495854552679647 1.2832807418754308
43661823 0.5651392769318837 0.43495854552679647 1.2832807418754308
43667823 0.5497167403538665 0.43495854552679647 1.2832807418754308
43673823 0.5765296452688882 0.43495854552679647 1.2775059785369915
43679823 0.5365111195793376 0.43495854552679647 1.2775059785369915
43685823 0.5169962228998121 0.43495854552679647 1.2775059785369915
43691823 0.5159830372857834 0.43495854552679647 1.2775059785369915
43697823 0.5523972759394155 0.43495854552679647 1.2717572016335752
43703823 0.562946134441445 0.43495854552679647 1.2717572016335752
43709823 0.5663054377264426 0.43495854552679647 1.2660342942262242
43715823 0.5432918080538103 0.43495854552679647 1.2660342942262242
43721823 0.5346005605944603 0.43495854552679647 1.2660342942262242
43727823 0.5488385060547736 0.43495854552679647 1.2660342942262242
43733823 0.5306414703209267 0.43495854552679647 1.2660342942262242
43739823 0.5075378421412982 0.43495854552679647 1.2660342942262242
43745823 0.5160826408284311 0.43495854552679647 1.2660342942262242
43751823 0.5292174895357331 0.43495854552679647 1.2660342942262242
43757823 0.5152129775243753 0.43495854552679647 1.2603371399022063
43763823 0.5194999122702477 0.43495854552679647 1.2603371399022063
43769823 0.5448374666793078 0.43495854552679647 1.2546656227726465
43775823 0.5515998926852991 0.43495854552679647 1.2546656227726465
43781823 0.5763088780284323 0.43495854552679647 1.2490196274701697
43787823 0.5425100805229245 0.43495854552679647 1.2490196274701697
43793823 0.5486090717648421 0.43495854552679647 1.2490196274701697
43799823 0.5559624118991817 0.43495854552679647 1.243399039146554
43805823 0.5426454661559863 0.43495854552679647 1.243399039146554
43811823 0.5804055399555722 0.43495854552679647 1.243399039146554
43817823 0.5228513437928621 0.43495854552679647 1.2378037434703946
43823823 0.5457221144745947 0.43495854552679647 1.2378037434703946
43829823 0.549775454411758 0.43495854552679647 1.2378037434703946
43835823 0.5443272926031161 0.43495854552679647 1.2322336266247778
43841823 0.542583234874242 0.43495854552679647 1.2322336266247778
43847823 0.5673402496953079 0.43495854552679647 1.2322336266247778
43853823 0.5341279638165529 0.43495854552679647 1.2266885753049663
43859823 0.5183119482598906 0.43495854552679647 1.2266885753049663
43865823 0.6054710400206068 0.43495854552679647 1.2266885753049663
43871823 0.5688923669477136 0.43495854552679647 1.221168476716094
43877823 0.5685556808766591 0.43495854552679647 1.221168476716094
43883823 0.5432527215393438 0.43495854552679647 1.2156732185708716
43889823 0.5544370879075996 0.43495854552679647 1.2156732185708716
43895823 0.5516457440709744 0.43495854552679647 1.2156732185708716
43901823 0.566474087051301 0.43495854552679647 1.2156732185708716
43907823 0.572147688822373 0.43495854552679647 1.2102026890873028
43913823 0.5250787123643094 0.43495854552679647 1.2102026890873028
43919823 0.555563158587339 0.43495854552679647 1.20475677698641
43925823 0.550416023991223 0.43495854552679647 1.20475677698641
43931823 0.5592180400215342 0.43495854552679647 1.1993353714899713
43937823 0.5415388217920023 0.43495854552679647 1.1993353714899713
43943823 0.5283357041119322 0.43495854552679647 1.1993353714899713
43949823 0.5200240411327604 0.43495854552679647 1.1993353714899713
43955823 0.5080554493796223 0.43495854552679647 1.1939383623182664
43961823 0.5350839420597036 0.43495854552679647 1.1939383623182664
43967823 0.5536063432559846 0.43495854552679647 1.1939383623182664
43973823 0.5539806965290777 0.43495854552679647 1.1885656396878344
43979823 0.5761238424113695 0.43495854552679647 1.1885656396878344
43985823 0.5459068521199469 0.43495854552679647 1.1885656396878344
43991823 0.5203172295329224 0.43495854552679647 1.1885656396878344
43997823 0.5194738440578194 0.43495854552679647 1.183217094309239
44003823 0.502628834610986 0.43495854552679647 1.183217094309239
44009823 0.5295144731076132 0.43495854552679647 1.1778926173848476
44015823 0.49085236804956983 0.43495854552679647 1.1778926173848476
44021823 0.5146867173706695 0.43495854552679647 1.1778926173848476
44027823 0.5227806632601156 0.43495854552679647 1.1725921006066158
44033823 0.5595535131854333 0.43495854552679647 1.1725921006066158
44039823 0.5306268704625969 0.43495854552679647 1.167315436153886
44045823 0.5237583362060327 0.43495854552679647 1.167315436153886
44051823 0.5610195588960003 0.43495854552679647 1.167315436153886
44057823 0.5540441810966363 0.43495854552679647 1.1620625166911935
44063823 0.5443718511448656 0.43495854552679647 1.1620625166911935
44069823 0.5330977479053413 0.43495854552679647 1.1620625166911935
44075823 0.5455852696933178 0.43495854552679647 1.1568332353660833
44081823 0.5484677691028386 0.43495854552679647 1.1568332353660833
44087823 0.5272457967521688 0.43495854552679647 1.151627485806936
44093823 0.5382668343733913 0.43495854552679647 1.151627485806936
44099823 0.5527732642418808 0.43495854552679647 1.151627485806936
44105823 0.5311927637764281 0.43495854552679647 1.1464451621208047
44111823 0.5581301066343604 0.43495854552679647 1.1464451621208047
44117823 0.5556596775537604 0.43495854552679647 1.141286158891261
44123823 0.5657237515051801 0.43495854552679647 1.141286158891261
44129823 0.535539944426014 0.43495854552679647 1.141286158891261
44135823 0.5324207376135759 0.43495854552679647 1.141286158891261
44141823 0.557282208364776 0.43495854552679647 1.1361503711762504
44147823 0.5205380185599104 0.43495854552679647 1.1361503711762504
44153823 0.5352343859111555 0.43495854552679647 1.1361503711762504
44159823 0.5331231969448386 0.43495854552679647 1.1361503711762504
44165823 0.5278300851465312 0.43495854552679647 1.1310376945059573
44171823 0.5438031821463543 0.43495854552679647 1.1310376945059573
44177823 0.5375379699896554 0.43495854552679647 1.1310376945059573
44183823 0.5577817583946341 0.43495854552679647 1.1259480248806806
44189823 0.5426422967593961 0.43495854552679647 1.1259480248806806
44195823 0.5455043660990851 0.43495854552679647 1.1208812587687176
44201823 0.5694270024097746 0.43495854552679647 1.1208812587687176
44207823 0.5169748707711611 0.43495854552679647 1.1208812587687176
44213823 0.5553704933051526 0.43495854552679647 1.1208812587687176
44219823 0.5521087436576063 0.43495854552679647 1.1208812587687176
44225823 0.5428600487772361 0.43495854552679647 1.1158372931042584
44231823 0.511242341213059 0.43495854552679647 1.1158372931042584
44237823 0.5204665903192195 0.43495854552679647 1.1158372931042584
44243823 0.5097801411855563 0.43495854552679647 1.1108160252852892
44249823 0.5475742291337775 0.43495854552679647 1.1108160252852892
44255823 0.5260546868297046 0.43495854552679647 1.1058173531715054
44261823 0.5220575556272832 0.43495854552679647 1.1058173531715054
44267823 0.5410448887782762 0.43495854552679647 1.1008411750822338
44273823 0.5453113689036037 0.43495854552679647 1.1008411750822338
44279823 0.524079926977446 0.43495854552679647 1.0958873897943637
44285823 0.5267467896322398 0.43495854552679647 1.0958873897943637
44291823 0.5377715160575476 0.43495854552679647 1.0958873897943637
44297823 0.5426149317744469 0.43495854552679647 1.0909558965402892
44303823 0.5601368871235227 0.43495854552679647 1.0909558965402892
44309823 0.5466529031248221 0.43495854552679647 1.0909558965402892
44315823 0.49627139003296933 0.43495854552679647 1.0909558965402892
44321823 0.5550665800709541 0.43495854552679647 1.0909558965402892
44327823 0.5464643784554544 0.43495854552679647 1.086046595005858
44333823 0.5548152100581957 0.43495854552679647 1.086046595005858
44339823 0.5681728042779219 0.43495854552679647 1.0811593853283317
44345823 0.5517404221631916 0.43495854552679647 1.0811593853283317
44351823 0.5428284765519138 0.43495854552679647 1.0811593853283317
44357823 0.5415499839200311 0.43495854552679647 1.0811593853283317
44363823 0.49496069630510314 0.43495854552679647 1.0811593853283317
44369823 0.5300615690302355 0.43495854552679647 1.0811593853283317
44375823 0.5350523602766141 0.43495854552679647 1.0762941680943543
44381823 0.5581378122935626 0.43495854552679647 1.0762941680943543
44387823 0.5710648352906545 0.43495854552679647 1.0714508443379298
44393823 0.546273399982089 0.43495854552679647 1.0714508443379298
44399823 0.57042550722062 0.43495854552679647 1.0714508443379298
44405823 0.5703446778024726 0.43495854552679647 1.0666293155384092
44411823 0.5242085438161193 0.43495854552679647 1.0666293155384092
44417823 0.5398064733926179 0.43495854552679647 1.0666293155384092
44423823 0.5463614125198093 0.43495854552679647 1.0666293155384092
44429823 0.578539776057552 0.43495854552679647 1.0666293155384092
44435823 0.5645480965363652 0.43495854552679647 1.0618294836184865
44441823 0.5494151680337573 0.43495854552679647 1.0618294836184865
44447823 0.5425511828309297 0.43495854552679647 1.0618294836184865
44453823 0.5091034538344121 0.43495854552679647 1.0618294836184865
44459823 0.5421609030492104 0.43495854552679647 1.0618294836184865
44465823 0.5632557355488437 0.43495854552679647 1.0618294836184865
44471823 0.5122600944547707 0.43495854552679647 1.0570512509422034
44477823 0.5267143574916556 0.43495854552679647 1.0570512509422034
44483823 0.5526081973278113 0.43495854552679647 1.0570512509422034
44489823 0.5553849399812019 0.43495854552679647 1.0522945203129637
44495823 0.5198162261455505 0.43495854552679647 1.0522945203129637
44501823 0.5286960301946062 0.43495854552679647 1.0522945203129637
44507823 0.5554661890845861 0.43495854552679647 1.0522945203129637
44513823 0.5330932522512428 0.43495854552679647 1.0475591949715555
44519823 0.5620812250078313 0.43495854552679647 1.0475591949715555
44525823 0.5438365369781947 0.43495854552679647 1.0475591949715555
44531823 0.5549248182870126 0.43495854552679647 1.0475591949715555
44537823 0.5712883070982238 0.43495854552679647 1.0475591949715555
44543823 0.5601125138110429 0.43495854552679647 1.0428451785941835
44549823 0.5383426968149984 0.43495854552679647 1.0428451785941835
44555823 0.5537929945312172 0.43495854552679647 1.0428451785941835
44561823 0.5765856289370561 0.43495854552679647 1.0428451785941835
44567823 0.5566352764706833 0.43495854552679647 1.0428451785941835
44573823 0.5250672343425836 0.43495854552679647 1.0381523752905097
44579823 0.5229727974118039 0.43495854552679647 1.0381523752905097
44585823 0.5346077975826161 0.43495854552679647 1.0334806896017026
44591823 0.5327451774232107 0.43495854552679647 1.0334806896017026
44597823 0.5471750865785254 0.43495854552679647 1.028830026498495
44603823 0.5247259983033863 0.43495854552679647 1.028830026498495
44609823 0.546660486959239 0.43495854552679647 1.0242002913792518
44615823 0.538924341839938 0.43495854552679647 1.0242002913792518
44621823 0.5628581152708572 0.43495854552679647 1.0242002913792518
44627823 0.5556336273405446 0.43495854552679647 1.0195913900680453
44633823 0.5478600913731514 0.43495854552679647 1.0195913900680453
44639823 0.5367693960782037 0.43495854552679647 1.0195913900680453
44645823 0.5316796954919749 0.43495854552679647 1.015003228812739
44651823 0.4925609766632625 0.43495854552679647 1.015003228812739
44657823 0.560663312274888 0.43495854552679647 1.015003228812739
44663823 0.5529667712403561 0.43495854552679647 1.0104357142830818
44669823 0.5623182806738802 0.43495854552679647 1.0104357142830818
44675823 0.5318871284121764 0.43495854552679647 1.005888753568808
44681823 0.527638580704749 0.43495854552679647 1.005888753568808
44687823 0.5271715594593579 0.43495854552679647 1.005888753568808
44693823 0.5507981286144179 0.43495854552679647 1.005888753568808
44699823 0.5365924432448231 0.43495854552679647 1.0013622541777483
44705823 0.5492911212197945 0.43495854552679647 1.0013622541777483
44711823 0.5588636246217742 0.43495854552679647 1.0013622541777483
44717823 0.5149548301172302 0.43495854552679647 0.9968561240339484
44723823 0.5044035822932278 0.43495854552679647 0.9968561240339484
44729823 0.5186084871351492 0.43495854552679647 0.9923702714757957
44735823 0.5406017103818265 0.43495854552679647 0.9923702714757957
44741823 0.5505773807573414 0.43495854552679647 0.9879046052541547
44747823 0.5128169212029037 0.43495854552679647 0.9879046052541547
44753823 0.5538758752160964 0.43495854552679647 0.9879046052541547
44759823 0.5190522777701132 0.43495854552679647 0.9834590345305111
44765823 0.5489691463248924 0.43495854552679647 0.9834590345305111
44771823 0.5512325137999164 0.43495854552679647 0.9834590345305111
44777823 0.5181456419235128 0.43495854552679647 0.9834590345305111
44783823 0.5420124919860354 0.43495854552679647 0.9790334688751239
44789823 0.5603225971387462 0.43495854552679647 0.9790334688751239
44795823 0.5797368920439765 0.43495854552679647 0.9746278182651859
44801823 0.5126882031042891 0.43495854552679647 0.9746278182651859
44807823 0.5358443714121357 0.43495854552679647 0.9746278182651859
44813823 0.5107993058690868 0.43495854552679647 0.9746278182651859
44819823 0.5252909208177335 0.43495854552679647 0.9702419930829925
44825823 0.567847954281718 0.43495854552679647 0.9702419930829925
44831823 0.5304827747121235 0.43495854552679647 0.9702419930829925
44837823 0.5424130058295171 0.43495854552679647 0.965875904114119
44843823 0.5471702233263926 0.43495854552679647 0.965875904114119
44849823 0.5391762167116964 0.43495854552679647 0.965875904114119
44855823 0.5372572144521297 0.43495854552679647 0.965875904114119
44861823 0.5339716669696627 0.43495854552679647 0.965875904114119
44867823 0.5601493753975612 0.43495854552679647 0.9615294625456056
44873823 0.5488705837597141 0.43495854552679647 0.9615294625456056
44879823 0.5306311923194498 0.43495854552679647 0.9615294625456056
44885823 0.5775057709305264 0.43495854552679647 0.9572025799641504
44891823 0.5723144834210279 0.43495854552679647 0.9572025799641504
44897823 0.5487855063281112 0.43495854552679647 0.9528951683543118
44903823 0.5468268684007229 0.43495854552679647 0.9528951683543118
44909823 0.5594139814164584 0.43495854552679647 0.9486071400967174
44915823 0.5630610266891555 0.43495854552679647 0.9486071400967174
44921823 0.5824700886764782 0.43495854552679647 0.9486071400967174
44927823 0.552046044380959 0.43495854552679647 0.9443384079662822
44933823 0.5495630380170153 0.43495854552679647 0.9443384079662822
44939823 0.594324309720583 0.43495854552679647 0.9443384079662822
44945823 0.5599858737980549 0.43495854552679647 0.940088885130434
44951823 0.5438272778474115 0.43495854552679647 0.940088885130434
44957823 0.5409940146299839 0.43495854552679647 0.940088885130434
44963823 0.5851861737633776 0.43495854552679647 0.940088885130434
44969823 0.5584371055121102 0.43495854552679647 0.935858485147347
44975823 0.5955436208651819 0.43495854552679647 0.935858485147347
44981823 0.5604077241984942 0.43495854552679647 0.931647121964184
44987823 0.5490025565635627 0.43495854552679647 0.931647121964184
44993823 0.546858229524718 0.43495854552679647 0.931647121964184
44999823 0.5564331298231302 0.43495854552679647 0.931647121964184
45005823 0.5492896216903952 0.43495854552679647 0.9274547099153452
45011823 0.5645297455143911 0.43495854552679647 0.9274547099153452
45017823 0.5506117262994155 0.43495854552679647 0.9274547099153452
45023823 0.5496094999180516 0.43495854552679647 0.9232811637207262
45029823 0.5233963495297995 0.43495854552679647 0.9232811637207262
45035823 0.5500865356577935 0.43495854552679647 0.9232811637207262
45041823 0.5553071958182993 0.43495854552679647 0.919126398483983
45047823 0.5785454746342422 0.43495854552679647 0.919126398483983
45053823 0.5408229781954629 0.43495854552679647 0.9149903296908052
45059823 0.571076253877685 0.43495854552679647 0.9149903296908052
45065823 0.5468575403576854 0.43495854552679647 0.9149903296908052
45071823 0.5511348801806945 0.43495854552679647 0.9108728732071966
45077823 0.5826869297124733 0.43495854552679647 0.9108728732071966
45083823 0.5569237132066106 0.43495854552679647 0.9067739452777642
45089823 0.53517626250247 0.43495854552679647 0.9067739452777642
45095823 0.5465399015478881 0.43495854552679647 0.9067739452777642
45101823 0.5508035249225965 0.43495854552679647 0.9067739452777642
45107823 0.5335761278212062 0.43495854552679647 0.9026934625240143
45113823 0.5596138801839202 0.43495854552679647 0.9026934625240143
45119823 0.560955665598888 0.43495854552679647 0.9026934625240143
45125823 0.5952982962028691 0.43495854552679647 0.8986313419426563
45131823 0.5562287492239064 0.43495854552679647 0.8986313419426563
45137823 0.5495865190182209 0.43495854552679647 0.8945875009039144
45143823 0.5387379909814918 0.43495854552679647 0.8945875009039144
45149823 0.5058677521805861 0.43495854552679647 0.8945875009039144
45155823 0.5575800211206431 0.43495854552679647 0.8945875009039144
45161823 0.5542392669252476 0.43495854552679647 0.8905618571498468
45167823 0.5274906865492647 0.43495854552679647 0.8905618571498468
45173823 0.534877829136441 0.43495854552679647 0.8865543287926726
45179823 0.5313317647233826 0.43495854552679647 0.8865543287926726
45185823 0.5456872163341066 0.43495854552679647 0.8825648343131056
45191823 0.4942413222299058 0.43495854552679647 0.8825648343131056
45197823 0.582319316268758 0.43495854552679647 0.8825648343131056
45203823 0.5498954736495966 0.43495854552679647 0.8825648343131056
45209823 0.5260933635725387 0.43495854552679647 0.8785932925586967
45215823 0.5325477941373524 0.43495854552679647 0.8785932925586967
45221823 0.5023008854282426 0.43495854552679647 0.8785932925586967
45227823 0.5355866542390084 0.43495854552679647 0.8785932925586967
45233823 0.5223423140077629 0.43495854552679647 0.8746396227421825
45239823 0.49034153839313627 0.43495854552679647 0.8746396227421825
45245823 0.533740329294548 0.43495854552679647 0.8746396227421825
45251823 0.5785829023613143 0.43495854552679647 0.8707037444398428
45257823 0.5220299789036218 0.43495854552679647 0.8707037444398428
45263823 0.5600314212291013 0.43495854552679647 0.8667855775898635
45269823 0.5363768058428587 0.43495854552679647 0.8667855775898635
45275823 0.5425253061458595 0.43495854552679647 0.8667855775898635
45281823 0.5582920223886682 0.43495854552679647 0.8628850424907092
45287823 0.5298476126093589 0.43495854552679647 0.8628850424907092
45293823 0.510821703691539 0.43495854552679647 0.8628850424907092
45299823 0.5667174969917804 0.43495854552679647 0.8628850424907092
45305823 0.5109253057046005 0.43495854552679647 0.8590020597995011
45311823 0.5357639844595331 0.43495854552679647 0.8590020597995011
45317823 0.5252253110564394 0.43495854552679647 0.8590020597995011
45323823 0.5445270892442998 0.43495854552679647 0.8551365505304034
45329823 0.5306912874717907 0.43495854552679647 0.8551365505304034
45335823 0.5285707196968386 0.43495854552679647 0.8512884360530166
45341823 0.569131401200374 0.43495854552679647 0.8512884360530166
45347823 0.5604978842220425 0.43495854552679647 0.8474576380907781
45353823 0.502623165340891 0.43495854552679647 0.8474576380907781
45359823 0.5303051333970152 0.43495854552679647 0.8474576380907781
45365823 0.5361461280608477 0.43495854552679647 0.8474576380907781
45371823 0.543127080162311 0.43495854552679647 0.8436440787193696
45377823 0.5456175290832036 0.43495854552679647 0.8436440787193696
45383823 0.544972582412025 0.43495854552679647 0.8398476803651325
45389823 0.5098142952610042 0.43495854552679647 0.8398476803651325
45395823 0.5777870796416084 0.43495854552679647 0.8398476803651325
45401823 0.5210419438099815 0.43495854552679647 0.8398476803651325
45407823 0.5833182797515395 0.43495854552679647 0.8360683658034894
45413823 0.513877411007197 0.43495854552679647 0.8360683658034894
45419823 0.5345192136827255 0.43495854552679647 0.8360683658034894
45425823 0.5919283746151897 0.43495854552679647 0.8360683658034894
45431823 0.5254531953501632 0.43495854552679647 0.8323060581573738
45437823 0.5180949144664037 0.43495854552679647 0.8323060581573738
45443823 0.5340648396144543 0.43495854552679647 0.8323060581573738
45449823 0.5385717525225724 0.43495854552679647 0.8323060581573738
45455823 0.5335069268148163 0.43495854552679647 0.8285606808956657
45461823 0.5578831176318021 0.43495854552679647 0.8285606808956657
45467823 0.5373789302173835 0.43495854552679647 0.8248321578316352
45473823 0.5183896645182068 0.43495854552679647 0.8248321578316352
45479823 0.5090267173007424 0.43495854552679647 0.821120413121393
45485823 0.5405054838549586 0.43495854552679647 0.821120413121393
45491823 0.5565497522608 0.43495854552679647 0.821120413121393
45497823 0.5534965201059534 0.43495854552679647 0.8174253712623467
45503823 0.55004382945559 0.43495854552679647 0.8174253712623467
45509823 0.5498632721585539 0.43495854552679647 0.8174253712623467
45515823 0.5459371091845888 0.43495854552679647 0.8174253712623467
45521823 0.5447639208351277 0.43495854552679647 0.8137469570916662
45527823 0.5308445581417792 0.43495854552679647 0.8137469570916662
45533823 0.5223107064530301 0.43495854552679647 0.8137469570916662
45539823 0.5599915752406048 0.43495854552679647 0.8137469570916662
45545823 0.5460681523143939 0.43495854552679647 0.8100850957847537
45551823 0.5218564506855426 0.43495854552679647 0.8100850957847537
45557823 0.5260225428278065 0.43495854552679647 0.8100850957847537
45563823 0.5650733723399871 0.43495854552679647 0.8100850957847537
45569823 0.5335782939791741 0.43495854552679647 0.8100850957847537
45575823 0.508912352352966 0.43495854552679647 0.8064397128537224
45581823 0.5544079599356057 0.43495854552679647 0.8064397128537224
45587823 0.5125906677069902 0.43495854552679647 0.8064397128537224
45593823 0.5610141666521403 0.43495854552679647 0.8028107341458807
45599823 0.5386723937823822 0.43495854552679647 0.8028107341458807
45605823 0.5415832519684199 0.43495854552679647 0.8028107341458807
45611823 0.5565585312754865 0.43495854552679647 0.7991980858422243
45617823 0.5466404174946148 0.43495854552679647 0.7991980858422243
45623823 0.5420886437690853 0.43495854552679647 0.7991980858422243
45629823 0.5416576791406252 0.43495854552679647 0.7991980858422243
45635823 0.5743696061279402 0.43495854552679647 0.7956016944559343
45641823 0.5483280480395667 0.43495854552679647 0.7956016944559343
45647823 0.5617497785266766 0.43495854552679647 0.7956016944559343
45653823 0.5555671355941458 0.43495854552679647 0.7920214868308827
45659823 0.496361388644785 0.43495854552679647 0.7920214868308827
45665823 0.5273479096098305 0.43495854552679647 0.7920214868308827
45671823 0.5180378333863721 0.43495854552679647 0.7884573901401437
45677823 0.531674423690696 0.43495854552679647 0.7884573901401437
45683823 0.5280468118019772 0.43495854552679647 0.7849093318845131
45689823 0.5190276549687121 0.43495854552679647 0.7849093318845131
45695823 0.5373975120811031 0.43495854552679647 0.7849093318845131
45701823 0.552249131543013 0.43495854552679647 0.7813772398910328
45707823 0.5300523514458582 0.43495854552679647 0.7813772398910328
45713823 0.5340319337176992 0.43495854552679647 0.7813772398910328
45719823 0.5426862023999024 0.43495854552679647 0.7778610423115232
45725823 0.5217092540905585 0.43495854552679647 0.7778610423115232
45731823 0.5198675979064576 0.43495854552679647 0.7778610423115232
45737823 0.5012478224328488 0.43495854552679647 0.7778610423115232
45743823 0.5350905811854719 0.43495854552679647 0.7743606676211214
45749823 0.5254467133733878 0.43495854552679647 0.7743606676211214
45755823 0.5253549717855582 0.43495854552679647 0.7743606676211214
45761823 0.5423879202625114 0.43495854552679647 0.7708760446168265
45767823 0.5156164840760223 0.43495854552679647 0.7708760446168265
45773823 0.5228862215159968 0.43495854552679647 0.7674071024160508
45779823 0.5032659499496941 0.43495854552679647 0.7674071024160508
45785823 0.5558405820752407 0.43495854552679647 0.7674071024160508
45791823 0.5501806734240161 0.43495854552679647 0.7639537704551786
45797823 0.5549972667350576 0.43495854552679647 0.7639537704551786
45803823 0.5403341172978194 0.43495854552679647 0.7639537704551786
45809823 0.5387651414663357 0.43495854552679647 0.7605159784881304
45815823 0.5686380901589171 0.43495854552679647 0.7605159784881304
45821823 0.5411797776435227 0.43495854552679647 0.7570936565849338
45827823 0.5230828920455051 0.43495854552679647 0.7570936565849338
45833823 0.5096349355659524 0.43495854552679647 0.7536867351303016
45839823 0.5434168556349057 0.43495854552679647 0.7536867351303016
45845823 0.5453949719545382 0.43495854552679647 0.7502951448222153
45851823 0.5426530134885741 0.43495854552679647 0.7502951448222153
45857823 0.5286129999469857 0.43495854552679647 0.7502951448222153
45863823 0.5489351832008486 0.43495854552679647 0.7502951448222153
45869823 0.5486647790341731 0.43495854552679647 0.7469188166705153
45875823 0.5336499257802936 0.43495854552679647 0.7469188166705153
45881823 0.5466638259849654 0.43495854552679647 0.743557681995498
45887823 0.517370678875827 0.43495854552679647 0.743557681995498
45893823 0.5354705232063459 0.43495854552679647 0.743557681995498
45899823 0.5130896309870466 0.43495854552679647 0.743557681995498
45905823 0.5331362305497782 0.43495854552679647 0.7402116724265183
45911823 0.556680140940953 0.43495854552679647 0.7402116724265183
45917823 0.5734690322965058 0.43495854552679647 0.736880719900599
45923823 0.5829107057218008 0.43495854552679647 0.736880719900599
45929823 0.5534701333797989 0.43495854552679647 0.7335647566610464
45935823 0.5364087298312389 0.43495854552679647 0.7335647566610464
45941823 0.5297608844180994 0.43495854552679647 0.7335647566610464
45947823 0.5418235589722863 0.43495854552679647 0.7302637152560717
45953823 0.5587967008050999 0.43495854552679647 0.7302637152560717
45959823 0.5045571540221879 0.43495854552679647 0.7302637152560717
45965823 0.5151939532342245 0.43495854552679647 0.7269775285374194
45971823 0.570131271634773 0.43495854552679647 0.7269775285374194
45977823 0.533470645837793 0.43495854552679647 0.723706129659001
45983823 0.4934967890788179 0.43495854552679647 0.723706129659001
45989823 0.5062786233738559 0.43495854552679647 0.723706129659001
45995823 0.5401721144541445 0.43495854552679647 0.7204494520755356
46001823 0.543692551109448 0.43495854552679647 0.7204494520755356
46007823 0.5005403235938949 0.43495854552679647 0.7172074295411957
46013823 0.5483101192536851 0.43495854552679647 0.7172074295411957
46019823 0.5293227592199644 0.43495854552679647 0.7172074295411957
46025823 0.5418797883140959 0.43495854552679647 0.7139799961082604
46031823 0.5526726720602211 0.43495854552679647 0.7139799961082604
46037823 0.5337558429265656 0.43495854552679647 0.7107670861257732
46043823 0.5609025168418191 0.43495854552679647 0.7107670861257732
46049823 0.5541493622931486 0.43495854552679647 0.7075686342382073
46055823 0.5639223505962163 0.43495854552679647 0.7075686342382073
46061823 0.5469087482722481 0.43495854552679647 0.7043845753841353
46067823 0.5890465412654959 0.43495854552679647 0.7043845753841353
46073823 0.5744050042407809 0.43495854552679647 0.7012148447949068
46079823 0.5237938854221188 0.43495854552679647 0.7012148447949068
46085823 0.5337413952013097 0.43495854552679647 0.6980593779933297
46091823 0.539097573672791 0.43495854552679647 0.6980593779933297
46097823 0.5518730792576355 0.43495854552679647 0.6949181107923598
46103823 0.5261987855271364 0.43495854552679647 0.6949181107923598
46109823 0.5294534062697953 0.43495854552679647 0.6949181107923598
46115823 0.5378257563028664 0.43495854552679647 0.6949181107923598
46121823 0.5460514798971831 0.43495854552679647 0.6917909792937942
46127823 0.5448694535899725 0.43495854552679647 0.6917909792937942
46133823 0.540725884806008 0.43495854552679647 0.6886779198869721
46139823 0.5067519142406682 0.43495854552679647 0.6886779198869721
46145823 0.5192229117049946 0.43495854552679647 0.6886779198869721
46151823 0.540056221536822 0.43495854552679647 0.6855788692474808
46157823 0.509243157166032 0.43495854552679647 0.6855788692474808
46163823 0.5087516722449468 0.43495854552679647 0.6824937643358672
46169823 0.5657060247282213 0.43495854552679647 0.6824937643358672
46175823 0.5334021557164288 0.43495854552679647 0.6794225423963558
46181823 0.5772026535110164 0.43495854552679647 0.6794225423963558
46187823 0.5454719620092389 0.43495854552679647 0.6763651409555722
46193823 0.5512920711774346 0.43495854552679647 0.6763651409555722
46199823 0.5370733872487936 0.43495854552679647 0.6763651409555722
46205823 0.5586355627802653 0.43495854552679647 0.6733214978212722
46211823 0.5346550045871891 0.43495854552679647 0.6733214978212722
46217823 0.5761341999975791 0.43495854552679647 0.6702915510810764
46223823 0.5227770220008474 0.43495854552679647 0.6702915510810764
46229823 0.5571377095442219 0.43495854552679647 0.6702915510810764
46235823 0.5447186332564119 0.43495854552679647 0.6702915510810764
46241823 0.5619879520158996 0.43495854552679647 0.6672752391012116
46247823 0.5285382941521285 0.43495854552679647 0.6672752391012116
46253823 0.5428808422941508 0.43495854552679647 0.6642725005252561
46259823 0.5541446673687517 0.43495854552679647 0.6642725005252561
46265823 0.5280558188417261 0.43495854552679647 0.6642725005252561
46271823 0.5319480697780479 0.43495854552679647 0.6642725005252561
46277823 0.5657320423097086 0.43495854552679647 0.6642725005252561
46283823 0.5694000910399339 0.43495854552679647 0.6612832742728925
46289823 0.5399834759851118 0.43495854552679647 0.6612832742728925
46295823 0.5140708478755295 0.43495854552679647 0.6583074995386645
46301823 0.5343579714499814 0.43495854552679647 0.6583074995386645
46307823 0.5559092475705142 0.43495854552679647 0.6553451157907406
46313823 0.5433582186984738 0.43495854552679647 0.6553451157907406
46319823 0.5380213328234086 0.43495854552679647 0.6553451157907406
46325823 0.5087856379470029 0.43495854552679647 0.6553451157907406
46331823 0.5443118063661133 0.43495854552679647 0.6553451157907406
46337823 0.5214225029567525 0.43495854552679647 0.6523960627696823
46343823 0.5430305930823874 0.43495854552679647 0.6523960627696823
46349823 0.539579579235159 0.43495854552679647 0.6494602804872188
46355823 0.5397743653328433 0.43495854552679647 0.6494602804872188
46361823 0.5317524469119893 0.43495854552679647 0.6494602804872188
46367823 0.5352206664564512 0.43495854552679647 0.6465377092250264
46373823 0.5658258940611179 0.43495854552679647 0.6465377092250264
46379823 0.5606992982654045 0.43495854552679647 0.6436282895335138
46385823 0.5135593615144812 0.43495854552679647 0.6436282895335138
46391823 0.5417438113474903 0.43495854552679647 0.6436282895335138
46397823 0.5408073295737555 0.43495854552679647 0.640731962230613
46403823 0.5360155681618751 0.43495854552679647 0.640731962230613
46409823 0.528660065283394 0.43495854552679647 0.6378486684005753
46415823 0.5144768468348887 0.43495854552679647 0.6378486684005753
46421823 0.517479309407939 0.43495854552679647 0.6378486684005753
46427823 0.5286763904277827 0.43495854552679647 0.6349783493927728
46433823 0.4936344881561134 0.43495854552679647 0.6349783493927728
46439823 0.5186425450224946 0.43495854552679647 0.6349783493927728
46445823 0.5267967616932682 0.43495854552679647 0.6349783493927728
46451823 0.5126358664216787 0.43495854552679647 0.6321209468205053
46457823 0.5511034594421114 0.43495854552679647 0.6321209468205053
46463823 0.5274416171189462 0.43495854552679647 0.6292764025598131
46469823 0.5539716510281799 0.43495854552679647 0.6292764025598131
46475823 0.5370278044835918 0.43495854552679647 0.626444658748294
46481823 0.4923212148606751 0.43495854552679647 0.626444658748294
46487823 0.5178978503706777 0.43495854552679647 0.6236256577839268
46493823 0.5262602666120496 0.43495854552679647 0.6236256577839268
46499823 0.5293831731290951 0.43495854552679647 0.6236256577839268
46505823 0.5373734221947786 0.43495854552679647 0.6236256577839268
46511823 0.5044711727370721 0.43495854552679647 0.6208193423238991
46517823 0.5407640892941 0.43495854552679647 0.6208193423238991
46523823 0.5349967389522275 0.43495854552679647 0.6208193423238991
46529823 0.5294441505685347 0.43495854552679647 0.6180256552834417
46535823 0.552909640850502 0.43495854552679647 0.6180256552834417
46541823 0.5467619990308614 0.43495854552679647 0.6180256552834417
46547823 0.5254375490721886 0.43495854552679647 0.6152445398346662
46553823 0.50779712315171 0.43495854552679647 0.6152445398346662
46559823 0.5047646779113292 0.43495854552679647 0.6124759394054102
46565823 0.5064151219605171 0.43495854552679647 0.6124759394054102
46571823 0.5410627049109399 0.43495854552679647 0.6124759394054102
46577823 0.5659725639019777 0.43495854552679647 0.6097197976780859
46583823 0.5681506364805823 0.43495854552679647 0.6097197976780859
46589823 0.5445580374447743 0.43495854552679647 0.6069760585885345
46595823 0.5546437078563575 0.43495854552679647 0.6069760585885345
46601823 0.5300629120796542 0.43495854552679647 0.6069760585885345
46607823 0.5278286759058046 0.43495854552679647 0.6069760585885345
46613823 0.5187116319170403 0.43495854552679647 0.6069760585885345
46619823 0.48395662058908434 0.43495854552679647 0.6069760585885345
46625823 0.5295600571872818 0.43495854552679647 0.6069760585885345
46631823 0.5298172935203599 0.43495854552679647 0.6042446663248862
46637823 0.5363561627600993 0.43495854552679647 0.6042446663248862
46643823 0.5293734181458318 0.43495854552679647 0.6015255653264242
46649823 0.5207800030222921 0.43495854552679647 0.6015255653264242
46655823 0.5329537274399004 0.43495854552679647 0.5988187002824553
46661823 0.5602222019994515 0.43495854552679647 0.5988187002824553
46667823 0.5215821732800631 0.43495854552679647 0.5961240161311843
46673823 0.5145349972499859 0.43495854552679647 0.5961240161311843
46679823 0.5911802227495678 0.43495854552679647 0.5934414580585939
46685823 0.5531590839463506 0.43495854552679647 0.5934414580585939
46691823 0.582397840045506 0.43495854552679647 0.5934414580585939
46697823 0.5226413784695658 0.43495854552679647 0.5907709714973303
46703823 0.5391833149936175 0.43495854552679647 0.5907709714973303
46709823 0.5388362370437964 0.43495854552679647 0.5907709714973303
46715823 0.5698269065840578 0.43495854552679647 0.5881125021255923
46721823 0.5560584800043292 0.43495854552679647 0.5881125021255923
46727823 0.5332334670558871 0.43495854552679647 0.5854659958660272
46733823 0.5261957119853083 0.43495854552679647 0.5854659958660272
46739823 0.5365488879217222 0.43495854552679647 0.5854659958660272
46745823 0.5250412807367536 0.43495854552679647 0.5828313988846301
46751823 0.5350487668809617 0.43495854552679647 0.5828313988846301
46757823 0.5415509381867414 0.43495854552679647 0.5828313988846301
46763823 0.5323088373589462 0.43495854552679647 0.5802086575896492
46769823 0.5342274203722219 0.43495854552679647 0.5802086575896492
46775823 0.542930111455882 0.43495854552679647 0.5775977186304958
46781823 0.52709903427706 0.43495854552679647 0.5775977186304958
46787823 0.5565434803612845 0.43495854552679647 0.5749985288966586
46793823 0.541302530492963 0.43495854552679647 0.5749985288966586
46799823 0.5202615845158005 0.43495854552679647 0.5749985288966586
46805823 0.5576446930213566 0.43495854552679647 0.5749985288966586
46811823 0.5185673265631171 0.43495854552679647 0.5749985288966586
46817823 0.536223667665364 0.43495854552679647 0.5724110355166236
46823823 0.5598368639660477 0.43495854552679647 0.5724110355166236
46829823 0.5409881992564781 0.43495854552679647 0.5724110355166236
46835823 0.5477073890290138 0.43495854552679647 0.5698351858567988
46841823 0.5656004723120773 0.43495854552679647 0.5698351858567988
46847823 0.5380890193367408 0.43495854552679647 0.5698351858567988
46853823 0.5317391714831046 0.43495854552679647 0.5698351858567988
46859823 0.5420448021133243 0.43495854552679647 0.5698351858567988
46865823 0.561701428885794 0.43495854552679647 0.5698351858567988
46871823 0.5272957204505687 0.43495854552679647 0.5672709275204433
46877823 0.5456542489710867 0.43495854552679647 0.5672709275204433
46883823 0.584834567314708 0.43495854552679647 0.5672709275204433
46889823 0.5695011911915188 0.43495854552679647 0.5647182083466014
46895823 0.5381933727831865 0.43495854552679647 0.5647182083466014
46901823 0.5467396030264644 0.43495854552679647 0.5621769764090416
46907823 0.5769181165444099 0.43495854552679647 0.5621769764090416
46913823 0.5228523692191716 0.43495854552679647 0.559647180015201
46919823 0.5699948442735825 0.43495854552679647 0.559647180015201
46925823 0.5576320074647957 0.43495854552679647 0.559647180015201
46931823 0.5466338206375297 0.43495854552679647 0.5571287677051326
46937823 0.5454733638331082 0.43495854552679647 0.5571287677051326
46943823 0.5386122671470696 0.43495854552679647 0.5571287677051326
46949823 0.5586849518614869 0.43495854552679647 0.5546216882504595
46955823 0.5324452824446819 0.43495854552679647 0.5546216882504595
46961823 0.5757991974837642 0.43495854552679647 0.5546216882504595
46967823 0.5399693128898133 0.43495854552679647 0.5521258906533325
46973823 0.5668789458275513 0.43495854552679647 0.5521258906533325
46979823 0.5726620598353019 0.43495854552679647 0.5521258906533325
46985823 0.5316905229271539 0.43495854552679647 0.5496413241453926
46991823 0.5486540633638151 0.43495854552679647 0.5496413241453926
46997823 0.5686102139524329 0.43495854552679647 0.5496413241453926
47003823 0.5760554073956752 0.43495854552679647 0.5471679381867384
47009823 0.5433875157579 0.43495854552679647 0.5471679381867384
47015823 0.5349930367492015 0.43495854552679647 0.5471679381867384
47021823 0.5461428803784077 0.43495854552679647 0.5471679381867384
47027823 0.5420650880204917 0.43495854552679647 0.544705682464898
47033823 0.5488143576850303 0.43495854552679647 0.544705682464898
47039823 0.5301735866887269 0.43495854552679647 0.542254506893806
47045823 0.5290206894242415 0.43495854552679647 0.542254506893806
47051823 0.5519456636519018 0.43495854552679647 0.539814361612784
47057823 0.5448213437793219 0.43495854552679647 0.539814361612784
47063823 0.5347600259391965 0.43495854552679647 0.5373851969855264
47069823 0.5462335664406283 0.43495854552679647 0.5373851969855264
47075823 0.5405290286647142 0.43495854552679647 0.5373851969855264
47081823 0.5429208748776032 0.43495854552679647 0.5349669635990916
47087823 0.5339326385202159 0.43495854552679647 0.5349669635990916
47093823 0.5256474311229589 0.43495854552679647 0.5349669635990916
47099823 0.5236292195127336 0.43495854552679647 0.5325596122628957
47105823 0.5044104743789876 0.43495854552679647 0.5325596122628957
47111823 0.5265682273784114 0.43495854552679647 0.5325596122628957
47117823 0.5355998293940917 0.43495854552679647 0.5325596122628957
47123823 0.5534220668169367 0.43495854552679647 0.5301630940077127
47129823 0.531669703017608 0.43495854552679647 0.5301630940077127
47135823 0.5512051832411761 0.43495854552679647 0.527777360084678
47141823 0.5455009983284431 0.43495854552679647 0.527777360084678
47147823 0.531663782106797 0.43495854552679647 0.525402361964297
47153823 0.501424415893046 0.43495854552679647 0.525402361964297
47159823 0.5338846222323806 0.43495854552679647 0.525402361964297
47165823 0.5271072449566834 0.43495854552679647 0.525402361964297
47171823 0.5530474326153312 0.43495854552679647 0.5230380513354577
47177823 0.5760903004379521 0.43495854552679647 0.5230380513354577
47183823 0.5110285810048208 0.43495854552679647 0.5206843801044482
47189823 0.5259233549744023 0.43495854552679647 0.5206843801044482
47195823 0.5550082772687263 0.43495854552679647 0.5206843801044482
47201823 0.5542693416707675 0.43495854552679647 0.5183413003939782
47207823 0.5736505406764487 0.43495854552679647 0.5183413003939782
47213823 0.5224358258347783 0.43495854552679647 0.5183413003939782
47219823 0.49080528064935597 0.43495854552679647 0.5183413003939782
47225823 0.5210265237212459 0.43495854552679647 0.5160087645422053
47231823 0.5509254576012215 0.43495854552679647 0.5160087645422053
47237823 0.5252090173137819 0.43495854552679647 0.5136867251017655
47243823 0.518262439730181 0.43495854552679647 0.5136867251017655
47249823 0.5446905096375788 0.43495854552679647 0.5136867251017655
47255823 0.5619657695106262 0.43495854552679647 0.5113751348388076
47261823 0.537718706764611 0.43495854552679647 0.5113751348388076
47267823 0.544778644313922 0.43495854552679647 0.5113751348388076
47273823 0.5347944097077283 0.43495854552679647 0.5113751348388076
47279823 0.5353200185815254 0.43495854552679647 0.509073946732033
47285823 0.5524221807763325 0.43495854552679647 0.509073946732033
47291823 0.5252912441093601 0.43495854552679647 0.5067831139717389
47297823 0.5295711849067494 0.43495854552679647 0.5067831139717389
47303823 0.592737264123542 0.43495854552679647 0.5067831139717389
47309823 0.5592928204500793 0.43495854552679647 0.5045025899588661
47315823 0.5654143637755386 0.43495854552679647 0.5045025899588661
47321823 0.5704117794563414 0.43495854552679647 0.5045025899588661
47327823 0.5257441116812075 0.43495854552679647 0.5022323283040512
47333823 0.5694853651389721 0.43495854552679647 0.5022323283040512
47339823 0.5413041889009386 0.43495854552679647 0.5022323283040512
47345823 0.5528783945662331 0.43495854552679647 0.5022323283040512
47351823 0.5302881745301425 0.43495854552679647 0.5022323283040512
47357823 0.5783572857739803 0.43495854552679647 0.5022323283040512
47363823 0.5528337594770409 0.43495854552679647 0.499972282826683
47369823 0.5321715350720416 0.43495854552679647 0.499972282826683
47375823 0.5560355104968917 0.43495854552679647 0.49772240755396296
47381823 0.5489435059034578 0.43495854552679647 0.49772240755396296
47387823 0.5592500919781843 0.43495854552679647 0.49548265671997016
47393823 0.5214121649415975 0.43495854552679647 0.49548265671997016
47399823 0.5301514582242038 0.43495854552679647 0.49325298476473034
47405823 0.5654373330182565 0.43495854552679647 0.49325298476473034
47411823 0.5511500830175242 0.43495854552679647 0.4910333463332891
47417823 0.523321131557835 0.43495854552679647 0.4910333463332891
47423823 0.5466446769314959 0.43495854552679647 0.4910333463332891
47429823 0.5610289855596211 0.43495854552679647 0.4910333463332891
47435823 0.5266767455426652 0.43495854552679647 0.48882369627478933
47441823 0.5614364371787266 0.43495854552679647 0.48882369627478933
47447823 0.5138276712434586 0.43495854552679647 0.4866239896415528
47453823 0.5529499159508862 0.43495854552679647 0.4866239896415528
47459823 0.556474323799036 0.43495854552679647 0.4844341816881658
47465823 0.5410994173683633 0.43495854552679647 0.4844341816881658
47471823 0.5315352620673653 0.43495854552679647 0.4822542278705691
47477823 0.5295027420538446 0.43495854552679647 0.4822542278705691
47483823 0.5761646113573291 0.43495854552679647 0.48008408384515155
47489823 0.5307868871234203 0.43495854552679647 0.48008408384515155
47495823 0.5302973085652511 0.43495854552679647 0.48008408384515155
47501823 0.5659376024969726 0.43495854552679647 0.48008408384515155
47507823 0.5654297939843455 0.43495854552679647 0.4779237054678484
47513823 0.5114324489717702 0.43495854552679647 0.4779237054678484
47519823 0.5491926092698458 0.43495854552679647 0.4757730487932431
47525823 0.5003745919188114 0.43495854552679647 0.4757730487932431
47531823 0.5320287143953829 0.43495854552679647 0.4757730487932431
47537823 0.5231065259713761 0.43495854552679647 0.47363207007367353
47543823 0.5375185365885599 0.43495854552679647 0.47363207007367353
47549823 0.5366026671603087 0.43495854552679647 0.471500725758342
47555823 0.5870743110860795 0.43495854552679647 0.471500725758342
47561823 0.5264466131350585 0.43495854552679647 0.4693789724924295
47567823 0.5762999451444126 0.43495854552679647 0.4693789724924295
47573823 0.5250622663899434 0.43495854552679647 0.4693789724924295
47579823 0.5510968776705372 0.43495854552679647 0.46726676711621357
47585823 0.542194058143146 0.43495854552679647 0.46726676711621357
47591823 0.5335982718477659 0.43495854552679647 0.46726676711621357
47597823 0.5585838352426205 0.43495854552679647 0.46516406666419063
47603823 0.5220260923963864 0.43495854552679647 0.46516406666419063
47609823 0.5546818378131447 0.43495854552679647 0.46516406666419063
47615823 0.5473053261596763 0.43495854552679647 0.4630708283642018
47621823 0.5479684067010029 0.43495854552679647 0.4630708283642018
47627823 0.5773017261513118 0.43495854552679647 0.4609870096365629
47633823 0.5295149758226713 0.43495854552679647 0.4609870096365629
47639823 0.5410734952344606 0.43495854552679647 0.4609870096365629
47645823 0.5769310448877257 0.43495854552679647 0.4589125680931984
47651823 0.5719478456157004 0.43495854552679647 0.4589125680931984
47657823 0.5583942563423225 0.43495854552679647 0.4589125680931984
47663823 0.5417322289054102 0.43495854552679647 0.4589125680931984
47669823 0.5356183149976325 0.43495854552679647 0.4589125680931984
47675823 0.5358597594105698 0.43495854552679647 0.456847461536779
47681823 0.52908505826337 0.43495854552679647 0.456847461536779
47687823 0.5401646512822158 0.43495854552679647 0.45479164795986354
47693823 0.5874636308164998 0.43495854552679647 0.45479164795986354
47699823 0.5687094520617195 0.43495854552679647 0.4527450855440442
47705823 0.5445910203826456 0.43495854552679647 0.4527450855440442
47711823 0.5654992345696567 0.43495854552679647 0.450707732659096
47717823 0.5371107165063425 0.43495854552679647 0.450707732659096
47723823 0.4987219193559437 0.43495854552679647 0.450707732659096
47729823 0.5563476375391951 0.43495854552679647 0.450707732659096
47735823 0.5079096345239534 0.43495854552679647 0.4486795478621301
47741823 0.5357350392117024 0.43495854552679647 0.4486795478621301
47747823 0.5552888119417703 0.43495854552679647 0.4486795478621301
47753823 0.5379396223379178 0.43495854552679647 0.44666048989675056
47759823 0.5280189953941232 0.43495854552679647 0.44666048989675056
47765823 0.5292167698184511 0.43495854552679647 0.4446505176922152
47771823 0.5534031338041017 0.43495854552679647 0.4446505176922152
47777823 0.5113040162885358 0.43495854552679647 0.44264959036260026
47783823 0.5234800765630123 0.43495854552679647 0.44264959036260026
47789823 0.5384678862818205 0.43495854552679647 0.44264959036260026
47795823 0.5185990497671278 0.43495854552679647 0.4406576672059686
47801823 0.5105295268195125 0.43495854552679647 0.4406576672059686
47807823 0.5385516245484925 0.43495854552679647 0.4406576672059686
47813823 0.537561500939782 0.43495854552679647 0.4386747077035418
47819823 0.5132446757266103 0.43495854552679647 0.4386747077035418
47825823 0.5211999562355004 0.43495854552679647 0.4386747077035418
47831823 0.5613772653620869 0.43495854552679647 0.43670067151887587
47837823 0.5613513292497656 0.43495854552679647 0.43670067151887587
47843823 0.5432459915608214 0.43495854552679647 0.43473551849704095
47849823 0.5168702636336641 0.43495854552679647 0.43473551849704095
47855823 0.5752556490920934 0.43495854552679647 0.43473551849704095
47861823 0.568320908983463 0.43495854552679647 0.4327792086638043
47867823 0.552180186563495 0.43495854552679647 0.4327792086638043
47873823 0.5564481790246772 0.43495854552679647 0.4308317022248172
47879823 0.5344543769147679 0.43495854552679647 0.4308317022248172
47885823 0.5017492752748981 0.43495854552679647 0.42889295956480555
47891823 0.5441200414739945 0.43495854552679647 0.42889295956480555
47897823 0.5412320489470652 0.43495854552679647 0.4269629412467639
47903823 0.5318301212424462 0.43495854552679647 0.4269629412467639
47909823 0.5676842897577408 0.43495854552679647 0.4269629412467639
47915823 0.5901946216214391 0.43495854552679647 0.42504160801115354
47921823 0.5705385236580662 0.43495854552679647 0.42504160801115354
47927823 0.5718304419576081 0.43495854552679647 0.42504160801115354
47933823 0.5051807222130534 0.43495854552679647 0.4231289207751034
47939823 0.5337647424285945 0.43495854552679647 0.4231289207751034
47945823 0.5448002090651466 0.43495854552679647 0.4231289207751034
47951823 0.5256384995597201 0.43495854552679647 0.42122484063161547
47957823 0.5822077224810412 0.43495854552679647 0.42122484063161547
47963823 0.5608141473076945 0.43495854552679647 0.4193293288487732
47969823 0.5673366472319419 0.43495854552679647 0.4193293288487732
47975823 0.5375752792967687 0.43495854552679647 0.4193293288487732
47981823 0.5420157065551817 0.43495854552679647 0.4193293288487732
47987823 0.5327715792138895 0.43495854552679647 0.41744234686895376
47993823 0.5704132781271426 0.43495854552679647 0.41744234686895376
47999823 0.5508784865137815 0.43495854552679647 0.41744234686895376
48005823 0.5357018327718585 0.43495854552679647 0.4155638563080435
48011823 0.555626546571889 0.43495854552679647 0.4155638563080435
48017823 0.5273851657300677 0.43495854552679647 0.4136938189546573
48023823 0.5447452902128128 0.43495854552679647 0.4136938189546573
48029823 0.5210702355236112 0.43495854552679647 0.41183219676936134
48035823 0.5407153385668431 0.43495854552679647 0.41183219676936134
48041823 0.5146925419399733 0.43495854552679647 0.41183219676936134
48047823 0.5452078885063811 0.43495854552679647 0.4099789518838992
48053823 0.5380433596517687 0.43495854552679647 0.4099789518838992
48059823 0.5421350139984309 0.43495854552679647 0.4099789518838992
48065823 0.5689243369863022 0.43495854552679647 0.4099789518838992
48071823 0.5525758131435137 0.43495854552679647 0.4081340466004217
48077823 0.5155577121172006 0.43495854552679647 0.4081340466004217
48083823 0.5142101866089465 0.43495854552679647 0.4081340466004217
48089823 0.5244013022411544 0.43495854552679647 0.4081340466004217
48095823 0.5701287777437972 0.43495854552679647 0.4062974433907198
48101823 0.60516752262233 0.43495854552679647 0.4062974433907198
48107823 0.5661963699705315 0.43495854552679647 0.4044691048954616
48113823 0.5614052140778268 0.43495854552679647 0.4044691048954616
48119823 0.5653509904362769 0.43495854552679647 0.4044691048954616
48125823 0.5621598756861758 0.43495854552679647 0.40264899392343206
48131823 0.5454124697131234 0.43495854552679647 0.40264899392343206
48137823 0.5522337978342182 0.43495854552679647 0.40264899392343206
48143823 0.5276967017693452 0.43495854552679647 0.4008370734507766
48149823 0.5689722716033488 0.43495854552679647 0.4008370734507766
48155823 0.5649052224694621 0.43495854552679647 0.39903330662024816
48161823 0.5836730991754843 0.43495854552679647 0.39903330662024816
48167823 0.560127779515305 0.43495854552679647 0.3972376567404571
48173823 0.5458708425168535 0.43495854552679647 0.3972376567404571
48179823 0.5149797511438013 0.43495854552679647 0.3972376567404571
48185823 0.5449160397436111 0.43495854552679647 0.3972376567404571
48191823 0.522365399706814 0.43495854552679647 0.39545008728512504
48197823 0.5416323182273598 0.43495854552679647 0.39545008728512504
48203823 0.5266693335650704 0.43495854552679647 0.39545008728512504
48209823 0.5254255539179837 0.43495854552679647 0.393670561892342
48215823 0.5338256546255054 0.43495854552679647 0.393670561892342
48221823 0.5484982407817623 0.43495854552679647 0.3918990443638265
48227823 0.5510183591064035 0.43495854552679647 0.3918990443638265
48233823 0.5556628890970093 0.43495854552679647 0.3901354986641893
48239823 0.5497548663565385 0.43495854552679647 0.3901354986641893
48245823 0.5563921135064378 0.43495854552679647 0.3901354986641893
48251823 0.5578069322400256 0.43495854552679647 0.3883798889202005
48257823 0.568972110344906 0.43495854552679647 0.3883798889202005
48263823 0.5548371740072411 0.43495854552679647 0.3866321794200596
48269823 0.5201228928585157 0.43495854552679647 0.3866321794200596
48275823 0.5677429830301834 0.43495854552679647 0.3866321794200596
48281823 0.5348213775803157 0.43495854552679647 0.38489233461266936
48287823 0.5620000436071388 0.43495854552679647 0.38489233461266936
48293823 0.5175073348327782 0.43495854552679647 0.3831603191069124
48299823 0.5681971537702273 0.43495854552679647 0.3831603191069124
48305823 0.5773071175303348 0.43495854552679647 0.3831603191069124
48311823 0.5523636312450697 0.43495854552679647 0.3814360976709313
48317823 0.5419969240068069 0.43495854552679647 0.3814360976709313
48323823 0.5638344237599406 0.43495854552679647 0.3814360976709313
48329823 0.5119285107576897 0.43495854552679647 0.3797196352314121
48335823 0.5543939285514252 0.43495854552679647 0.3797196352314121
48341823 0.5779946469603243 0.43495854552679647 0.37801089687287076
48347823 0.547190825291172 0.43495854552679647 0.37801089687287076
48353823 0.5440176428760312 0.43495854552679647 0.37801089687287076
48359823 0.5430097334997946 0.43495854552679647 0.3763098478369429
48365823 0.5395063237424216 0.43495854552679647 0.3763098478369429
48371823 0.5422042628501218 0.43495854552679647 0.3763098478369429
48377823 0.5363101573954123 0.43495854552679647 0.3763098478369429
48383823 0.5291627155869427 0.43495854552679647 0.37461645352167666
48389823 0.5279821987706202 0.43495854552679647 0.37461645352167666
48395823 0.5207912756419385 0.43495854552679647 0.37293067948082914
48401823 0.5454644923855002 0.43495854552679647 0.37293067948082914
48407823 0.5449638568449423 0.43495854552679647 0.37293067948082914
48413823 0.5440389939658069 0.43495854552679647 0.3712524914231654
48419823 0.5221290320850738 0.43495854552679647 0.3712524914231654
48425823 0.5490713559266795 0.43495854552679647 0.3712524914231654
48431823 0.5711233062155878 0.43495854552679647 0.3695818552117612
48437823 0.5528301981932746 0.43495854552679647 0.3695818552117612
48443823 0.5161565803296319 0.43495854552679647 0.3679187368633083
48449823 0.5401029789171448 0.43495854552679647 0.3679187368633083
48455823 0.5544100511503421 0.43495854552679647 0.3662631025474234
48461823 0.5150183196427027 0.43495854552679647 0.3662631025474234
48467823 0.5608398911830336 0.43495854552679647 0.3662631025474234
48473823 0.5701155589565743 0.43495854552679647 0.36461491858596
48479823 0.5383087221238079 0.43495854552679647 0.36461491858596
48485823 0.5431340272932011 0.43495854552679647 0.3629741514523232
48491823 0.5554434009998194 0.43495854552679647 0.3629741514523232
48497823 0.5268054957559036 0.43495854552679647 0.3613407677707878
48503823 0.5592068113114136 0.43495854552679647 0.3613407677707878
48509823 0.5574414128675059 0.43495854552679647 0.3613407677707878
48515823 0.5196791769639153 0.43495854552679647 0.3613407677707878
48521823 0.5266050456909207 0.43495854552679647 0.35971473431581924
48527823 0.5431396864316003 0.43495854552679647 0.35971473431581924
48533823 0.5446328531041947 0.43495854552679647 0.35971473431581924
48539823 0.4886647641864097 0.43495854552679647 0.35809601801139807
48545823 0.5485675443088787 0.43495854552679647 0.35809601801139807
48551823 0.5298798194001582 0.43495854552679647 0.35648458593034676
48557823 0.541060239778093 0.43495854552679647 0.35648458593034676
48563823 0.5704476141683286 0.43495854552679647 0.35648458593034676
48569823 0.5248984196815695 0.43495854552679647 0.35648458593034676
48575823 0.5352654876774662 0.43495854552679647 0.35648458593034676
48581823 0.5416908960025448 0.43495854552679647 0.35648458593034676
48587823 0.5580206586559132 0.43495854552679647 0.3548804052936602
48593823 0.5405689620159515 0.43495854552679647 0.3548804052936602
48599823 0.545530254310998 0.43495854552679647 0.35328344346983875
48605823 0.501638837145366 0.43495854552679647 0.35328344346983875
48611823 0.5271318434908003 0.43495854552679647 0.35328344346983875
48617823 0.5573928478244051 0.43495854552679647 0.35328344346983875
48623823 0.5691217363949219 0.43495854552679647 0.3516936679742245
48629823 0.5361572374464394 0.43495854552679647 0.3516936679742245
48635823 0.508299580200748 0.43495854552679647 0.3501110464683405
48641823 0.5449699100083802 0.43495854552679647 0.3501110464683405
48647823 0.54898664624416 0.43495854552679647 0.3501110464683405
48653823 0.5669793296706894 0.43495854552679647 0.3501110464683405
48659823 0.5475760819354102 0.43495854552679647 0.348535546759233
48665823 0.5830264279975165 0.43495854552679647 0.348535546759233
48671823 0.5551216910021384 0.43495854552679647 0.34696713679881647
48677823 0.5490819148415952 0.43495854552679647 0.34696713679881647
48683823 0.5680159153694478 0.43495854552679647 0.34696713679881647
48689823 0.5311449607041959 0.43495854552679647 0.3454057846832218
48695823 0.5367864890171228 0.43495854552679647 0.3454057846832218
48701823 0.5779843885219145 0.43495854552679647 0.3454057846832218
48707823 0.5454858230484311 0.43495854552679647 0.34385145865214733
48713823 0.5519793548074502 0.43495854552679647 0.34385145865214733
48719823 0.5426225007635624 0.43495854552679647 0.34385145865214733
48725823 0.5403767185350768 0.43495854552679647 0.3423041270882127
48731823 0.5226136780235626 0.43495854552679647 0.3423041270882127
48737823 0.5449142063626823 0.43495854552679647 0.3423041270882127
48743823 0.5314744518369569 0.43495854552679647 0.34076375851631574
48749823 0.5551883107005355 0.43495854552679647 0.34076375851631574
48755823 0.549636290384098 0.43495854552679647 0.3392303216029923
48761823 0.5351699084674955 0.43495854552679647 0.3392303216029923
48767823 0.549529025478322 0.43495854552679647 0.3392303216029923
48773823 0.5413905493374819 0.43495854552679647 0.33770378515577887
48779823 0.5280042089910011 0.43495854552679647 0.33770378515577887
48785823 0.5354395545969396 0.43495854552679647 0.33770378515577887
48791823 0.5366484553771482 0.43495854552679647 0.33770378515577887
48797823 0.5407541200569673 0.43495854552679647 0.33770378515577887
48803823 0.5507121737902712 0.43495854552679647 0.33618411812257787
48809823 0.5481015817007642 0.43495854552679647 0.33618411812257787
48815823 0.5626198864295915 0.43495854552679647 0.33618411812257787
48821823 0.5290596787017174 0.43495854552679647 0.33618411812257787
48827823 0.5556168671232384 0.43495854552679647 0.33467128959102627
48833823 0.5359272701772942 0.43495854552679647 0.33467128959102627
48839823 0.5292478959745773 0.43495854552679647 0.33467128959102627
48845823 0.5316366678768599 0.43495854552679647 0.33467128959102627
48851823 0.5183333595902719 0.43495854552679647 0.33467128959102627
48857823 0.5284208944614958 0.43495854552679647 0.33467128959102627
48863823 0.5415287247493306 0.43495854552679647 0.3331652687878667
48869823 0.5825431814275057 0.43495854552679647 0.3331652687878667
48875823 0.5502360305254521 0.43495854552679647 0.33166602507832127
48881823 0.533098144727668 0.43495854552679647 0.33166602507832127
48887823 0.5436945717450525 0.43495854552679647 0.33017352796546884
48893823 0.5432046087091322 0.43495854552679647 0.33017352796546884
48899823 0.5264379310592712 0.43495854552679647 0.3286877470896242
48905823 0.5427601728641981 0.43495854552679647 0.3286877470896242
48911823 0.5531067879086896 0.43495854552679647 0.3286877470896242
48917823 0.5492111764374229 0.43495854552679647 0.32720865222772094
48923823 0.5515470187301209 0.43495854552679647 0.32720865222772094
48929823 0.5492506359962624 0.43495854552679647 0.32720865222772094
48935823 0.5807033124255143 0.43495854552679647 0.3257362132926962
48941823 0.4890477993690924 0.43495854552679647 0.3257362132926962
48947823 0.5479332463872398 0.43495854552679647 0.32427040033287907
48953823 0.5162024303398168 0.43495854552679647 0.32427040033287907
48959823 0.5532069329162875 0.43495854552679647 0.3228111835313811
48965823 0.5410470940797402 0.43495854552679647 0.3228111835313811
48971823 0.547588378812902 0.43495854552679647 0.3213585332054899
48977823 0.5603908110545139 0.43495854552679647 0.3213585332054899
48983823 0.5379264673832693 0.43495854552679647 0.3199124198060652
48989823 0.5412520559923925 0.43495854552679647 0.3199124198060652
48995823 0.5234110484817829 0.43495854552679647 0.31847281391693794
49001823 0.519108525386997 0.43495854552679647 0.31847281391693794
49007823 0.5387648000118832 0.43495854552679647 0.31847281391693794
49013823 0.5426359288266566 0.43495854552679647 0.3170396862543117
49019823 0.5434486497009217 0.43495854552679647 0.3170396862543117
49025823 0.5071294587123676 0.43495854552679647 0.3170396862543117
49031823 0.5195164342705383 0.43495854552679647 0.3170396862543117
49037823 0.5374939669303701 0.43495854552679647 0.31561300766616734
49043823 0.5196897105063635 0.43495854552679647 0.31561300766616734
49049823 0.5365579885359646 0.43495854552679647 0.3141927491316696
49055823 0.5666710395051461 0.43495854552679647 0.3141927491316696
49061823 0.5390715779806535 0.43495854552679647 0.3127788817605771
49067823 0.5452695142278235 0.43495854552679647 0.3127788817605771
49073823 0.5158971167836913 0.43495854552679647 0.31137137679265453
49079823 0.5059175030072466 0.43495854552679647 0.31137137679265453
49085823 0.4971327224133986 0.43495854552679647 0.3099702055970876
49091823 0.5509162792828463 0.43495854552679647 0.3099702055970876
49097823 0.5283663728268851 0.43495854552679647 0.3099702055970876
49103823 0.5252950723043731 0.43495854552679647 0.3085753396719007
49109823 0.5582707139498814 0.43495854552679647 0.3085753396719007
49115823 0.5298717430850354 0.43495854552679647 0.3085753396719007
49121823 0.5283320550924425 0.43495854552679647 0.3085753396719007
49127823 0.5434326689288637 0.43495854552679647 0.3071867506433772
49133823 0.5639244570419287 0.43495854552679647 0.3071867506433772
49139823 0.5118183105321019 0.43495854552679647 0.305804410265482
49145823 0.5486514193450489 0.43495854552679647 0.305804410265482
49151823 0.5234570863974157 0.43495854552679647 0.305804410265482
49157823 0.545908264347718 0.43495854552679647 0.3044282904192873
49163823 0.5436612734827144 0.43495854552679647 0.3044282904192873
49169823 0.5090736572735973 0.43495854552679647 0.3044282904192873
49175823 0.5143760796988931 0.43495854552679647 0.3044282904192873
49181823 0.5016804826864049 0.43495854552679647 0.3044282904192873
49187823 0.5317166720524737 0.43495854552679647 0.3044282904192873
49193823 0.5402549218612862 0.43495854552679647 0.30305836311240053
49199823 0.5310081780374498 0.43495854552679647 0.30305836311240053
49205823 0.5149189932826255 0.43495854552679647 0.30305836311240053
49211823 0.5310953756395445 0.43495854552679647 0.30169460047839475
49217823 0.5094566680917462 0.43495854552679647 0.30169460047839475
49223823 0.5954634867908956 0.43495854552679647 0.300336974776242
49229823 0.5298883782609195 0.43495854552679647 0.300336974776242
49235823 0.5223610339082617 0.43495854552679647 0.29898545838974894
49241823 0.5339714331175296 0.43495854552679647 0.29898545838974894
49247823 0.5372719495291315 0.43495854552679647 0.29898545838974894
49253823 0.5038853332361019 0.43495854552679647 0.29764002382699506
49259823 0.5291327310402996 0.43495854552679647 0.29764002382699506
49265823 0.536415783573813 0.43495854552679647 0.29764002382699506
49271823 0.5076422447326924 0.43495854552679647 0.2963006437197736
49277823 0.5048460651403432 0.43495854552679647 0.2963006437197736
49283823 0.5583768125545866 0.43495854552679647 0.29496729082303463
49289823 0.5406388480300248 0.43495854552679647 0.29496729082303463
49295823 0.49537441339223365 0.43495854552679647 0.29363993801433097
49301823 0.5309853260397809 0.43495854552679647 0.29363993801433097
49307823 0.5501397339841863 0.43495854552679647 0.2923185582932665
49313823 0.5246245725005878 0.43495854552679647 0.2923185582932665
49319823 0.5048452101955107 0.43495854552679647 0.2910031247809468
49325823 0.5712344499508092 0.43495854552679647 0.2910031247809468
49331823 0.5287784605045678 0.43495854552679647 0.2910031247809468
49337823 0.5468000411312204 0.43495854552679647 0.28969361071943256
49343823 0.5204903770195365 0.43495854552679647 0.28969361071943256
49349823 0.559814602082569 0.43495854552679647 0.28969361071943256
49355823 0.5527217555512693 0.43495854552679647 0.28838998947119515
49361823 0.5228662393459911 0.43495854552679647 0.28838998947119515
49367823 0.5443285897972878 0.43495854552679647 0.28838998947119515
49373823 0.5366333732095309 0.43495854552679647 0.28838998947119515
49379823 0.5567040838392981 0.43495854552679647 0.28838998947119515
49385823 0.5595639975620832 0.43495854552679647 0.2870922345185748
49391823 0.5844529355316628 0.43495854552679647 0.2870922345185748
49397823 0.5357965945260766 0.43495854552679647 0.28580031946324125
49403823 0.5721906706426887 0.43495854552679647 0.28580031946324125
49409823 0.5535903629069199 0.43495854552679647 0.2845142180256567
49415823 0.5407105153680487 0.43495854552679647 0.2845142180256567
49421823 0.5190825650227107 0.43495854552679647 0.2845142180256567
49427823 0.5499704577400477 0.43495854552679647 0.28323390404454124
49433823 0.5740730004096036 0.43495854552679647 0.28323390404454124
49439823 0.5178337822739275 0.43495854552679647 0.2819593514763408
49445823 0.5482404255156527 0.43495854552679647 0.2819593514763408
49451823 0.5581409789052348 0.43495854552679647 0.2819593514763408
49457823 0.5640796459894436 0.43495854552679647 0.2806905343946973
49463823 0.5187525112074535 0.43495854552679647 0.2806905343946973
49469823 0.5347459681478794 0.43495854552679647 0.2794274269899212
49475823 0.5707384392037892 0.43495854552679647 0.2794274269899212
49481823 0.5674886985300801 0.43495854552679647 0.27817000356846655
49487823 0.5280380534362359 0.43495854552679647 0.27817000356846655
49493823 0.5326759132772788 0.43495854552679647 0.27817000356846655
49499823 0.5450124110748484 0.43495854552679647 0.27817000356846655
49505823 0.521245816147833 0.43495854552679647 0.27817000356846655
49511823 0.5260060866375627 0.43495854552679647 0.2769182385524085
49517823 0.5369687081679788 0.43495854552679647 0.2769182385524085
49523823 0.5452273706314745 0.43495854552679647 0.27567210647892265
49529823 0.5264354423086667 0.43495854552679647 0.27567210647892265
49535823 0.49428552709529006 0.43495854552679647 0.27567210647892265
49541823 0.5260445945570547 0.43495854552679647 0.2744315819997675
49547823 0.5573657084544862 0.43495854552679647 0.2744315819997675
49553823 0.5492373351891959 0.43495854552679647 0.2731966398807686
49559823 0.5246812502030163 0.43495854552679647 0.2731966398807686
49565823 0.5226796189352804 0.43495854552679647 0.2731966398807686
49571823 0.5343205814896617 0.43495854552679647 0.27196725500130514
49577823 0.5431822145857104 0.43495854552679647 0.27196725500130514
49583823 0.5547684935382028 0.43495854552679647 0.2707434023537993
49589823 0.5235116774386565 0.43495854552679647 0.2707434023537993
49595823 0.5765907714265942 0.43495854552679647 0.2707434023537993
49601823 0.5134196321898846 0.43495854552679647 0.26952505704320723
49607823 0.5117276117531502 0.43495854552679647 0.26952505704320723
49613823 0.5296203140810386 0.43495854552679647 0.26952505704320723
49619823 0.5668959100874704 0.43495854552679647 0.2683121942865128
49625823 0.5566801889283217 0.43495854552679647 0.2683121942865128
49631823 0.5835178476555198 0.43495854552679647 0.26710478941222354
49637823 0.5255904130526857 0.43495854552679647 0.26710478941222354
49643823 0.4936963181074307 0.43495854552679647 0.26710478941222354
49649823 0.5664877238744511 0.43495854552679647 0.26710478941222354
49655823 0.5473643342727614 0.43495854552679647 0.2659028178598685
49661823 0.5405024314377239 0.43495854552679647 0.2659028178598685
49667823 0.5588286259121258 0.43495854552679647 0.2659028178598685
49673823 0.5544799260420502 0.43495854552679647 0.2659028178598685
49679823 0.5733044607801288 0.43495854552679647 0.26470625517949914
49685823 0.5287206491738143 0.43495854552679647 0.26470625517949914
49691823 0.533423078453267 0.43495854552679647 0.26470625517949914
49697823 0.5247453906337055 0.43495854552679647 0.2635150770311914
49703823 0.5607824005496274 0.43495854552679647 0.2635150770311914
49709823 0.5028038141315558 0.43495854552679647 0.2623292591845511
49715823 0.4834135117887226 0.43495854552679647 0.2623292591845511
49721823 0.5365638372536086 0.43495854552679647 0.2623292591845511
49727823 0.5415770168186828 0.43495854552679647 0.26114877751822063
49733823 0.5617643509725314 0.43495854552679647 0.26114877751822063
49739823 0.534415002339239 0.43495854552679647 0.2599736080193887
49745823 0.5291932735809819 0.43495854552679647 0.2599736080193887
49751823 0.5555844681548732 0.43495854552679647 0.25880372678330144
49757823 0.5463904070141646 0.43495854552679647 0.25880372678330144
49763823 0.5496861044082352 0.43495854552679647 0.25880372678330144
49769823 0.5242976120163104 0.43495854552679647 0.25880372678330144
49775823 0.5245179555728505 0.43495854552679647 0.2576391100127766
49781823 0.5153292925162778 0.43495854552679647 0.2576391100127766
49787823 0.5390393575478585 0.43495854552679647 0.2576391100127766
49793823 0.5202406896506125 0.43495854552679647 0.2576391100127766
49799823 0.5056336298608932 0.43495854552679647 0.2564797340177191
49805823 0.5420543433631663 0.43495854552679647 0.2564797340177191
49811823 0.5206414800584395 0.43495854552679647 0.2564797340177191
49817823 0.5343288225830627 0.43495854552679647 0.2564797340177191
49823823 0.5674006650923759 0.43495854552679647 0.2564797340177191
49829823 0.5179409028680765 0.43495854552679647 0.2553255752146394
49835823 0.5459879773750734 0.43495854552679647 0.2553255752146394
49841823 0.5520741834020142 0.43495854552679647 0.2553255752146394
49847823 0.5288204225118056 0.43495854552679647 0.25417661012617354
49853823 0.5072265151644976 0.43495854552679647 0.25417661012617354
49859823 0.5789708396227976 0.43495854552679647 0.25417661012617354
49865823 0.5325205927194231 0.43495854552679647 0.2530328153806058
49871823 0.5346145295893526 0.43495854552679647 0.2530328153806058
49877823 0.5752887092440271 0.43495854552679647 0.2530328153806058
49883823 0.5150259503540394 0.43495854552679647 0.25189416771139306
49889823 0.5325732621428024 0.43495854552679647 0.25189416771139306
49895823 0.5216235089366862 0.43495854552679647 0.25189416771139306
49901823 0.5557304707474486 0.43495854552679647 0.2507606439566918
49907823 0.5442307310631598 0.43495854552679647 0.2507606439566918
49913823 0.48281963897623764 0.43495854552679647 0.2507606439566918
49919823 0.5333843057781507 0.43495854552679647 0.2507606439566918
49925823 0.5504498619033159 0.43495854552679647 0.2507606439566918
49931823 0.49402414942396683 0.43495854552679647 0.2496322210588867
49937823 0.5462460174603546 0.43495854552679647 0.2496322210588867
49943823 0.540683094149666 0.43495854552679647 0.2485088760641217
49949823 0.5654325833636016 0.43495854552679647 0.2485088760641217
49955823 0.5577286442877476 0.43495854552679647 0.2485088760641217
49961823 0.49650263948880824 0.43495854552679647 0.24739058612183315
49967823 0.5419321376197801 0.43495854552679647 0.24739058612183315
49973823 0.5685339424026672 0.43495854552679647 0.2462773284842849
49979823 0.5656324918993282 0.43495854552679647 0.2462773284842849
49985823 0.5709942127382173 0.43495854552679647 0.2462773284842849
49991823 0.53271714841629 0.43495854552679647 0.24516908050610564
49997823 0.5613154098296715 0.43495854552679647 0.24516908050610564
50003823 0.5540733379817916 0.43495854552679647 0.24516908050610564
50009823 0.5405017086545286 0.43495854552679647 0.24406581964382817
50015823 0.5426499587786577 0.43495854552679647 0.24406581964382817
50021823 0.5385801618825939 0.43495854552679647 0.24406581964382817
50027823 0.5170980548323687 0.43495854552679647 0.24296752345543096
50033823 0.547873249134104 0.43495854552679647 0.24296752345543096
50039823 0.5855783214718309 0.43495854552679647 0.24296752345543096
50045823 0.5219316917876071 0.43495854552679647 0.24187416959988153
50051823 0.4989890673888769 0.43495854552679647 0.24187416959988153
50057823 0.5348695081405136 0.43495854552679647 0.24078573583668209
50063823 0.5085482319796456 0.43495854552679647 0.24078573583668209
50069823 0.5150549190899798 0.43495854552679647 0.23970220002541703
50075823 0.5442074877826384 0.43495854552679647 0.23970220002541703
50081823 0.5793437002818171 0.43495854552679647 0.23970220002541703
50087823 0.555721262125821 0.43495854552679647 0.23862354012530268
50093823 0.5863798237187081 0.43495854552679647 0.23862354012530268
50099823 0.5508222353081358 0.43495854552679647 0.23862354012530268
50105823 0.5801199585678106 0.43495854552679647 0.23862354012530268
50111823 0.5881409782090887 0.43495854552679647 0.23754973419473882
50117823 0.5548019168910052 0.43495854552679647 0.23754973419473882
50123823 0.5554752613357256 0.43495854552679647 0.23754973419473882
50129823 0.5575582381634536 0.43495854552679647 0.23754973419473882
50135823 0.5761192097823546 0.43495854552679647 0.23648076039086252
50141823 0.57622069278203 0.43495854552679647 0.23648076039086252
50147823 0.5213534683564098 0.43495854552679647 0.23648076039086252
50153823 0.5367986899379384 0.43495854552679647 0.23648076039086252
50159823 0.5673379425598327 0.43495854552679647 0.23648076039086252
50165823 0.5502167297263743 0.43495854552679647 0.23541659696910366
50171823 0.5668498080931916 0.43495854552679647 0.23541659696910366
50177823 0.5386238517144167 0.43495854552679647 0.23541659696910366
50183823 0.5260329529394864 0.43495854552679647 0.23541659696910366
50189823 0.5415436506099292 0.43495854552679647 0.23435722228274272
50195823 0.553384962979808 0.43495854552679647 0.23435722228274272
50201823 0.5629281151168054 0.43495854552679647 0.23330261478247039
50207823 0.5681130283076921 0.43495854552679647 0.23330261478247039
50213823 0.5558105586410066 0.43495854552679647 0.23225275301594928
50219823 0.5492819013919074 0.43495854552679647 0.23225275301594928
50225823 0.550914843133674 0.43495854552679647 0.23120761562737752
50231823 0.5635098164113665 0.43495854552679647 0.23120761562737752
50237823 0.5690784151665675 0.43495854552679647 0.23016718135705433
50243823 0.5679544062471146 0.43495854552679647 0.23016718135705433
50249823 0.5739108106527244 0.43495854552679647 0.2291314290409476
50255823 0.5276515752139328 0.43495854552679647 0.2291314290409476
50261823 0.505803223861111 0.43495854552679647 0.2291314290409476
50267823 0.5750850337987892 0.43495854552679647 0.2291314290409476
50273823 0.5337672160526287 0.43495854552679647 0.22810033761026335
50279823 0.5417567977118263 0.43495854552679647 0.22810033761026335
50285823 0.5522388011241649 0.43495854552679647 0.22810033761026335
50291823 0.559872897770374 0.43495854552679647 0.22810033761026335
50297823 0.5401527457727873 0.43495854552679647 0.22707388609101717
50303823 0.5802263997720688 0.43495854552679647 0.22707388609101717
50309823 0.5492640245840353 0.43495854552679647 0.22707388609101717
50315823 0.5163225116211191 0.43495854552679647 0.2260520536036076
50321823 0.5331432299648167 0.43495854552679647 0.2260520536036076
50327823 0.521939337642457 0.43495854552679647 0.2260520536036076
50333823 0.5191582087706266 0.43495854552679647 0.2260520536036076
50339823 0.5508291340371503 0.43495854552679647 0.2260520536036076
50345823 0.5503633900018671 0.43495854552679647 0.2250348193623914
50351823 0.5492576733242122 0.43495854552679647 0.2250348193623914
50357823 0.5259535173097716 0.43495854552679647 0.2250348193623914
50363823 0.5628825638709092 0.43495854552679647 0.22402216267526065
50369823 0.5527943317988252 0.43495854552679647 0.22402216267526065
50375823 0.5394085886385307 0.43495854552679647 0.22301406294322199
50381823 0.5681514957982592 0.43495854552679647 0.22301406294322199
50387823 0.5548664280046312 0.43495854552679647 0.2220104996599775
50393823 0.5305404916796053 0.43495854552679647 0.2220104996599775
50399823 0.5369505683159916 0.43495854552679647 0.2210114524115076
50405823 0.538672920214352 0.43495854552679647 0.2210114524115076
50411823 0.5348515851398867 0.43495854552679647 0.2210114524115076
50417823 0.5102998448771733 0.43495854552679647 0.22001690087565584
50423823 0.5546935651457962 0.43495854552679647 0.22001690087565584
50429823 0.5541004906276338 0.43495854552679647 0.22001690087565584
50435823 0.5413632576577871 0.43495854552679647 0.2190268248217154
50441823 0.5281942563317555 0.43495854552679647 0.2190268248217154
50447823 0.5475366494792204 0.43495854552679647 0.2190268248217154
50453823 0.5475282632044345 0.43495854552679647 0.21804120411001768
50459823 0.5774288596671394 0.43495854552679647 0.21804120411001768
50465823 0.5298945462615405 0.43495854552679647 0.21804120411001768
50471823 0.523541229279924 0.43495854552679647 0.21804120411001768
50477823 0.5666349525406386 0.43495854552679647 0.21804120411001768
50483823 0.5076144810253345 0.43495854552679647 0.2170600186915226
50489823 0.515329665789678 0.43495854552679647 0.2170600186915226
50495823 0.5338136550815767 0.43495854552679647 0.2170600186915226
50501823 0.5474526859808911 0.43495854552679647 0.2170600186915226
50507823 0.5268243836025842 0.43495854552679647 0.21608324860741077
50513823 0.5665696469655181 0.43495854552679647 0.21608324860741077
50519823 0.5062315487191394 0.43495854552679647 0.21511087398867743
50525823 0.5135012591387205 0.43495854552679647 0.21511087398867743
50531823 0.5213521802545984 0.43495854552679647 0.21511087398867743
50537823 0.5451400709650283 0.43495854552679647 0.21414287505572838
50543823 0.555399047744885 0.43495854552679647 0.21414287505572838
50549823 0.532259133125504 0.43495854552679647 0.2131792321179776
50555823 0.547175140928911 0.43495854552679647 0.2131792321179776
50561823 0.5666827381375686 0.43495854552679647 0.2122199255734467
50567823 0.5391097170201119 0.43495854552679647 0.2122199255734467
50573823 0.5285453684635821 0.43495854552679647 0.2122199255734467
50579823 0.5320629421425913 0.43495854552679647 0.2112649359083662
50585823 0.5474998247876472 0.43495854552679647 0.2112649359083662
50591823 0.5250410880080917 0.43495854552679647 0.21031424369677856
50597823 0.5142587654644107 0.43495854552679647 0.21031424369677856
50603823 0.5684067801415821 0.43495854552679647 0.21031424369677856
50609823 0.5313525540814399 0.43495854552679647 0.20936782960014308
50615823 0.5494961041904354 0.43495854552679647 0.20936782960014308
50621823 0.5626229412134933 0.43495854552679647 0.20936782960014308
50627823 0.5630617609030517 0.43495854552679647 0.20842567436694245
50633823 0.530545344981638 0.43495854552679647 0.20842567436694245
50639823 0.558875928465415 0.43495854552679647 0.20842567436694245
50645823 0.5700822889019656 0.43495854552679647 0.20748775883229123
50651823 0.545373603717312 0.43495854552679647 0.20748775883229123
50657823 0.5490446681561338 0.43495854552679647 0.20655406391754594
50663823 0.5480091282057837 0.43495854552679647 0.20655406391754594
50669823 0.5265368567043495 0.43495854552679647 0.20655406391754594
50675823 0.5400635854584382 0.43495854552679647 0.205624570629917
50681823 0.49782763473012626 0.43495854552679647 0.205624570629917
50687823 0.5483443481231426 0.43495854552679647 0.20469926006208236
50693823 0.5688843231797526 0.43495854552679647 0.20469926006208236
50699823 0.5168370102337576 0.43495854552679647 0.203778113391803
50705823 0.558148650257531 0.43495854552679647 0.203778113391803
50711823 0.5739724327516221 0.43495854552679647 0.20286111188153988
50717823 0.5666077775629282 0.43495854552679647 0.20286111188153988
50723823 0.5246266335100415 0.43495854552679647 0.20286111188153988
50729823 0.5190356333911114 0.43495854552679647 0.20286111188153988
50735823 0.5198587844113265 0.43495854552679647 0.20286111188153988
50741823 0.5512219932045294 0.43495854552679647 0.20194823687807295
50747823 0.5736638795680254 0.43495854552679647 0.20194823687807295
50753823 0.5741248004248602 0.43495854552679647 0.20103946981212165
50759823 0.5647390617488676 0.43495854552679647 0.20103946981212165
50765823 0.5234789194122433 0.43495854552679647 0.20103946981212165
50771823 0.5325108549855193 0.43495854552679647 0.20103946981212165
50777823 0.5298836261436983 0.43495854552679647 0.20103946981212165
50783823 0.5685932360299869 0.43495854552679647 0.20013479219796712
50789823 0.5418003783377169 0.43495854552679647 0.20013479219796712
50795823 0.5405445136465625 0.43495854552679647 0.20013479219796712
50801823 0.5417291697100318 0.43495854552679647 0.19923418563307627
50807823 0.5423305933179421 0.43495854552679647 0.19923418563307627
50813823 0.5570672014056739 0.43495854552679647 0.19923418563307627
50819823 0.5166959832805194 0.43495854552679647 0.19833763179772743
50825823 0.5324727861940639 0.43495854552679647 0.19833763179772743
50831823 0.537504092230841 0.43495854552679647 0.19833763179772743
50837823 0.5446908212784028 0.43495854552679647 0.19744511245463767
50843823 0.5645409651034217 0.43495854552679647 0.19744511245463767
50849823 0.552158875402921 0.43495854552679647 0.19744511245463767
50855823 0.5453428470759827 0.43495854552679647 0.1965566094485918
50861823 0.5291304988596618 0.43495854552679647 0.1965566094485918
50867823 0.517386906724975 0.43495854552679647 0.19567210470607313
50873823 0.5234863059210357 0.43495854552679647 0.19567210470607313
50879823 0.5178447417063246 0.43495854552679647 0.19567210470607313
50885823 0.5649430089956858 0.43495854552679647 0.19567210470607313
50891823 0.5160363615118346 0.43495854552679647 0.19479158023489582
50897823 0.5155669516443879 0.43495854552679647 0.19479158023489582
50903823 0.49909197056496923 0.43495854552679647 0.19479158023489582
50909823 0.48251433534645066 0.43495854552679647 0.19479158023489582
50915823 0.5034398711336846 0.43495854552679647 0.19479158023489582
50921823 0.5788285611721206 0.43495854552679647 0.19479158023489582
50927823 0.49378992798528004 0.43495854552679647 0.1939150181238388
50933823 0.5398145876113797 0.43495854552679647 0.1939150181238388
50939823 0.5109879879032442 0.43495854552679647 0.19304240054228153
50945823 0.5220208370351337 0.43495854552679647 0.19304240054228153
50951823 0.5367179043994295 0.43495854552679647 0.19217370973984127
50957823 0.5605316831120617 0.43495854552679647 0.19217370973984127
50963823 0.5139112669362611 0.43495854552679647 0.191308928046012
50969823 0.5565042922210836 0.43495854552679647 0.191308928046012
50975823 0.5358512637967959 0.43495854552679647 0.191308928046012
50981823 0.5496649239439769 0.43495854552679647 0.19044803786980494
50987823 0.5100711254828858 0.43495854552679647 0.19044803786980494
50993823 0.5091556845662887 0.43495854552679647 0.19044803786980494
50999823 0.5132093884154205 0.43495854552679647 0.19044803786980494
51005823 0.5330080623807331 0.43495854552679647 0.19044803786980494
51011823 0.560759397481974 0.43495854552679647 0.18959102169939082
51017823 0.5526075704488276 0.43495854552679647 0.18959102169939082
51023823 0.5428277791191054 0.43495854552679647 0.18873786210174356
51029823 0.5295123194486968 0.43495854552679647 0.18873786210174356
51035823 0.5610422450716612 0.43495854552679647 0.18873786210174356
51041823 0.5342409682084697 0.43495854552679647 0.18788854172228572
51047823 0.5411467366566125 0.43495854552679647 0.18788854172228572
51053823 0.526589594809888 0.43495854552679647 0.18704304328453544
51059823 0.5166401207988885 0.43495854552679647 0.18704304328453544
51065823 0.5223021406920012 0.43495854552679647 0.18620134958975504
51071823 0.5594725200926536 0.43495854552679647 0.18620134958975504
51077823 0.5366128443474769 0.43495854552679647 0.18536344351660114
51083823 0.5160745121559328 0.43495854552679647 0.18536344351660114
51089823 0.5681766933492101 0.43495854552679647 0.18536344351660114
51095823 0.5691700574700469 0.43495854552679647 0.18452930802077644
51101823 0.5768570883917812 0.43495854552679647 0.18452930802077644
51107823 0.5250926721304663 0.43495854552679647 0.18369892613468294
51113823 0.5271557536966817 0.43495854552679647 0.18369892613468294
51119823 0.5508367853244773 0.43495854552679647 0.18369892613468294
51125823 0.5736624696596666 0.43495854552679647 0.1828722809670769
51131823 0.5266721521153738 0.43495854552679647 0.1828722809670769
51137823 0.5217412256942062 0.43495854552679647 0.18204935570272504
51143823 0.5478511663397678 0.43495854552679647 0.18204935570272504
51149823 0.5470023448956164 0.43495854552679647 0.18123013360206278
51155823 0.54181027648125 0.43495854552679647 0.18123013360206278
51161823 0.5348541731968723 0.43495854552679647 0.18123013360206278
51167823 0.5431183625184997 0.43495854552679647 0.1804145980008535
51173823 0.5492395050367249 0.43495854552679647 0.1804145980008535
51179823 0.5446271594784811 0.43495854552679647 0.17960273230984966
51185823 0.48609776307442976 0.43495854552679647 0.17960273230984966
51191823 0.5525157368500905 0.43495854552679647 0.17960273230984966
51197823 0.5450596330210435 0.43495854552679647 0.17879452001445534
51203823 0.5423732738674589 0.43495854552679647 0.17879452001445534
51209823 0.5311511273925235 0.43495854552679647 0.17879452001445534
51215823 0.522125704612309 0.43495854552679647 0.1779899446743903
51221823 0.5651984198963135 0.43495854552679647 0.1779899446743903
51227823 0.5816993267918316 0.43495854552679647 0.17718898992335555
51233823 0.5333372603573563 0.43495854552679647 0.17718898992335555
51239823 0.541307432365819 0.43495854552679647 0.17718898992335555
51245823 0.5688182388991849 0.43495854552679647 0.17639163946870046
51251823 0.5508013740332277 0.43495854552679647 0.17639163946870046
51257823 0.5315274225310777 0.43495854552679647 0.17559787709109131
51263823 0.5544481341071062 0.43495854552679647 0.17559787709109131
51269823 0.5524287977260165 0.43495854552679647 0.17559787709109131
51275823 0.53436397384119 0.43495854552679647 0.17480768664418142
51281823 0.5516807649390867 0.43495854552679647 0.17480768664418142
51287823 0.5530307130833371 0.43495854552679647 0.17480768664418142
51293823 0.5492030450509938 0.43495854552679647 0.17402105205428262
51299823 0.548040913821317 0.43495854552679647 0.17402105205428262
51305823 0.5730577218277573 0.43495854552679647 0.17402105205428262
51311823 0.5654632205222555 0.43495854552679647 0.17323795732003835
51317823 0.5541405150623856 0.43495854552679647 0.17323795732003835
51323823 0.5537343853648041 0.43495854552679647 0.1724583865120982
51329823 0.528622949103918 0.43495854552679647 0.1724583865120982
51335823 0.5081952820398942 0.43495854552679647 0.17168232377279374
51341823 0.5216811076524318 0.43495854552679647 0.17168232377279374
51347823 0.5515881234619282 0.43495854552679647 0.17168232377279374
51353823 0.5320982532938723 0.43495854552679647 0.17090975331581618
51359823 0.518288218506563 0.43495854552679647 0.17090975331581618
51365823 0.5256772300856967 0.43495854552679647 0.17090975331581618
51371823 0.5688153811660351 0.43495854552679647 0.170140659425895
51377823 0.5430349909079245 0.43495854552679647 0.170140659425895
51383823 0.5275672980266475 0.43495854552679647 0.1693750264584785
51389823 0.5337405224387503 0.43495854552679647 0.1693750264584785
51395823 0.5383770089452132 0.43495854552679647 0.1693750264584785
51401823 0.5156832676554173 0.43495854552679647 0.16861283883941536
51407823 0.550279522470558 0.43495854552679647 0.16861283883941536
51413823 0.5459985272453555 0.43495854552679647 0.167854081064638
51419823 0.5464041210833775 0.43495854552679647 0.167854081064638
51425823 0.5500089082914695 0.43495854552679647 0.16709873769984715
51431823 0.5442933779577235 0.43495854552679647 0.16709873769984715
51437823 0.5514966647078795 0.43495854552679647 0.16709873769984715
51443823 0.5569881033035095 0.43495854552679647 0.16634679338019784
51449823 0.5181387913085892 0.43495854552679647 0.16634679338019784
51455823 0.5171482919897872 0.43495854552679647 0.16559823280998695
51461823 0.5152213801367024 0.43495854552679647 0.16559823280998695
51467823 0.5287286339557494 0.43495854552679647 0.16559823280998695
51473823 0.5245087467533 0.43495854552679647 0.16559823280998695
51479823 0.532118360771265 0.43495854552679647 0.16559823280998695
51485823 0.5489398858749763 0.43495854552679647 0.16485304076234203
51491823 0.5174347792952076 0.43495854552679647 0.16485304076234203
51497823 0.5322165570737688 0.43495854552679647 0.16485304076234203
51503823 0.5473065936326927 0.43495854552679647 0.16485304076234203
51509823 0.5640695064805059 0.43495854552679647 0.16485304076234203
51515823 0.5467464248762973 0.43495854552679647 0.1641112020789115
51521823 0.5222346550263227 0.43495854552679647 0.1641112020789115
51527823 0.5491384675909852 0.43495854552679647 0.16337270166955642
51533823 0.5430863752137767 0.43495854552679647 0.16337270166955642
51539823 0.526984026991782 0.43495854552679647 0.1626375245120434
51545823 0.5402722580273633 0.43495854552679647 0.1626375245120434
51551823 0.5576078161062665 0.43495854552679647 0.1626375245120434
51557823 0.5725305460763255 0.43495854552679647 0.16190565565173923
51563823 0.5303064087700198 0.43495854552679647 0.16190565565173923
51569823 0.544447493862077 0.43495854552679647 0.16117708020130642
51575823 0.5621275336599756 0.43495854552679647 0.16117708020130642
51581823 0.5221278840335372 0.43495854552679647 0.16045178334040056
51587823 0.5263189445316663 0.43495854552679647 0.16045178334040056
51593823 0.5512376266811384 0.43495854552679647 0.16045178334040056
51599823 0.551283003123277 0.43495854552679647 0.15972975031536876
51605823 0.5587486764398535 0.43495854552679647 0.15972975031536876
51611823 0.5691634311789863 0.43495854552679647 0.15972975031536876
51617823 0.5622481857884368 0.43495854552679647 0.1590109664389496
51623823 0.5721881158468773 0.43495854552679647 0.1590109664389496
51629823 0.5380026248668082 0.43495854552679647 0.1590109664389496
51635823 0.5470826746414831 0.43495854552679647 0.15829541708997433
51641823 0.5263604753415391 0.43495854552679647 0.15829541708997433
51647823 0.5545025553905683 0.43495854552679647 0.15829541708997433
51653823 0.5392762171212601 0.43495854552679647 0.15758308771306945
51659823 0.5769949389949158 0.43495854552679647 0.15758308771306945
51665823 0.5831176097302798 0.43495854552679647 0.15687396381836063
51671823 0.5488852981562554 0.43495854552679647 0.15687396381836063
51677823 0.5489718626294215 0.43495854552679647 0.15687396381836063
51683823 0.5645929651637567 0.43495854552679647 0.15687396381836063
51689823 0.5441740546952011 0.43495854552679647 0.15687396381836063
51695823 0.5488502732675025 0.43495854552679647 0.15687396381836063
51701823 0.5594050327530768 0.43495854552679647 0.156168030981178
51707823 0.5409838229075243 0.43495854552679647 0.156168030981178
51713823 0.5233490952509788 0.43495854552679647 0.156168030981178
51719823 0.5606966240338218 0.43495854552679647 0.156168030981178
51725823 0.5594450280256328 0.43495854552679647 0.156168030981178
51731823 0.5647669467469238 0.43495854552679647 0.15546527484176273
51737823 0.5542041656583546 0.43495854552679647 0.15546527484176273
51743823 0.5744450692936811 0.43495854552679647 0.1547656811049748
51749823 0.5784717801519891 0.43495854552679647 0.1547656811049748
51755823 0.5462671058887423 0.43495854552679647 0.1547656811049748
51761823 0.5267650736528382 0.43495854552679647 0.1540692355400024
51767823 0.559857167827274 0.43495854552679647 0.1540692355400024
51773823 0.5562106893467031 0.43495854552679647 0.1533759239800724
51779823 0.5335037101621335 0.43495854552679647 0.1533759239800724
51785823 0.5430326801427915 0.43495854552679647 0.1533759239800724
51791823 0.5423326842953494 0.43495854552679647 0.1526857323221621
51797823 0.5502464093161871 0.43495854552679647 0.1526857323221621
51803823 0.5294880568036813 0.43495854552679647 0.1526857323221621
51809823 0.5595011746196153 0.43495854552679647 0.15199864652671238
51815823 0.5566250993781838 0.43495854552679647 0.15199864652671238
51821823 0.563836368564111 0.43495854552679647 0.1513146526173422
51827823 0.5221864983233168 0.43495854552679647 0.1513146526173422
51833823 0.5448267823480665 0.43495854552679647 0.1513146526173422
51839823 0.5295174175116839 0.43495854552679647 0.1513146526173422
51845823 0.5545316849876035 0.43495854552679647 0.15063373668056418
51851823 0.565725576126068 0.43495854552679647 0.15063373668056418
51857823 0.5499464319043318 0.43495854552679647 0.15063373668056418
51863823 0.5259993949148162 0.43495854552679647 0.14995588486550165
51869823 0.5668806830566828 0.43495854552679647 0.14995588486550165
51875823 0.5227732010588249 0.43495854552679647 0.14995588486550165
51881823 0.524909658066678 0.43495854552679647 0.1492810833836069
51887823 0.5570325782801987 0.43495854552679647 0.1492810833836069
51893823 0.5477883464596477 0.43495854552679647 0.1492810833836069
51899823 0.53060443563267 0.43495854552679647 0.1486093185083807
51905823 0.536352859443284 0.43495854552679647 0.1486093185083807
51911823 0.5563374030828168 0.43495854552679647 0.147940576575093
51917823 0.5438692007529479 0.43495854552679647 0.147940576575093
51923823 0.555538913088698 0.43495854552679647 0.14727484398050508
51929823 0.515199034873701 0.43495854552679647 0.14727484398050508
51935823 0.5321291499019326 0.43495854552679647 0.14727484398050508
51941823 0.5462783937701511 0.43495854552679647 0.14727484398050508
51947823 0.5753940677458551 0.43495854552679647 0.14661210718259282
51953823 0.5283679247899189 0.43495854552679647 0.14661210718259282
51959823 0.5405840587362138 0.43495854552679647 0.14595235270027115
51965823 0.5316163754440504 0.43495854552679647 0.14595235270027115
51971823 0.5425787636661141 0.43495854552679647 0.14529556711311994
51977823 0.5753841050343336 0.43495854552679647 0.14529556711311994
51983823 0.5427399892862027 0.43495854552679647 0.14464173706111091
51989823 0.543784426498384 0.43495854552679647 0.14464173706111091
51995823 0.5079786629599858 0.43495854552679647 0.14399084924433592
52001823 0.5527458561766955 0.43495854552679647 0.14399084924433592
52007823 0.5199473406856581 0.43495854552679647 0.14399084924433592
52013823 0.5585862118343256 0.43495854552679647 0.1433428904227364
52019823 0.5275192530489307 0.43495854552679647 0.1433428904227364
52025823 0.5349887098755912 0.43495854552679647 0.1433428904227364
52031823 0.5640120548461491 0.43495854552679647 0.1426978474158341
52037823 0.5709306699876396 0.43495854552679647 0.1426978474158341
52043823 0.5548245253139551 0.43495854552679647 0.14205570710246285
52049823 0.564871666398804 0.43495854552679647 0.14205570710246285
52055823 0.5414937862042394 0.43495854552679647 0.14205570710246285
52061823 0.557427302343592 0.43495854552679647 0.14141645642050177
52067823 0.5907185256174938 0.43495854552679647 0.14141645642050177
52073823 0.5497045585046925 0.43495854552679647 0.14078008236660952
52079823 0.5182399894100712 0.43495854552679647 0.14078008236660952
52085823 0.553472259641122 0.43495854552679647 0.14078008236660952
52091823 0.5261546358120748 0.43495854552679647 0.14078008236660952
52097823 0.561030191889088 0.43495854552679647 0.14014657199595978
52103823 0.5480293013576799 0.43495854552679647 0.14014657199595978
52109823 0.5262704341150393 0.43495854552679647 0.13951591242197797
52115823 0.5531967864293497 0.43495854552679647 0.13951591242197797
52121823 0.5000995436951535 0.43495854552679647 0.13951591242197797
52127823 0.5183553685953042 0.43495854552679647 0.13951591242197797
52133823 0.5393335646653016 0.43495854552679647 0.13951591242197797
52139823 0.5654695946228617 0.43495854552679647 0.13951591242197797
52145823 0.5389236807369178 0.43495854552679647 0.13888809081607909
52151823 0.5455938555222622 0.43495854552679647 0.13888809081607909
52157823 0.5292713990088362 0.43495854552679647 0.13826309440740672
52163823 0.4987691230504066 0.43495854552679647 0.13826309440740672
52169823 0.5247348156085995 0.43495854552679647 0.13826309440740672
52175823 0.5765073031368076 0.43495854552679647 0.1376409104825734
52181823 0.5311243504609485 0.43495854552679647 0.1376409104825734
52187823 0.5320332796398735 0.43495854552679647 0.13702152638540183
52193823 0.5497175272291327 0.43495854552679647 0.13702152638540183
52199823 0.5153249463097452 0.43495854552679647 0.13640492951666752
52205823 0.5313694577207496 0.43495854552679647 0.13640492951666752
52211823 0.542267847078668 0.43495854552679647 0.13579110733384253
52217823 0.5519720936380001 0.43495854552679647 0.13579110733384253
52223823 0.5203078056123086 0.43495854552679647 0.13579110733384253
52229823 0.5399026112231804 0.43495854552679647 0.13518004735084024
52235823 0.5553220935256145 0.43495854552679647 0.13518004735084024
52241823 0.5182186179607272 0.43495854552679647 0.13457173713776147
52247823 0.5240291821313677 0.43495854552679647 0.13457173713776147
52253823 0.5574803247511516 0.43495854552679647 0.13396616432064154
52259823 0.5619521022279086 0.43495854552679647 0.13396616432064154
52265823 0.5453304500643192 0.43495854552679647 0.13396616432064154
52271823 0.5545021936661672 0.43495854552679647 0.13336331658119865
52277823 0.5150847475944899 0.43495854552679647 0.13336331658119865
52283823 0.5288235737647394 0.43495854552679647 0.13336331658119865
52289823 0.5113539890451814 0.43495854552679647 0.13336331658119865
52295823 0.5605987079154588 0.43495854552679647 0.13276318165658327
52301823 0.5150648288089393 0.43495854552679647 0.13276318165658327
52307823 0.5238961676747346 0.43495854552679647 0.13276318165658327
52313823 0.5369589934776277 0.43495854552679647 0.13216574733912864
52319823 0.5597391127326518 0.43495854552679647 0.13216574733912864
52325823 0.5528173524275715 0.43495854552679647 0.13157100147610257
52331823 0.5437475968189358 0.43495854552679647 0.13157100147610257
52337823 0.5048061810273418 0.43495854552679647 0.13097893196946012
52343823 0.5429096841617638 0.43495854552679647 0.13097893196946012
52349823 0.5451997438350055 0.43495854552679647 0.13097893196946012
52355823 0.5657158490208222 0.43495854552679647 0.13097893196946012
52361823 0.5690775206382219 0.43495854552679647 0.13038952677559756
52367823 0.5233706589562608 0.43495854552679647 0.13038952677559756
52373823 0.5070658509310633 0.43495854552679647 0.13038952677559756
52379823 0.5332046619512422 0.43495854552679647 0.13038952677559756
52385823 0.5267208624243023 0.43495854552679647 0.1298027739051074
52391823 0.5550823132233726 0.43495854552679647 0.1298027739051074
52397823 0.527379493587138 0.43495854552679647 0.1298027739051074
52403823 0.5231736305444395 0.43495854552679647 0.1292186614225344
52409823 0.5006117865167752 0.43495854552679647 0.1292186614225344
52415823 0.513278700461121 0.43495854552679647 0.1292186614225344
52421823 0.4939427572792094 0.43495854552679647 0.128637177446133
52427823 0.5246919274883729 0.43495854552679647 0.128637177446133
52433823 0.5372473836993759 0.43495854552679647 0.12805831014762542
52439823 0.5573402154663881 0.43495854552679647 0.12805831014762542
52445823 0.5270345718911758 0.43495854552679647 0.12805831014762542
52451823 0.5549255035192648 0.43495854552679647 0.12805831014762542
52457823 0.5670488100344124 0.43495854552679647 0.12748204775196112
52463823 0.5572432575154769 0.43495854552679647 0.12748204775196112
52469823 0.5417173096935035 0.43495854552679647 0.1269083785370773
52475823 0.5763101803778831 0.43495854552679647 0.1269083785370773
52481823 0.551475962536383 0.43495854552679647 0.12633729083366044
52487823 0.534903246156109 0.43495854552679647 0.12633729083366044
52493823 0.5358630704503702 0.43495854552679647 0.12576877302490896
52499823 0.534515530056798 0.43495854552679647 0.12576877302490896
52505823 0.5613342730728422 0.43495854552679647 0.1252028135462969
52511823 0.5783029898497746 0.43495854552679647 0.1252028135462969
52517823 0.5396202667549526 0.43495854552679647 0.12463940088533856
52523823 0.5487009613951292 0.43495854552679647 0.12463940088533856
52529823 0.5524463751183988 0.43495854552679647 0.12463940088533856
52535823 0.5245061650607369 0.43495854552679647 0.12407852358135454
52541823 0.5391517714987014 0.43495854552679647 0.12407852358135454
52547823 0.5035684184067815 0.43495854552679647 0.12407852358135454
52553823 0.5503328050948952 0.43495854552679647 0.12407852358135454
52559823 0.5618928584478761 0.43495854552679647 0.12352017022523845
52565823 0.5526966331699369 0.43495854552679647 0.12352017022523845
52571823 0.5588204707192368 0.43495854552679647 0.12352017022523845
52577823 0.5055133354928698 0.43495854552679647 0.12296432945922489
52583823 0.5244479414703506 0.43495854552679647 0.12296432945922489
52589823 0.5170463816955435 0.43495854552679647 0.12296432945922489
52595823 0.5194340955032442 0.43495854552679647 0.12241098997665839
52601823 0.5471759324611436 0.43495854552679647 0.12241098997665839
52607823 0.5585867843458864 0.43495854552679647 0.12241098997665839
52613823 0.5224002303728505 0.43495854552679647 0.12186014052176343
52619823 0.5439628402583339 0.43495854552679647 0.12186014052176343
52625823 0.5413695134233499 0.43495854552679647 0.12186014052176343
52631823 0.5288430785681709 0.43495854552679647 0.1213117698894155
52637823 0.5264014206878485 0.43495854552679647 0.1213117698894155
52643823 0.5107031819711157 0.43495854552679647 0.12076586692491313
52649823 0.5365977634467877 0.43495854552679647 0.12076586692491313
52655823 0.5375798173436144 0.43495854552679647 0.12076586692491313
52661823 0.49615349175006906 0.43495854552679647 0.12022242052375103
52667823 0.5529927966008383 0.43495854552679647 0.12022242052375103
52673823 0.5455439102675242 0.43495854552679647 0.12022242052375103
52679823 0.5421843062024958 0.43495854552679647 0.11968141963139416
52685823 0.5562139504774801 0.43495854552679647 0.11968141963139416
52691823 0.5504332378700032 0.43495854552679647 0.11968141963139416
52697823 0.5179800995642717 0.43495854552679647 0.11914285324305289
52703823 0.5362805680765157 0.43495854552679647 0.11914285324305289
52709823 0.5374536149072722 0.43495854552679647 0.11914285324305289
52715823 0.5176840221436347 0.43495854552679647 0.11860671040345916
52721823 0.5442381830659696 0.43495854552679647 0.11860671040345916
52727823 0.5183231499039385 0.43495854552679647 0.11860671040345916
52733823 0.51061543103388 0.43495854552679647 0.11860671040345916
52739823 0.5161945202466559 0.43495854552679647 0.1180729802066436
52745823 0.5547472820167052 0.43495854552679647 0.1180729802066436
52751823 0.5230983346025371 0.43495854552679647 0.11754165179571371
52757823 0.503795119476743 0.43495854552679647 0.11754165179571371
52763823 0.5426115471254608 0.43495854552679647 0.11701271436263301
52769823 0.5221933066960636 0.43495854552679647 0.11701271436263301
52775823 0.5337471016263111 0.43495854552679647 0.11701271436263301
52781823 0.5450410275718208 0.43495854552679647 0.11648615714800117
52787823 0.5150487697119328 0.43495854552679647 0.11648615714800117
52793823 0.5247009453828615 0.43495854552679647 0.11648615714800117
52799823 0.5365311438366202 0.43495854552679647 0.11648615714800117
52805823 0.5398950780588283 0.43495854552679647 0.11596196944083517
52811823 0.50406477471837 0.43495854552679647 0.11596196944083517
52817823 0.5488953432730753 0.43495854552679647 0.11596196944083517
52823823 0.5469299976069315 0.43495854552679647 0.11596196944083517
52829823 0.5566064389321256 0.43495854552679647 0.11544014057835142
52835823 0.5280173678640863 0.43495854552679647 0.11544014057835142
52841823 0.5229851098857399 0.43495854552679647 0.11544014057835142
52847823 0.5333181090731846 0.43495854552679647 0.11492065994574885
52853823 0.5268004881193331 0.43495854552679647 0.11492065994574885
52859823 0.5827777314955731 0.43495854552679647 0.11440351697599299
52865823 0.5507379808235148 0.43495854552679647 0.11440351697599299
52871823 0.5341892096917173 0.43495854552679647 0.11388870114960103
52877823 0.5287454271759645 0.43495854552679647 0.11388870114960103
52883823 0.502507087589913 0.43495854552679647 0.11388870114960103
52889823 0.5733818398552111 0.43495854552679647 0.11337620199442784
52895823 0.5553561865693434 0.43495854552679647 0.11337620199442784
52901823 0.5396897706909041 0.43495854552679647 0.11286600908545293
52907823 0.5545892714941573 0.43495854552679647 0.11286600908545293
52913823 0.5522000004233337 0.43495854552679647 0.11235811204456839
52919823 0.5786320514275244 0.43495854552679647 0.11235811204456839
52925823 0.558973770837804 0.43495854552679647 0.11235811204456839
52931823 0.5548029704383902 0.43495854552679647 0.11185250054036784
52937823 0.5514560096481682 0.43495854552679647 0.11185250054036784
52943823 0.5342516009654749 0.43495854552679647 0.11185250054036784
52949823 0.5272356177298653 0.43495854552679647 0.11134916428793619
52955823 0.5239443635645684 0.43495854552679647 0.11134916428793619
52961823 0.5746255289144611 0.43495854552679647 0.11134916428793619
52967823 0.5759832014147224 0.43495854552679647 0.11084809304864048
52973823 0.5671465794598926 0.43495854552679647 0.11084809304864048
52979823 0.5408467941747065 0.43495854552679647 0.11084809304864048
52985823 0.5716257835441205 0.43495854552679647 0.11084809304864048
52991823 0.5417624607371765 0.43495854552679647 0.1103492766299216
52997823 0.5083189495480362 0.43495854552679647 0.1103492766299216
53003823 0.5423014046458111 0.43495854552679647 0.1103492766299216
53009823 0.531424559060483 0.43495854552679647 0.10985270488508696
53015823 0.5383009863193926 0.43495854552679647 0.10985270488508696
53021823 0.5455763098638312 0.43495854552679647 0.10935836771310407
53027823 0.5355057772847321 0.43495854552679647 0.10935836771310407
53033823 0.539944558572408 0.43495854552679647 0.10935836771310407
53039823 0.567327446449423 0.43495854552679647 0.10886625505839512
53045823 0.5303061389399424 0.43495854552679647 0.10886625505839512
53051823 0.5511956001686926 0.43495854552679647 0.10886625505839512
53057823 0.5365990159772648 0.43495854552679647 0.10837635691063234
53063823 0.5345581544268584 0.43495854552679647 0.10837635691063234
53069823 0.5720222418988874 0.43495854552679647 0.1078886633045345
53075823 0.5565122939907602 0.43495854552679647 0.1078886633045345
53081823 0.557539864809352 0.43495854552679647 0.1078886633045345
53087823 0.5307083168445103 0.43495854552679647 0.10740316431966411
53093823 0.4950799016283787 0.43495854552679647 0.10740316431966411
53099823 0.5509566792782042 0.43495854552679647 0.10740316431966411
53105823 0.5844483333490325 0.43495854552679647 0.10691985008022563
53111823 0.5642517524484604 0.43495854552679647 0.10691985008022563
53117823 0.5282938851086904 0.43495854552679647 0.10691985008022563
53123823 0.5280882414411618 0.43495854552679647 0.10643871075486462
53129823 0.54362379554787 0.43495854552679647 0.10643871075486462
53135823 0.5239698050716372 0.43495854552679647 0.10643871075486462
53141823 0.5185953613561576 0.43495854552679647 0.10595973655646773
53147823 0.5294868170195387 0.43495854552679647 0.10595973655646773
53153823 0.5548124764884153 0.43495854552679647 0.10548291774196364
53159823 0.5511882323581241 0.43495854552679647 0.10548291774196364
53165823 0.5235681442874324 0.43495854552679647 0.10500824461212481
53171823 0.5412910671930642 0.43495854552679647 0.10500824461212481
53177823 0.5290440695910497 0.43495854552679647 0.10500824461212481
53183823 0.5450441610766497 0.43495854552679647 0.10453570751137026
53189823 0.5139874638348618 0.43495854552679647 0.10453570751137026
53195823 0.5327999268478828 0.43495854552679647 0.1040652968275691
53201823 0.4872984612102071 0.43495854552679647 0.1040652968275691
53207823 0.5297334190884362 0.43495854552679647 0.10359700299184504
53213823 0.5283774124451622 0.43495854552679647 0.10359700299184504
53219823 0.514349934514752 0.43495854552679647 0.10359700299184504
53225823 0.5355554496401657 0.43495854552679647 0.10313081647838175
53231823 0.5440828841017086 0.43495854552679647 0.10313081647838175
53237823 0.5563218095324325 0.43495854552679647 0.10266672780422904
53243823 0.5357556471423252 0.43495854552679647 0.10266672780422904
53249823 0.5320317746946993 0.43495854552679647 0.10220472752911001
53255823 0.5632334263633709 0.43495854552679647 0.10220472752911001
53261823 0.5355933724129693 0.43495854552679647 0.10174480625522903
53267823 0.5275548924869269 0.43495854552679647 0.10174480625522903
53273823 0.5477850477719146 0.43495854552679647 0.10174480625522903
53279823 0.5776853101690741 0.43495854552679647 0.10174480625522903
53285823 0.5796494171332636 0.43495854552679647 0.1012869546270805
53291823 0.5637924061428715 0.43495854552679647 0.1012869546270805
53297823 0.5655388207058172 0.43495854552679647 0.10083116333125865
53303823 0.55454337808193 0.43495854552679647 0.10083116333125865
53309823 0.5468049273734764 0.43495854552679647 0.10037742309626799
53315823 0.5700611751740875 0.43495854552679647 0.10037742309626799
53321823 0.5445121523444545 0.43495854552679647 0.09992572469233478
53327823 0.5177724733009081 0.43495854552679647 0.09992572469233478
53333823 0.5641995729949946 0.43495854552679647 0.09992572469233478
53339823 0.5444764832479211 0.43495854552679647 0.09947605893121927
53345823 0.543893655416919 0.43495854552679647 0.09947605893121927
53351823 0.5691396536441422 0.43495854552679647 0.09947605893121927
53357823 0.5370170369447773 0.43495854552679647 0.09947605893121927
53363823 0.5404719436526402 0.43495854552679647 0.0990284166660288
53369823 0.5239355091377171 0.43495854552679647 0.0990284166660288
53375823 0.5457503151293206 0.43495854552679647 0.09858278879103168
53381823 0.5312217690982087 0.43495854552679647 0.09858278879103168
53387823 0.5581855425991354 0.43495854552679647 0.09858278879103168
53393823 0.49775172623868447 0.43495854552679647 0.09858278879103168
53399823 0.5557463778560913 0.43495854552679647 0.09858278879103168
53405823 0.5167646366065802 0.43495854552679647 0.09858278879103168
53411823 0.552662038626693 0.43495854552679647 0.09813916624147204
53417823 0.5483599664536979 0.43495854552679647 0.09813916624147204
53423823 0.5416219591295287 0.43495854552679647 0.09769753999338542
53429823 0.5296296328250827 0.43495854552679647 0.09769753999338542
53435823 0.5409317670442763 0.43495854552679647 0.09769753999338542
53441823 0.5773703739580711 0.43495854552679647 0.09769753999338542
53447823 0.5741045038835567 0.43495854552679647 0.09725790106341518
53453823 0.5212954439228575 0.43495854552679647 0.09725790106341518
53459823 0.5366274102730548 0.43495854552679647 0.09725790106341518
53465823 0.5566283032168494 0.43495854552679647 0.09725790106341518
53471823 0.5268181423841715 0.43495854552679647 0.09725790106341518
53477823 0.5432131037076765 0.43495854552679647 0.09682024050862982
53483823 0.5343010058409776 0.43495854552679647 0.09682024050862982
53489823 0.5283965317117706 0.43495854552679647 0.09638454942634099
53495823 0.5499383655544655 0.43495854552679647 0.09638454942634099
53501823 0.5105694163383498 0.43495854552679647 0.09595081895392246
53507823 0.5254794600062006 0.43495854552679647 0.09595081895392246
53513823 0.5129175747771563 0.43495854552679647 0.09551904026862981
53519823 0.521164728223305 0.43495854552679647 0.09551904026862981
53525823 0.5157281723410789 0.43495854552679647 0.09508920458742098
53531823 0.5374834512806645 0.43495854552679647 0.09508920458742098
53537823 0.5338334094425496 0.43495854552679647 0.09508920458742098
53543823 0.5371111954338359 0.43495854552679647 0.0946613031667776
53549823 0.5767990075443937 0.43495854552679647 0.0946613031667776
53555823 0.513462621966206 0.43495854552679647 0.0942353273025271
53561823 0.5618461160257014 0.43495854552679647 0.0942353273025271
53567823 0.5764440101442507 0.43495854552679647 0.0942353273025271
53573823 0.5382650436485423 0.43495854552679647 0.09381126832966573
53579823 0.5587613593703065 0.43495854552679647 0.09381126832966573
53585823 0.5289086866095158 0.43495854552679647 0.09381126832966573
53591823 0.5521532499669217 0.43495854552679647 0.09381126832966573
53597823 0.5502273810232333 0.43495854552679647 0.09338911762218224
53603823 0.545104273812788 0.43495854552679647 0.09338911762218224
53609823 0.5338841618718584 0.43495854552679647 0.09338911762218224
53615823 0.5445512180245764 0.43495854552679647 0.09296886659288243
53621823 0.5503788571994382 0.43495854552679647 0.09296886659288243
53627823 0.5211971482180251 0.43495854552679647 0.09255050669321446
53633823 0.5304728623305078 0.43495854552679647 0.09255050669321446
53639823 0.5234312236778592 0.43495854552679647 0.09255050669321446
53645823 0.5367875189632825 0.43495854552679647 0.09213402941309501
53651823 0.5325126826761284 0.43495854552679647 0.09213402941309501
53657823 0.5358599875884233 0.43495854552679647 0.09213402941309501
53663823 0.5166873008074558 0.43495854552679647 0.09171942628073608
53669823 0.5413699943851373 0.43495854552679647 0.09171942628073608
53675823 0.5480841481323447 0.43495854552679647 0.09171942628073608
53681823 0.5767104677810003 0.43495854552679647 0.09130668886247277
53687823 0.5432764963729892 0.43495854552679647 0.09130668886247277
53693823 0.5170144851627899 0.43495854552679647 0.09089580876259165
53699823 0.5127241020347876 0.43495854552679647 0.09089580876259165
53705823 0.5445761966825281 0.43495854552679647 0.09089580876259165
53711823 0.577516455736722 0.43495854552679647 0.09048677762316
53717823 0.5144976145548064 0.43495854552679647 0.09048677762316
53723823 0.5159796245636646 0.43495854552679647 0.09048677762316
53729823 0.5665626846912283 0.43495854552679647 0.09048677762316
53735823 0.5249080652411843 0.43495854552679647 0.09007958712385579
53741823 0.5594513133617516 0.43495854552679647 0.09007958712385579
53747823 0.5593320765186037 0.43495854552679647 0.09007958712385579
53753823 0.5461055060525319 0.43495854552679647 0.08967422898179844
53759823 0.5441202456608955 0.43495854552679647 0.08967422898179844
53765823 0.5538768346714966 0.43495854552679647 0.08927069495138036
53771823 0.5443632082666764 0.43495854552679647 0.08927069495138036
53777823 0.530088307314098 0.43495854552679647 0.08927069495138036
53783823 0.5065494239662262 0.43495854552679647 0.08886897682409915
53789823 0.5544296025521809 0.43495854552679647 0.08886897682409915
53795823 0.5498020522537528 0.43495854552679647 0.08846906642839071
53801823 0.5551172096887886 0.43495854552679647 0.08846906642839071
53807823 0.5201323778352758 0.43495854552679647 0.08807095562946296
53813823 0.500163465993932 0.43495854552679647 0.08807095562946296
53819823 0.513470315266267 0.43495854552679647 0.08807095562946296
53825823 0.509496670997171 0.43495854552679647 0.08807095562946296
53831823 0.5376469603106743 0.43495854552679647 0.08767463632913038
53837823 0.5137485253652938 0.43495854552679647 0.08767463632913038
53843823 0.5298890777114316 0.43495854552679647 0.0872801004656493
53849823 0.5611505073659475 0.43495854552679647 0.0872801004656493
53855823 0.5269204106012846 0.43495854552679647 0.08688734001355387
53861823 0.5415448625634208 0.43495854552679647 0.08688734001355387
53867823 0.5289868256259632 0.43495854552679647 0.08688734001355387
53873823 0.5483181946650509 0.43495854552679647 0.08688734001355387
53879823 0.5367663586639709 0.43495854552679647 0.08688734001355387
53885823 0.5259835889178717 0.43495854552679647 0.08649634698349289
53891823 0.5290964992039496 0.43495854552679647 0.08649634698349289
53897823 0.5815961342787367 0.43495854552679647 0.08610711342206717
53903823 0.5090717652951119 0.43495854552679647 0.08610711342206717
53909823 0.5507805055334034 0.43495854552679647 0.08610711342206717
53915823 0.5214537473362155 0.43495854552679647 0.08610711342206717
53921823 0.5064148346327086 0.43495854552679647 0.08571963141166787
53927823 0.549006607235406 0.43495854552679647 0.08571963141166787
53933823 0.554702026210067 0.43495854552679647 0.08533389307031537
53939823 0.5443118883499372 0.43495854552679647 0.08533389307031537
53945823 0.5454920707060136 0.43495854552679647 0.08494989055149896
53951823 0.549203185009023 0.43495854552679647 0.08494989055149896
53957823 0.5228492290516135 0.43495854552679647 0.08494989055149896
53963823 0.5335517057129618 0.43495854552679647 0.08494989055149896
53969823 0.5440224930724381 0.43495854552679647 0.08494989055149896
53975823 0.5713847759574733 0.43495854552679647 0.08456761604401722
53981823 0.543406933290545 0.43495854552679647 0.08456761604401722
53987823 0.5605773145279638 0.43495854552679647 0.08456761604401722
53993823 0.5486413550092955 0.43495854552679647 0.08456761604401722
53999823 0.5467193204777419 0.43495854552679647 0.08418706177181914
54005823 0.5380689582304701 0.43495854552679647 0.08418706177181914
54011823 0.550271860064635 0.43495854552679647 0.08380821999384597
54017823 0.5627333040855573 0.43495854552679647 0.08380821999384597
54023823 0.5588162780495569 0.43495854552679647 0.08343108300387367
54029823 0.566891694276967 0.43495854552679647 0.08343108300387367
54035823 0.5678266327168096 0.43495854552679647 0.08305564313035624
54041823 0.5378489613802226 0.43495854552679647 0.08305564313035624
54047823 0.5328620724835846 0.43495854552679647 0.08268189273626964
54053823 0.5327580615657459 0.43495854552679647 0.08268189273626964
54059823 0.5289349248865062 0.43495854552679647 0.08230982421895643
54065823 0.5267350610736741 0.43495854552679647 0.08230982421895643
54071823 0.5454526921095111 0.43495854552679647 0.08230982421895643
54077823 0.516324936331975 0.43495854552679647 0.08193943000997113
54083823 0.5388763224139135 0.43495854552679647 0.08193943000997113
54089823 0.5347291544577397 0.43495854552679647 0.08193943000997113
54095823 0.5384615269368201 0.43495854552679647 0.08157070257492627
54101823 0.5260837034623133 0.43495854552679647 0.08157070257492627
54107823 0.5722324271393597 0.43495854552679647 0.08120363441333911
54113823 0.5467068740681087 0.43495854552679647 0.08120363441333911
54119823 0.5945209964210998 0.43495854552679647 0.08083821805847909
54125823 0.5479288358144858 0.43495854552679647 0.08083821805847909
54131823 0.544088030809469 0.43495854552679647 0.08083821805847909
54137823 0.5670056206032474 0.43495854552679647 0.08083821805847909
54143823 0.5429645637616141 0.43495854552679647 0.08047444607721593
54149823 0.5700330869251677 0.43495854552679647 0.08047444607721593
54155823 0.5339229273194094 0.43495854552679647 0.08047444607721593
54161823 0.5361018360061233 0.43495854552679647 0.08047444607721593
54167823 0.5683493899535207 0.43495854552679647 0.08047444607721593
54173823 0.5753417398728159 0.43495854552679647 0.08011231106986846
54179823 0.5763093186962157 0.43495854552679647 0.08011231106986846
54185823 0.5298933943869735 0.43495854552679647 0.08011231106986846
54191823 0.5407554771071093 0.43495854552679647 0.08011231106986846
54197823 0.5565118073785328 0.43495854552679647 0.08011231106986846
54203823 0.5635477876841738 0.43495854552679647 0.07975180567005406
54209823 0.548509294662596 0.43495854552679647 0.07975180567005406
54215823 0.5339886532868654 0.43495854552679647 0.07975180567005406
54221823 0.5478087744545261 0.43495854552679647 0.07975180567005406
54227823 0.5496459202768887 0.43495854552679647 0.07939292254453882
54233823 0.5632646214044007 0.43495854552679647 0.07939292254453882
54239823 0.5392741466777198 0.43495854552679647 0.0790356543930884
54245823 0.5771074792792414 0.43495854552679647 0.0790356543930884
54251823 0.5796053183598007 0.43495854552679647 0.07867999394831951
54257823 0.5280720099920515 0.43495854552679647 0.07867999394831951
54263823 0.5626078602604431 0.43495854552679647 0.07867999394831951
54269823 0.5524988023821988 0.43495854552679647 0.07832593397555207
54275823 0.5578378163918855 0.43495854552679647 0.07832593397555207
54281823 0.5458149109132181 0.43495854552679647 0.07832593397555207
54287823 0.5630009330655373 0.43495854552679647 0.07797346727266209
54293823 0.5540188890940818 0.43495854552679647 0.07797346727266209
54299823 0.5507782127198658 0.43495854552679647 0.07797346727266209
54305823 0.5311000281773729 0.43495854552679647 0.07762258666993511
54311823 0.5496340423098494 0.43495854552679647 0.07762258666993511
54317823 0.5626794293583541 0.43495854552679647 0.07727328502992041
54323823 0.5778646864899888 0.43495854552679647 0.07727328502992041
54329823 0.5658021036020988 0.43495854552679647 0.07692555524728577
54335823 0.5546746402748041 0.43495854552679647 0.07692555524728577
54341823 0.5422436313193602 0.43495854552679647 0.07692555524728577
54347823 0.5431017822842018 0.43495854552679647 0.07692555524728577
54353823 0.5341994339277483 0.43495854552679647 0.07657939024867298
54359823 0.5409585582115295 0.43495854552679647 0.07657939024867298
54365823 0.5595953231199705 0.43495854552679647 0.07623478299255396
54371823 0.5374608531739787 0.43495854552679647 0.07623478299255396
54377823 0.5119199927649862 0.43495854552679647 0.07589172646908747
54383823 0.5798117022660453 0.43495854552679647 0.07589172646908747
54389823 0.5170121034731597 0.43495854552679647 0.07555021369997658
54395823 0.5687060480983966 0.43495854552679647 0.07555021369997658
54401823 0.5108382924950754 0.43495854552679647 0.07555021369997658
54407823 0.5675373212681701 0.43495854552679647 0.07521023773832669
54413823 0.5316159486628378 0.43495854552679647 0.07521023773832669
54419823 0.5515223556109233 0.43495854552679647 0.07487179166850423
54425823 0.5492925627973074 0.43495854552679647 0.07487179166850423
54431823 0.5602012256398251 0.43495854552679647 0.07453486860599597
54437823 0.51918989903752 0.43495854552679647 0.07453486860599597
54443823 0.565694877022439 0.43495854552679647 0.07453486860599597
54449823 0.5331265503257272 0.43495854552679647 0.07419946169726899
54455823 0.5438968944114421 0.43495854552679647 0.07419946169726899
54461823 0.5450076944912443 0.43495854552679647 0.07419946169726899
54467823 0.5191745649312878 0.43495854552679647 0.07386556411963129
54473823 0.5281423612840387 0.43495854552679647 0.07386556411963129
54479823 0.529558000609551 0.43495854552679647 0.07386556411963129
54485823 0.5578027119313114 0.43495854552679647 0.07353316908109295
54491823 0.5264467173148601 0.43495854552679647 0.07353316908109295
54497823 0.5264669812671838 0.43495854552679647 0.07320226982022804
54503823 0.5706214424614865 0.43495854552679647 0.07320226982022804
54509823 0.5492833662808965 0.43495854552679647 0.07287285960603701
54515823 0.5509017184798339 0.43495854552679647 0.07287285960603701
54521823 0.5273437482668989 0.43495854552679647 0.07287285960603701
54527823 0.5511951355899792 0.43495854552679647 0.07254493173780985
54533823 0.5233459040492356 0.43495854552679647 0.07254493173780985
54539823 0.5288352282449328 0.43495854552679647 0.07221847954498971
54545823 0.5192861552652398 0.43495854552679647 0.07221847954498971
54551823 0.555327583042094 0.43495854552679647 0.07189349638703726
54557823 0.5456585805367135 0.43495854552679647 0.07189349638703726
54563823 0.5751883152699048 0.43495854552679647 0.07189349638703726
54569823 0.551377210157371 0.43495854552679647 0.0715699756532956
54575823 0.4856506132814387 0.43495854552679647 0.0715699756532956
54581823 0.525356653466583 0.43495854552679647 0.0715699756532956
54587823 0.5797588959756275 0.43495854552679647 0.07124791076285578
54593823 0.5799737895037442 0.43495854552679647 0.07124791076285578
54599823 0.5632162313650095 0.43495854552679647 0.07092729516442293
54605823 0.5712244782760053 0.43495854552679647 0.07092729516442293
54611823 0.525919067598583 0.43495854552679647 0.07092729516442293
54617823 0.4994135318280226 0.43495854552679647 0.07060812233618304
54623823 0.573347865513735 0.43495854552679647 0.07060812233618304
54629823 0.5161176052058593 0.43495854552679647 0.07029038578567022
54635823 0.5193505576635533 0.43495854552679647 0.07029038578567022
54641823 0.5692521989803592 0.43495854552679647 0.07029038578567022
54647823 0.5091397593934927 0.43495854552679647 0.07029038578567022
54653823 0.5571101838938315 0.43495854552679647 0.06997407904963471
54659823 0.5306806394518393 0.43495854552679647 0.06997407904963471
54665823 0.5450602569328236 0.43495854552679647 0.06997407904963471
54671823 0.5428013399909585 0.43495854552679647 0.06997407904963471
54677823 0.5516708574298655 0.43495854552679647 0.06965919569391135
54683823 0.5362276033267542 0.43495854552679647 0.06965919569391135
54689823 0.5817344384573917 0.43495854552679647 0.06934572931328875
54695823 0.528643247757919 0.43495854552679647 0.06934572931328875
54701823 0.542729102879667 0.43495854552679647 0.06903367353137896
54707823 0.49409535598312293 0.43495854552679647 0.06903367353137896
54713823 0.5025531313733329 0.43495854552679647 0.06903367353137896
54719823 0.5393801465325261 0.43495854552679647 0.06903367353137896
54725823 0.543319017246343 0.43495854552679647 0.06872302200048776
54731823 0.5480431809894668 0.43495854552679647 0.06872302200048776
54737823 0.5658295080058424 0.43495854552679647 0.06841376840148557
54743823 0.5546025726876027 0.43495854552679647 0.06841376840148557
54749823 0.5267781032282701 0.43495854552679647 0.06810590644367888
54755823 0.5674935581951661 0.43495854552679647 0.06810590644367888
54761823 0.5328505643027727 0.43495854552679647 0.06779942986468233
54767823 0.535999193404825 0.43495854552679647 0.06779942986468233
54773823 0.5416615339958003 0.43495854552679647 0.06779942986468233
54779823 0.539815740443188 0.43495854552679647 0.06749433243029127
54785823 0.5097092358842426 0.43495854552679647 0.06749433243029127
54791823 0.5809678642883027 0.43495854552679647 0.06719060793435495
54797823 0.5526588552859234 0.43495854552679647 0.06719060793435495
54803823 0.4981550376735546 0.43495854552679647 0.06688825019865036
54809823 0.5077483242884164 0.43495854552679647 0.06688825019865036
54815823 0.5035436871532912 0.43495854552679647 0.06688825019865036
54821823 0.5539789190403602 0.43495854552679647 0.06658725307275644
54827823 0.5360361954465903 0.43495854552679647 0.06658725307275644
54833823 0.5416574678357379 0.43495854552679647 0.06628761043392904
54839823 0.5227104316313577 0.43495854552679647 0.06628761043392904
54845823 0.5598207426320565 0.43495854552679647 0.06628761043392904
54851823 0.5453548342574824 0.43495854552679647 0.06598931618697637
54857823 0.5325845711276204 0.43495854552679647 0.06598931618697637
54863823 0.5284156782511583 0.43495854552679647 0.06598931618697637
54869823 0.5333521444622265 0.43495854552679647 0.06569236426413498
54875823 0.5336396542148654 0.43495854552679647 0.06569236426413498
54881823 0.5666159547821645 0.43495854552679647 0.06569236426413498
54887823 0.564075258446596 0.43495854552679647 0.06539674862494638
54893823 0.5429803823517749 0.43495854552679647 0.06539674862494638
54899823 0.546873227686303 0.43495854552679647 0.06539674862494638
54905823 0.5537615197867095 0.43495854552679647 0.06539674862494638
54911823 0.5700858494267413 0.43495854552679647 0.06510246325613413
54917823 0.5380350701003707 0.43495854552679647 0.06510246325613413
54923823 0.5205420029773086 0.43495854552679647 0.06510246325613413
54929823 0.5942761487394834 0.43495854552679647 0.06510246325613413
54935823 0.5664963408227984 0.43495854552679647 0.06480950217148153
54941823 0.5572334404726624 0.43495854552679647 0.06480950217148153
54947823 0.5459848260885869 0.43495854552679647 0.06451785941170987
54953823 0.5585797265581322 0.43495854552679647 0.06451785941170987
54959823 0.5771003655287839 0.43495854552679647 0.06422752904435718
54965823 0.5819988148929907 0.43495854552679647 0.06422752904435718
54971823 0.5628242757003303 0.43495854552679647 0.06422752904435718
54977823 0.5172361328825809 0.43495854552679647 0.06393850516365757
54983823 0.5601165378353226 0.43495854552679647 0.06393850516365757
54989823 0.5688487281377184 0.43495854552679647 0.06365078189042112
54995823 0.5522628118505912 0.43495854552679647 0.06365078189042112
55001823 0.5523568407412816 0.43495854552679647 0.06365078189042112
55007823 0.5313358677769977 0.43495854552679647 0.06336435337191422
55013823 0.5632394898241342 0.43495854552679647 0.06336435337191422
55019823 0.5396778350196265 0.43495854552679647 0.06336435337191422
55025823 0.5287868977593306 0.43495854552679647 0.06307921378174061
55031823 0.5398538931104906 0.43495854552679647 0.06307921378174061
55037823 0.5677738177665506 0.43495854552679647 0.06307921378174061
55043823 0.5181063514976396 0.43495854552679647 0.06279535731972279
55049823 0.5318908191994828 0.43495854552679647 0.06279535731972279
55055823 0.515624107872298 0.43495854552679647 0.06279535731972279
55061823 0.5561757800400172 0.43495854552679647 0.06279535731972279
55067823 0.5465239694065658 0.43495854552679647 0.06251277821178404
55073823 0.5259165370003341 0.43495854552679647 0.06251277821178404
55079823 0.5422928106339947 0.43495854552679647 0.06251277821178404
55085823 0.5328665410339691 0.43495854552679647 0.06223147070983102
55091823 0.5392096248571485 0.43495854552679647 0.06223147070983102
55097823 0.5689354034208559 0.43495854552679647 0.06223147070983102
55103823 0.5255111078759462 0.43495854552679647 0.061951429091636784
55109823 0.5246561892354363 0.43495854552679647 0.061951429091636784
55115823 0.5408322488927372 0.43495854552679647 0.061951429091636784
55121823 0.5481995938727663 0.43495854552679647 0.061672647660724424
55127823 0.5241410098554176 0.43495854552679647 0.061672647660724424
55133823 0.549629965707783 0.43495854552679647 0.061672647660724424
55139823 0.5440998467362633 0.43495854552679647 0.06139512074625117
55145823 0.5456343678654553 0.43495854552679647 0.06139512074625117
55151823 0.5573749567667908 0.43495854552679647 0.06111884270289304
55157823 0.5551100512768588 0.43495854552679647 0.06111884270289304
55163823 0.5618666444863499 0.43495854552679647 0.060843807910730026
55169823 0.5774055232468803 0.43495854552679647 0.060843807910730026
55175823 0.5132947001786803 0.43495854552679647 0.060570010775131744
55181823 0.5345493741754257 0.43495854552679647 0.060570010775131744
55187823 0.547113783699403 0.43495854552679647 0.060570010775131744
55193823 0.5288726864067594 0.43495854552679647 0.06029744572664365
55199823 0.5494389024332803 0.43495854552679647 0.06029744572664365
55205823 0.5318337058777994 0.43495854552679647 0.06029744572664365
55211823 0.529776513804139 0.43495854552679647 0.06002610722087376
55217823 0.5492142374497856 0.43495854552679647 0.06002610722087376
55223823 0.5868525066102838 0.43495854552679647 0.05975598973837983
55229823 0.5362620015053927 0.43495854552679647 0.05975598973837983
55235823 0.5528979839661109 0.43495854552679647 0.05948708778455713
55241823 0.5253092851489349 0.43495854552679647 0.05948708778455713
55247823 0.534326365612607 0.43495854552679647 0.05921939588952663
55253823 0.5058649605559353 0.43495854552679647 0.05921939588952663
55259823 0.5345590759890869 0.43495854552679647 0.05921939588952663
55265823 0.5225208096565067 0.43495854552679647 0.05921939588952663
55271823 0.5182965797301307 0.43495854552679647 0.05895290860802376
55277823 0.5529824189534264 0.43495854552679647 0.05895290860802376
55283823 0.5577680790628605 0.43495854552679647 0.05868762051928766
55289823 0.5683952725542956 0.43495854552679647 0.05868762051928766
55295823 0.5902837488138458 0.43495854552679647 0.05868762051928766
55301823 0.5503920359086356 0.43495854552679647 0.058423526226950864
55307823 0.5420335972313481 0.43495854552679647 0.058423526226950864
55313823 0.5582297754173111 0.43495854552679647 0.058423526226950864
55319823 0.5881376257351676 0.43495854552679647 0.058423526226950864
55325823 0.5436954541442863 0.43495854552679647 0.05816062035892959
55331823 0.5650270978648164 0.43495854552679647 0.05816062035892959
55337823 0.567133054305158 0.43495854552679647 0.05789889756731441
55343823 0.5182875515308941 0.43495854552679647 0.05789889756731441
55349823 0.5816360507270845 0.43495854552679647 0.05789889756731441
55355823 0.5639532832339551 0.43495854552679647 0.057638352528261494
55361823 0.5739519193895867 0.43495854552679647 0.057638352528261494
55367823 0.5455486782954083 0.43495854552679647 0.05737897994188432
55373823 0.5101798317075197 0.43495854552679647 0.05737897994188432
55379823 0.5346876552687738 0.43495854552679647 0.05737897994188432
55385823 0.5517976828952506 0.43495854552679647 0.05712077453214584
55391823 0.5378699750006651 0.43495854552679647 0.05712077453214584
55397823 0.524369042023534 0.43495854552679647 0.05686373104675119
55403823 0.5397262565838592 0.43495854552679647 0.05686373104675119
55409823 0.5583183835368662 0.43495854552679647 0.05660784425704081
55415823 0.5198039322563225 0.43495854552679647 0.05660784425704081
55421823 0.5106205823818697 0.43495854552679647 0.05635310895788413
55427823 0.5401861360097673 0.43495854552679647 0.05635310895788413
55433823 0.514623363420731 0.43495854552679647 0.056099519967573654
55439823 0.5461620824557014 0.43495854552679647 0.056099519967573654
55445823 0.5370782179397441 0.43495854552679647 0.056099519967573654
55451823 0.5211073635743891 0.43495854552679647 0.055847072127719576
55457823 0.5358719600180858 0.43495854552679647 0.055847072127719576
55463823 0.5419328919444781 0.43495854552679647 0.055847072127719576
55469823 0.5536069962549942 0.43495854552679647 0.055595760303144844
55475823 0.5618194059931066 0.43495854552679647 0.055595760303144844
55481823 0.5242862713001643 0.43495854552679647 0.055595760303144844
55487823 0.5495521280508433 0.43495854552679647 0.055595760303144844
55493823 0.5534676059645991 0.43495854552679647 0.055345579381780696
55499823 0.5753317382656846 0.43495854552679647 0.055345579381780696
55505823 0.49518288604870264 0.43495854552679647 0.055096524274562686
55511823 0.5321792488020451 0.43495854552679647 0.055096524274562686
55517823 0.5377319935072412 0.43495854552679647 0.055096524274562686
55523823 0.5643894054069625 0.43495854552679647 0.05484858991532716
55529823 0.5273162741232934 0.43495854552679647 0.05484858991532716
55535823 0.5261375120850191 0.43495854552679647 0.05484858991532716
55541823 0.5139239966854915 0.43495854552679647 0.05460177126070819
55547823 0.5336022436055237 0.43495854552679647 0.05460177126070819
55553823 0.551497018923511 0.43495854552679647 0.054356063290035006
55559823 0.5628997853013055 0.43495854552679647 0.054356063290035006
55565823 0.5390085865605191 0.43495854552679647 0.054356063290035006
55571823 0.5318824659669023 0.43495854552679647 0.054356063290035006
55577823 0.5221373980436336 0.43495854552679647 0.054356063290035006
55583823 0.5796983775858742 0.43495854552679647 0.054356063290035006
55589823 0.5687190958461182 0.43495854552679647 0.05411146100522985
55595823 0.5515711702954673 0.43495854552679647 0.05411146100522985
55601823 0.5616093082965777 0.43495854552679647 0.05386795943070632
55607823 0.5271107957390445 0.43495854552679647 0.05386795943070632
55613823 0.5142671184662901 0.43495854552679647 0.05386795943070632
55619823 0.555635727283302 0.43495854552679647 0.05386795943070632
55625823 0.5696305348984766 0.43495854552679647 0.05386795943070632
55631823 0.5354655143154777 0.43495854552679647 0.053625553613268144
55637823 0.5211060108851682 0.43495854552679647 0.053625553613268144
55643823 0.5472310028134351 0.43495854552679647 0.053625553613268144
55649823 0.5138648251558225 0.43495854552679647 0.05338423862200844
55655823 0.552106880107829 0.43495854552679647 0.05338423862200844
55661823 0.553313261139573 0.43495854552679647 0.05338423862200844
55667823 0.5189596083994351 0.43495854552679647 0.0531440095482094
55673823 0.5427202539689623 0.43495854552679647 0.0531440095482094
55679823 0.5377496909909071 0.43495854552679647 0.0531440095482094
55685823 0.5322813533678894 0.43495854552679647 0.0531440095482094
55691823 0.5206147110274335 0.43495854552679647 0.05290486150524246
55697823 0.5181192957633365 0.43495854552679647 0.05290486150524246
55703823 0.5124106817028461 0.43495854552679647 0.05266678962846887
55709823 0.5049482125943954 0.43495854552679647 0.05266678962846887
55715823 0.532595488129263 0.43495854552679647 0.05266678962846887
55721823 0.5306757500634766 0.43495854552679647 0.052429789075140766
55727823 0.5532078749968027 0.43495854552679647 0.052429789075140766
55733823 0.5448776925117421 0.43495854552679647 0.052193855024302634
55739823 0.5191036222124897 0.43495854552679647 0.052193855024302634
55745823 0.5449650782665079 0.43495854552679647 0.052193855024302634
55751823 0.5370223665634987 0.43495854552679647 0.05195898267669327
55757823 0.5591815856714472 0.43495854552679647 0.05195898267669327
55763823 0.5275838380262016 0.43495854552679647 0.05195898267669327
55769823 0.5694486157953483 0.43495854552679647 0.05195898267669327
55775823 0.5394939829356383 0.43495854552679647 0.05172516725464815
55781823 0.5030133177193271 0.43495854552679647 0.05172516725464815
55787823 0.5244725987563172 0.43495854552679647 0.05172516725464815
55793823 0.5501604648705118 0.43495854552679647 0.05172516725464815
55799823 0.530046473921142 0.43495854552679647 0.05149240400200224
55805823 0.5877484487268383 0.43495854552679647 0.05149240400200224
55811823 0.5751369737330291 0.43495854552679647 0.05126068818399323
55817823 0.5104788134719475 0.43495854552679647 0.05126068818399323
55823823 0.5305652890346363 0.43495854552679647 0.05126068818399323
55829823 0.534088403137415 0.43495854552679647 0.05103001508716526
55835823 0.5393571007857174 0.43495854552679647 0.05103001508716526
55841823 0.5056737718159616 0.43495854552679647 0.05080038001927302
55847823 0.5241053422464275 0.43495854552679647 0.05080038001927302
55853823 0.5248761036786357 0.43495854552679647 0.05080038001927302
55859823 0.5654871124509925 0.43495854552679647 0.05057177830918629
55865823 0.5891873927728836 0.43495854552679647 0.05057177830918629
55871823 0.5654650653807711 0.43495854552679647 0.050344205306794954
55877823 0.5298507659078541 0.43495854552679647 0.050344205306794954
55883823 0.514012674051291 0.43495854552679647 0.050344205306794954
55889823 0.560243981784897 0.43495854552679647 0.05011765638291438
55895823 0.5533358452277527 0.43495854552679647 0.05011765638291438
55901823 0.5242806876396082 0.43495854552679647 0.05011765638291438
55907823 0.514692497178053 0.43495854552679647 0.05011765638291438
55913823 0.5326349296422231 0.43495854552679647 0.05011765638291438
55919823 0.508728745745905 0.43495854552679647 0.04989212692919127
55925823 0.5425934701169258 0.43495854552679647 0.04989212692919127
55931823 0.5489549049048209 0.43495854552679647 0.049667612358009906
55937823 0.5124885238315047 0.43495854552679647 0.049667612358009906
55943823 0.541548649940261 0.43495854552679647 0.049667612358009906
55949823 0.5349599848849899 0.43495854552679647 0.04944410810239887
55955823 0.5278153204739419 0.43495854552679647 0.04944410810239887
55961823 0.5302577385055096 0.43495854552679647 0.04944410810239887
55967823 0.5759428846465685 0.43495854552679647 0.04922160961593808
55973823 0.532202874465701 0.43495854552679647 0.04922160961593808
55979823 0.5368048642474619 0.43495854552679647 0.04922160961593808
55985823 0.5472129965003742 0.43495854552679647 0.04922160961593808
55991823 0.5452167327760321 0.43495854552679647 0.04900011237266636
55997823 0.5274829098895067 0.43495854552679647 0.04900011237266636
56003823 0.5574017377292678 0.43495854552679647 0.04900011237266636
56009823 0.5139436829567897 0.43495854552679647 0.04877961186698936
56015823 0.533377779497992 0.43495854552679647 0.04877961186698936
56021823 0.548544556934861 0.43495854552679647 0.04877961186698936
56027823 0.5134294825751289 0.43495854552679647 0.04856010361358791
56033823 0.5415721469428482 0.43495854552679647 0.04856010361358791
56039823 0.5626485266148264 0.43495854552679647 0.04834158314732677
56045823 0.5108888598687873 0.43495854552679647 0.04834158314732677
56051823 0.5224132449019877 0.43495854552679647 0.0481240460231638
56057823 0.5516663902496982 0.43495854552679647 0.0481240460231638
56063823 0.5338379266223738 0.43495854552679647 0.047907487816059566
56069823 0.5306853526690741 0.43495854552679647 0.047907487816059566
56075823 0.5223907457285485 0.43495854552679647 0.047907487816059566
56081823 0.5537250849175315 0.43495854552679647 0.047907487816059566
56087823 0.5379784970519265 0.43495854552679647 0.0476919041208873
56093823 0.5048136995848788 0.43495854552679647 0.0476919041208873
56099823 0.5385069320204818 0.43495854552679647 0.0476919041208873
56105823 0.553374627504607 0.43495854552679647 0.04747729055234331
56111823 0.5059173810976546 0.43495854552679647 0.04747729055234331
56117823 0.5078126526058887 0.43495854552679647 0.04747729055234331
56123823 0.514129536973516 0.43495854552679647 0.04726364274485777
56129823 0.5288729581516878 0.43495854552679647 0.04726364274485777
56135823 0.5483376122812357 0.43495854552679647 0.04705095635250591
56141823 0.5679796351642702 0.43495854552679647 0.04705095635250591
56147823 0.5551505941894028 0.43495854552679647 0.04705095635250591
56153823 0.5144658666731591 0.43495854552679647 0.046839227048919636
56159823 0.5602531685392639 0.43495854552679647 0.046839227048919636
56165823 0.542063544552451 0.43495854552679647 0.046839227048919636
56171823 0.5520502211431911 0.43495854552679647 0.0466284505271995
56177823 0.5466003705144563 0.43495854552679647 0.0466284505271995
56183823 0.5169355262494384 0.43495854552679647 0.0466284505271995
56189823 0.5758916775298333 0.43495854552679647 0.0466284505271995
56195823 0.5788685515432334 0.43495854552679647 0.0464186224998271
56201823 0.5900290332771739 0.43495854552679647 0.0464186224998271
56207823 0.5430634560421218 0.43495854552679647 0.04620973869857788
56213823 0.5445875292711402 0.43495854552679647 0.04620973869857788
56219823 0.5757983683857018 0.43495854552679647 0.04620973869857788
56225823 0.5322203769242256 0.43495854552679647 0.04600179487443429
56231823 0.5250703775892425 0.43495854552679647 0.04600179487443429
56237823 0.5241064717248596 0.43495854552679647 0.04600179487443429
56243823 0.529896306597349 0.43495854552679647 0.045794786797499334
56249823 0.5543439100265215 0.43495854552679647 0.045794786797499334
56255823 0.5920217450107854 0.43495854552679647 0.04558871025691059
56261823 0.5278006519892806 0.43495854552679647 0.04558871025691059
56267823 0.5354853561714346 0.43495854552679647 0.04558871025691059
56273823 0.5293014346620205 0.43495854552679647 0.04558871025691059
56279823 0.5044156553175452 0.43495854552679647 0.045383561060754495
56285823 0.5522593617560179 0.43495854552679647 0.045383561060754495
56291823 0.49949530033816114 0.43495854552679647 0.045383561060754495
56297823 0.5237967806479464 0.43495854552679647 0.0451793350359811
56303823 0.521696929038695 0.43495854552679647 0.0451793350359811
56309823 0.5585788417793163 0.43495854552679647 0.04497602802831919
56315823 0.5329350647139285 0.43495854552679647 0.04497602802831919
56321823 0.5440137312812913 0.43495854552679647 0.04477363590219176
56327823 0.5497517105834636 0.43495854552679647 0.04477363590219176
56333823 0.5388826393207574 0.43495854552679647 0.044572154540631896
56339823 0.5240028798528814 0.43495854552679647 0.044572154540631896
56345823 0.5682280838284014 0.43495854552679647 0.044572154540631896
56351823 0.5382615549743119 0.43495854552679647 0.044572154540631896
56357823 0.5940000353690622 0.43495854552679647 0.04437157984519906
56363823 0.5597476809578845 0.43495854552679647 0.04437157984519906
56369823 0.5523800524058662 0.43495854552679647 0.04437157984519906
56375823 0.5627931167011899 0.43495854552679647 0.04437157984519906
56381823 0.5318662768712451 0.43495854552679647 0.04417190773589567
56387823 0.5142018437113847 0.43495854552679647 0.04417190773589567
56393823 0.5120691726642372 0.43495854552679647 0.04417190773589567
56399823 0.5194221784515729 0.43495854552679647 0.04397313415108414
56405823 0.5197151869116782 0.43495854552679647 0.04397313415108414
56411823 0.5422010016624013 0.43495854552679647 0.04377525504740427
56417823 0.5720130313831682 0.43495854552679647 0.04377525504740427
56423823 0.5532127893590315 0.43495854552679647 0.04357826639969095
56429823 0.5466974086122032 0.43495854552679647 0.04357826639969095
56435823 0.5345563216432041 0.43495854552679647 0.04357826639969095
56441823 0.5962330767354329 0.43495854552679647 0.043382164200892345
56447823 0.5281028973868659 0.43495854552679647 0.043382164200892345
56453823 0.5394396492800705 0.43495854552679647 0.043186944461988334
56459823 0.5238616720345192 0.43495854552679647 0.043186944461988334
56465823 0.5712776277396506 0.43495854552679647 0.043186944461988334
56471823 0.5545005666004846 0.43495854552679647 0.04299260321190939
56477823 0.5295596061431989 0.43495854552679647 0.04299260321190939
56483823 0.5626183132030224 0.43495854552679647 0.04299260321190939
56489823 0.553287557262243 0.43495854552679647 0.0427991364974558
56495823 0.5583165747082653 0.43495854552679647 0.0427991364974558
56501823 0.5667581484963042 0.43495854552679647 0.0427991364974558
56507823 0.5549465517755512 0.43495854552679647 0.042606540383217255
56513823 0.5529063402111738 0.43495854552679647 0.042606540383217255
56519823 0.5684457963006694 0.43495854552679647 0.042606540383217255
56525823 0.5931271038286257 0.43495854552679647 0.04241481095149278
56531823 0.5751989536024399 0.43495854552679647 0.04241481095149278
56537823 0.5552209729549176 0.43495854552679647 0.04222394430221106
56543823 0.5659955966683428 0.43495854552679647 0.04222394430221106
56549823 0.5580490675922737 0.43495854552679647 0.04203393655285111
56555823 0.5340887177904018 0.43495854552679647 0.04203393655285111
56561823 0.5982385855133661 0.43495854552679647 0.04203393655285111
56567823 0.5559321151945694 0.43495854552679647 0.041844783838363285
56573823 0.573585595316099 0.43495854552679647 0.041844783838363285
56579823 0.5760092172137015 0.43495854552679647 0.041844783838363285
56585823 0.5826389800863142 0.43495854552679647 0.041656482311090655
56591823 0.5647942684435044 0.43495854552679647 0.041656482311090655
56597823 0.5818385886233518 0.43495854552679647 0.04146902814069075
56603823 0.5415096389598156 0.43495854552679647 0.04146902814069075
56609823 0.5352048077510999 0.43495854552679647 0.041282417514057645
56615823 0.5535901125332194 0.43495854552679647 0.041282417514057645
56621823 0.5564320814233572 0.43495854552679647 0.041096646635244385
56627823 0.5573138791341306 0.43495854552679647 0.041096646635244385
56633823 0.5378540256529054 0.43495854552679647 0.041096646635244385
56639823 0.5359162847832203 0.43495854552679647 0.041096646635244385
56645823 0.5185697080928516 0.43495854552679647 0.04091171172538579
56651823 0.5529572111441449 0.43495854552679647 0.04091171172538579
56657823 0.55998578327815 0.43495854552679647 0.040727609022621555
56663823 0.5328525232593996 0.43495854552679647 0.040727609022621555
56669823 0.5277826935342272 0.43495854552679647 0.040727609022621555
56675823 0.5126168384227415 0.43495854552679647 0.040727609022621555
56681823 0.5149308545905653 0.43495854552679647 0.04054433478201976
56687823 0.548100886520011 0.43495854552679647 0.04054433478201976
56693823 0.522130822602473 0.43495854552679647 0.04036188527550068
56699823 0.5534142488717468 0.43495854552679647 0.04036188527550068
56705823 0.5353258616799826 0.43495854552679647 0.04036188527550068
56711823 0.5632047811437708 0.43495854552679647 0.04036188527550068
56717823 0.531509357283922 0.43495854552679647 0.040180256791760925
56723823 0.5422936261810443 0.43495854552679647 0.040180256791760925
56729823 0.5523466009897368 0.43495854552679647 0.039999445636198006
56735823 0.5702597822958965 0.43495854552679647 0.039999445636198006
56741823 0.5339835401897863 0.43495854552679647 0.039819448130835114
56747823 0.5628784909156647 0.43495854552679647 0.039819448130835114
56753823 0.5516342414516611 0.43495854552679647 0.039819448130835114
56759823 0.5023377843700204 0.43495854552679647 0.03964026061424636
56765823 0.5478548980012012 0.43495854552679647 0.03964026061424636
56771823 0.5782809077297424 0.43495854552679647 0.03964026061424636
56777823 0.5486859154711634 0.43495854552679647 0.03946187944148225
56783823 0.5593729665493209 0.43495854552679647 0.03946187944148225
56789823 0.5362007630155943 0.43495854552679647 0.03946187944148225
56795823 0.5519247133879043 0.43495854552679647 0.03946187944148225
56801823 0.5644184846810838 0.43495854552679647 0.03946187944148225
56807823 0.5443094718459976 0.43495854552679647 0.03928430098399558
56813823 0.5466743091410388 0.43495854552679647 0.03928430098399558
56819823 0.5265695979102856 0.43495854552679647 0.039107521629567606
56825823 0.5559726240867175 0.43495854552679647 0.039107521629567606
56831823 0.5562650739476005 0.43495854552679647 0.039107521629567606
56837823 0.5565148854144543 0.43495854552679647 0.03893153778223455
56843823 0.5819130744636488 0.43495854552679647 0.03893153778223455
56849823 0.5220018840156171 0.43495854552679647 0.0387563458622145
56855823 0.5809922691488365 0.43495854552679647 0.0387563458622145
56861823 0.5257687954857113 0.43495854552679647 0.0387563458622145
56867823 0.5484160464867556 0.43495854552679647 0.0387563458622145
56873823 0.5487372445292502 0.43495854552679647 0.0387563458622145
56879823 0.5264617862185584 0.43495854552679647 0.03858194230583453
56885823 0.5342796571325052 0.43495854552679647 0.03858194230583453
56891823 0.5269712296028293 0.43495854552679647 0.03858194230583453
56897823 0.5332216591351614 0.43495854552679647 0.03840832356545828
56903823 0.5062530226931798 0.43495854552679647 0.03840832356545828
56909823 0.5790891675168504 0.43495854552679647 0.03840832356545828
56915823 0.5829430831239542 0.43495854552679647 0.03823548610941372
56921823 0.5448153263686351 0.43495854552679647 0.03823548610941372
56927823 0.5382752956180828 0.43495854552679647 0.03823548610941372
56933823 0.550035294232937 0.43495854552679647 0.03806342642192136
56939823 0.552926649675382 0.43495854552679647 0.03806342642192136
56945823 0.545290533521653 0.43495854552679647 0.03806342642192136
56951823 0.5771056558140831 0.43495854552679647 0.03789214100302272
56957823 0.570069048854684 0.43495854552679647 0.03789214100302272
56963823 0.5532110807559281 0.43495854552679647 0.03772162636850912
56969823 0.5417685556185846 0.43495854552679647 0.03772162636850912
56975823 0.5409556373258576 0.43495854552679647 0.03755187904985083
56981823 0.5588400458034186 0.43495854552679647 0.03755187904985083
56987823 0.5650811106076993 0.43495854552679647 0.03755187904985083
56993823 0.5533238024032465 0.43495854552679647 0.037382895594126504
56999823 0.5595210207178302 0.43495854552679647 0.037382895594126504
57005823 0.5738532491507677 0.43495854552679647 0.037382895594126504
57011823 0.5461921557103495 0.43495854552679647 0.03721467256395294
57017823 0.5629888223515717 0.43495854552679647 0.03721467256395294
57023823 0.5262032485358223 0.43495854552679647 0.03721467256395294
57029823 0.5707080026492561 0.43495854552679647 0.03721467256395294
57035823 0.5645927044602527 0.43495854552679647 0.03704720653741515
57041823 0.5754469212997412 0.43495854552679647 0.03704720653741515
57047823 0.5876466342968245 0.43495854552679647 0.036880494107996785
57053823 0.5684797633871748 0.43495854552679647 0.036880494107996785
57059823 0.5525754164057968 0.43495854552679647 0.036880494107996785
57065823 0.5101852161712326 0.43495854552679647 0.036880494107996785
57071823 0.5704140270748432 0.43495854552679647 0.036880494107996785
57077823 0.5724684178505162 0.43495854552679647 0.036880494107996785
57083823 0.5698372813857874 0.43495854552679647 0.0367145318845108
57089823 0.5559913877373527 0.43495854552679647 0.0367145318845108
57095823 0.5581826406770479 0.43495854552679647 0.036549316491030506
57101823 0.5218294018338391 0.43495854552679647 0.036549316491030506
57107823 0.5634809445790371 0.43495854552679647 0.036549316491030506
57113823 0.5455436995326151 0.43495854552679647 0.036549316491030506
57119823 0.5041038061647594 0.43495854552679647 0.036549316491030506
57125823 0.5249233858779621 0.43495854552679647 0.036549316491030506
57131823 0.5135110025119807 0.43495854552679647 0.036549316491030506
57137823 0.5520356895302994 0.43495854552679647 0.03638484456682087
57143823 0.5253505337171391 0.43495854552679647 0.03638484456682087
57149823 0.5329253955128854 0.43495854552679647 0.03638484456682087
57155823 0.5027106849810802 0.43495854552679647 0.03638484456682087
57161823 0.5517305822705882 0.43495854552679647 0.03622111276627017
57167823 0.5522420563069984 0.43495854552679647 0.03622111276627017
57173823 0.5029679391331474 0.43495854552679647 0.03605811775882196
57179823 0.5283627339410863 0.43495854552679647 0.03605811775882196
57185823 0.5655013288879855 0.43495854552679647 0.03589585622890726
57191823 0.5489767900710035 0.43495854552679647 0.03589585622890726
57197823 0.5390041234713796 0.43495854552679647 0.035734324875877174
57203823 0.5567201095591343 0.43495854552679647 0.035734324875877174
57209823 0.5456315268173602 0.43495854552679647 0.035734324875877174
57215823 0.5731192769442345 0.43495854552679647 0.03557352041393573
57221823 0.517063640202027 0.43495854552679647 0.03557352041393573
57227823 0.5996722270665296 0.43495854552679647 0.03557352041393573
57233823 0.5301819655395751 0.43495854552679647 0.03557352041393573
57239823 0.5456379067908429 0.43495854552679647 0.03541343957207302
57245823 0.5322268269025039 0.43495854552679647 0.03541343957207302
57251823 0.5732774359237494 0.43495854552679647 0.03525407909399869
57257823 0.5402248006955871 0.43495854552679647 0.03525407909399869
57263823 0.5703184802547743 0.43495854552679647 0.0350954357380757
57269823 0.6045337489952574 0.43495854552679647 0.0350954357380757
57275823 0.526778673045127 0.43495854552679647 0.03493750627725436
57281823 0.5554175649017754 0.43495854552679647 0.03493750627725436
57287823 0.5333522252769923 0.43495854552679647 0.03493750627725436
57293823 0.5596118841366515 0.43495854552679647 0.03493750627725436
57299823 0.5332528292550456 0.43495854552679647 0.03478028749900672
57305823 0.5416513479006939 0.43495854552679647 0.03478028749900672
57311823 0.5631373310082413 0.43495854552679647 0.03462377620526119
57317823 0.5549933586966994 0.43495854552679647 0.03462377620526119
57323823 0.5533430284318093 0.43495854552679647 0.03462377620526119
57329823 0.5584469803702261 0.43495854552679647 0.03462377620526119
57335823 0.5683924920378628 0.43495854552679647 0.03462377620526119
57341823 0.5656555591689465 0.43495854552679647 0.03446796921233752
57347823 0.5372768398548662 0.43495854552679647 0.03446796921233752
57353823 0.539663701097165 0.43495854552679647 0.034312863350882
57359823 0.5522541749843257 0.43495854552679647 0.034312863350882
57365823 0.5541447249733853 0.43495854552679647 0.03415845546580303
57371823 0.5339663054660954 0.43495854552679647 0.03415845546580303
57377823 0.5554503593822386 0.43495854552679647 0.03400474241620692
57383823 0.5520791124859653 0.43495854552679647 0.03400474241620692
57389823 0.5503414983072151 0.43495854552679647 0.03400474241620692
57395823 0.5540888158312371 0.43495854552679647 0.03385172107533399
57401823 0.560441152893325 0.43495854552679647 0.03385172107533399
57407823 0.5326653250409 0.43495854552679647 0.03369938833049499
57413823 0.5405396322252793 0.43495854552679647 0.03369938833049499
57419823 0.5358965373836432 0.43495854552679647 0.03369938833049499
57425823 0.538721598936162 0.43495854552679647 0.033547741083007766
57431823 0.5322692143112122 0.43495854552679647 0.033547741083007766
57437823 0.5489013363793664 0.43495854552679647 0.033547741083007766
57443823 0.5152210556719852 0.43495854552679647 0.03339677624813423
57449823 0.5306085942776949 0.43495854552679647 0.03339677624813423
57455823 0.5735951706858091 0.43495854552679647 0.03339677624813423
57461823 0.5637802826238091 0.43495854552679647 0.03324649075501763
57467823 0.5639143627433942 0.43495854552679647 0.03324649075501763
57473823 0.5685879700558556 0.43495854552679647 0.03324649075501763
57479823 0.5072510210227786 0.43495854552679647 0.03324649075501763
57485823 0.5163838768944595 0.43495854552679647 0.03324649075501763
57491823 0.5558215101063005 0.43495854552679647 0.03324649075501763
57497823 0.5897551803796421 0.43495854552679647 0.03309688154662005
57503823 0.5368097627784028 0.43495854552679647 0.03309688154662005
57509823 0.5123543197863896 0.43495854552679647 0.03309688154662005
57515823 0.5394746723334272 0.43495854552679647 0.03309688154662005
57521823 0.5318848680397571 0.43495854552679647 0.03309688154662005
57527823 0.5483818266178757 0.43495854552679647 0.03309688154662005
57533823 0.5130260828634089 0.43495854552679647 0.032947945579660264
57539823 0.5274894705615685 0.43495854552679647 0.032947945579660264
57545823 0.5643090804879134 0.43495854552679647 0.032947945579660264
57551823 0.5532590917709105 0.43495854552679647 0.032947945579660264
57557823 0.5383656948739146 0.43495854552679647 0.03279967982455179
57563823 0.5417157971798803 0.43495854552679647 0.03279967982455179
57569823 0.5185650528262764 0.43495854552679647 0.03279967982455179
57575823 0.5578611099716384 0.43495854552679647 0.03265208126534131
57581823 0.5352888629128211 0.43495854552679647 0.03265208126534131
57587823 0.5219339061647884 0.43495854552679647 0.03250514689964728
57593823 0.535150842085794 0.43495854552679647 0.03250514689964728
57599823 0.5275667533164112 0.43495854552679647 0.032358873738598866
57605823 0.5179000571667096 0.43495854552679647 0.032358873738598866
57611823 0.543389372669017 0.43495854552679647 0.032358873738598866
57617823 0.5214804098819829 0.43495854552679647 0.032358873738598866
57623823 0.529214580438689 0.43495854552679647 0.032213258806775176
57629823 0.5235682967549399 0.43495854552679647 0.032213258806775176
57635823 0.5234864790205118 0.43495854552679647 0.032068299142144686
57641823 0.5351622595952632 0.43495854552679647 0.032068299142144686
57647823 0.5348905261001189 0.43495854552679647 0.032068299142144686
57653823 0.5713573602442091 0.43495854552679647 0.03192399179600504
57659823 0.5956111623512748 0.43495854552679647 0.03192399179600504
57665823 0.5146755247629581 0.43495854552679647 0.031780333832923016
57671823 0.5289846206086026 0.43495854552679647 0.031780333832923016
57677823 0.5737958143778281 0.43495854552679647 0.031780333832923016
57683823 0.5400182312297535 0.43495854552679647 0.031637322330674865
57689823 0.5505566132333711 0.43495854552679647 0.031637322330674865
57695823 0.5578242800799247 0.43495854552679647 0.031637322330674865
57701823 0.5214723517219597 0.43495854552679647 0.03149495438018683
57707823 0.5602573444055203 0.43495854552679647 0.03149495438018683
57713823 0.5945939623301525 0.43495854552679647 0.03135322708547599
57719823 0.5402106900478809 0.43495854552679647 0.03135322708547599
57725823 0.5588500790595807 0.43495854552679647 0.03135322708547599
57731823 0.5545010514806739 0.43495854552679647 0.03135322708547599
57737823 0.5224915274005616 0.43495854552679647 0.03121213756359135
57743823 0.52071568910409 0.43495854552679647 0.03121213756359135
57749823 0.5511472235917234 0.43495854552679647 0.03107168294455519
57755823 0.556275457624064 0.43495854552679647 0.03107168294455519
57761823 0.5230674526580924 0.43495854552679647 0.030931860371304694
57767823 0.5882437242943312 0.43495854552679647 0.030931860371304694
57773823 0.5571138851425147 0.43495854552679647 0.030792666999633823
57779823 0.5762950286881623 0.43495854552679647 0.030792666999633823
57785823 0.5379299245677783 0.43495854552679647 0.030654099998135474
57791823 0.5239211068985253 0.43495854552679647 0.030654099998135474
57797823 0.5311878838528623 0.43495854552679647 0.030654099998135474
57803823 0.5707457189504912 0.43495854552679647 0.030516156548143866
57809823 0.5456941358570616 0.43495854552679647 0.030516156548143866
57815823 0.5696445673777795 0.43495854552679647 0.03037883384367722
57821823 0.5574888366900098 0.43495854552679647 0.03037883384367722
57827823 0.5891034224564414 0.43495854552679647 0.030242129091380673
57833823 0.5707894710497026 0.43495854552679647 0.030242129091380673
57839823 0.5627931368702925 0.43495854552679647 0.030106039510469463
57845823 0.5355870088151508 0.43495854552679647 0.030106039510469463
57851823 0.5480166930227964 0.43495854552679647 0.02997056233267235
57857823 0.5272115649939214 0.43495854552679647 0.02997056233267235
57863823 0.5756770211977202 0.43495854552679647 0.029835694802175326
57869823 0.5398906264176966 0.43495854552679647 0.029835694802175326
57875823 0.5144951910603824 0.43495854552679647 0.029835694802175326
57881823 0.5285474517442842 0.43495854552679647 0.029835694802175326
57887823 0.48309056614378804 0.43495854552679647 0.029701434175565537
57893823 0.5411689989568406 0.43495854552679647 0.029701434175565537
57899823 0.5382045876394284 0.43495854552679647 0.029567777721775493
57905823 0.5273457751263102 0.43495854552679647 0.029567777721775493
57911823 0.5375794772921643 0.43495854552679647 0.029434722722027504
57917823 0.553238232009154 0.43495854552679647 0.029434722722027504
57923823 0.5519874311646751 0.43495854552679647 0.029434722722027504
57929823 0.5325857247590358 0.43495854552679647 0.02930226646977838
57935823 0.5460012006913894 0.43495854552679647 0.02930226646977838
57941823 0.5638559804677078 0.43495854552679647 0.02917040627066438
57947823 0.5172995399700969 0.43495854552679647 0.02917040627066438
57953823 0.5522187626443169 0.43495854552679647 0.02917040627066438
57959823 0.5313260518838873 0.43495854552679647 0.02903913944244639
57965823 0.5603310013220072 0.43495854552679647 0.02903913944244639
57971823 0.5493282731735587 0.43495854552679647 0.028908463314955384
57977823 0.5770444921948961 0.43495854552679647 0.028908463314955384
57983823 0.5238136679655002 0.43495854552679647 0.028908463314955384
57989823 0.5128193983515714 0.43495854552679647 0.028908463314955384
57995823 0.5212892197058911 0.43495854552679647 0.028778375230038084
58001823 0.5308803261467246 0.43495854552679647 0.028778375230038084
58007823 0.5162226954779825 0.43495854552679647 0.028778375230038084
58013823 0.5218199190561982 0.43495854552679647 0.028778375230038084
58019823 0.5151348603624843 0.43495854552679647 0.028648872541502914
58025823 0.5095999279200981 0.43495854552679647 0.028648872541502914
58031823 0.5204756537190129 0.43495854552679647 0.028648872541502914
58037823 0.5418716516716778 0.43495854552679647 0.028519952615066152
58043823 0.5346991162469 0.43495854552679647 0.028519952615066152
58049823 0.549315930813958 0.43495854552679647 0.028391612828298357
58055823 0.5680168267498833 0.43495854552679647 0.028391612828298357
58061823 0.5271571163531107 0.43495854552679647 0.028263850570571018
58067823 0.5245647296235341 0.43495854552679647 0.028263850570571018
58073823 0.5399315010222476 0.43495854552679647 0.028263850570571018
58079823 0.5680761179119191 0.43495854552679647 0.02813666324300345
58085823 0.5512809405405722 0.43495854552679647 0.02813666324300345
58091823 0.5571116308126473 0.43495854552679647 0.028010048258409935
58097823 0.5436315825762189 0.43495854552679647 0.028010048258409935
58103823 0.5061156052507799 0.43495854552679647 0.028010048258409935
58109823 0.5097318610409232 0.43495854552679647 0.02788400304124709
58115823 0.5147420976117278 0.43495854552679647 0.02788400304124709
58121823 0.5033551313865442 0.43495854552679647 0.02788400304124709
58127823 0.5270575054594512 0.43495854552679647 0.02788400304124709
58133823 0.5272724750038057 0.43495854552679647 0.02775852502756148
58139823 0.5565890556234936 0.43495854552679647 0.02775852502756148
58145823 0.5815475601887526 0.43495854552679647 0.02775852502756148
58151823 0.5771066385074085 0.43495854552679647 0.027633611664937455
58157823 0.5542973004355546 0.43495854552679647 0.027633611664937455
58163823 0.5127190782649353 0.43495854552679647 0.027633611664937455
58169823 0.5770049994121612 0.43495854552679647 0.027633611664937455
58175823 0.5455313140969165 0.43495854552679647 0.02750926041244524
58181823 0.5280683672358502 0.43495854552679647 0.02750926041244524
58187823 0.5652565136638851 0.43495854552679647 0.02750926041244524
58193823 0.5108274336224552 0.43495854552679647 0.027385468740589235
58199823 0.5381436401876222 0.43495854552679647 0.027385468740589235
58205823 0.5417162896033317 0.43495854552679647 0.027262234131256585
58211823 0.5374374619586807 0.43495854552679647 0.027262234131256585
58217823 0.5737540769200665 0.43495854552679647 0.027139554077665932
58223823 0.5474542743151835 0.43495854552679647 0.027139554077665932
58229823 0.5621129450975674 0.43495854552679647 0.027139554077665932
58235823 0.6032356148497543 0.43495854552679647 0.027017426084316436
58241823 0.5668652875036351 0.43495854552679647 0.027017426084316436
58247823 0.5403124848848178 0.43495854552679647 0.026895847666937013
58253823 0.5666905349813385 0.43495854552679647 0.026895847666937013
58259823 0.5351115625057186 0.43495854552679647 0.0267748163524358
58265823 0.5337695494027573 0.43495854552679647 0.0267748163524358
58271823 0.5326419335320174 0.43495854552679647 0.0267748163524358
58277823 0.5166219116165945 0.43495854552679647 0.02665432967884984
58283823 0.5476458326991134 0.43495854552679647 0.02665432967884984
58289823 0.5380341341061092 0.43495854552679647 0.026534385195295017
58295823 0.5469404809222644 0.43495854552679647 0.026534385195295017
58301823 0.5205484246550223 0.43495854552679647 0.02641498046191619
58307823 0.5362374073858611 0.43495854552679647 0.02641498046191619
58313823 0.5114612441355301 0.43495854552679647 0.02641498046191619
58319823 0.5365793109957715 0.43495854552679647 0.02641498046191619
58325823 0.5250528965229477 0.43495854552679647 0.026296113049837568
58331823 0.5484629427420559 0.43495854552679647 0.026296113049837568
58337823 0.5808328765581278 0.43495854552679647 0.0261777805411133
58343823 0.5068949343909527 0.43495854552679647 0.0261777805411133
58349823 0.5269042273719693 0.43495854552679647 0.026059980528678292
58355823 0.5280830280145802 0.43495854552679647 0.026059980528678292
58361823 0.555968096084275 0.43495854552679647 0.026059980528678292
58367823 0.5438748236621552 0.43495854552679647 0.02594271061629924
58373823 0.512271762972658 0.43495854552679647 0.02594271061629924
58379823 0.5259734788788724 0.43495854552679647 0.02594271061629924
58385823 0.5392514587673928 0.43495854552679647 0.025825968418525896
58391823 0.5786723446422365 0.43495854552679647 0.025825968418525896
58397823 0.5343072828405276 0.43495854552679647 0.025825968418525896
58403823 0.5193295247461761 0.43495854552679647 0.025825968418525896
58409823 0.5449034211915302 0.43495854552679647 0.025825968418525896
58415823 0.530772921970277 0.43495854552679647 0.025825968418525896
58421823 0.5146563412502173 0.43495854552679647 0.025709751560642532
58427823 0.5026697925402381 0.43495854552679647 0.025709751560642532
58433823 0.5316330740932581 0.43495854552679647 0.025709751560642532
58439823 0.5277885108050779 0.43495854552679647 0.025594057678619643
58445823 0.5094856394956578 0.43495854552679647 0.025594057678619643
58451823 0.5570462859329587 0.43495854552679647 0.025478884419065855
58457823 0.531846188408313 0.43495854552679647 0.025478884419065855
58463823 0.5450817035194604 0.43495854552679647 0.02536422943918006
58469823 0.5148577205888818 0.43495854552679647 0.02536422943918006
58475823 0.5714892895194342 0.43495854552679647 0.02536422943918006
58481823 0.4949173438603273 0.43495854552679647 0.02525009040670375
58487823 0.543336764998994 0.43495854552679647 0.02525009040670375
58493823 0.5443672170669521 0.43495854552679647 0.02525009040670375
58499823 0.53630262292297 0.43495854552679647 0.025136464999873584
58505823 0.5653150204215348 0.43495854552679647 0.025136464999873584
58511823 0.5401427808240399 0.43495854552679647 0.025023350907374155
58517823 0.5540868388014016 0.43495854552679647 0.025023350907374155
58523823 0.5588296124102077 0.43495854552679647 0.025023350907374155
58529823 0.5453717798908667 0.43495854552679647 0.025023350907374155
58535823 0.5668167503723758 0.43495854552679647 0.024910745828290972
58541823 0.5442595791033169 0.43495854552679647 0.024910745828290972
58547823 0.5590667791043124 0.43495854552679647 0.024798647472063663
58553823 0.5530677048905182 0.43495854552679647 0.024798647472063663
58559823 0.5522244738843499 0.43495854552679647 0.024798647472063663
58565823 0.5341159658634914 0.43495854552679647 0.02468705355843938
58571823 0.5640223521529537 0.43495854552679647 0.02468705355843938
58577823 0.5274207738930633 0.43495854552679647 0.0245759618174264
58583823 0.5515979263793493 0.43495854552679647 0.0245759618174264
58589823 0.562762506314178 0.43495854552679647 0.024465369989247983
58595823 0.5183400465325224 0.43495854552679647 0.024465369989247983
58601823 0.5019047140875832 0.43495854552679647 0.02435527582429637
58607823 0.5215797722828145 0.43495854552679647 0.02435527582429637
58613823 0.5574361710194918 0.43495854552679647 0.024245677083087037
58619823 0.5036294858998532 0.43495854552679647 0.024245677083087037
58625823 0.5017078506775463 0.43495854552679647 0.024136571536213146
58631823 0.5359284292763684 0.43495854552679647 0.024136571536213146
58637823 0.5369043730188797 0.43495854552679647 0.024027956964300188
58643823 0.5488651929965904 0.43495854552679647 0.024027956964300188
58649823 0.5366347060994813 0.43495854552679647 0.023919831157960838
58655823 0.5308500203631485 0.43495854552679647 0.023919831157960838
58661823 0.5647237520152163 0.43495854552679647 0.023812191917750015
58667823 0.5447821800927194 0.43495854552679647 0.023812191917750015
58673823 0.5744728471561097 0.43495854552679647 0.02370503705412014
58679823 0.5425583697115982 0.43495854552679647 0.02370503705412014
58685823 0.5242800072312369 0.43495854552679647 0.02370503705412014
58691823 0.5665671605683326 0.43495854552679647 0.02370503705412014
58697823 0.5706284801212389 0.43495854552679647 0.0235983643873766
58703823 0.5565952335100679 0.43495854552679647 0.0235983643873766
58709823 0.4840465665036218 0.43495854552679647 0.0235983643873766
58715823 0.5185994188404172 0.43495854552679647 0.0235983643873766
58721823 0.5373052266595474 0.43495854552679647 0.0235983643873766
58727823 0.5618947652497431 0.43495854552679647 0.023492171747633406
58733823 0.5138012904596232 0.43495854552679647 0.023492171747633406
58739823 0.5710849391254982 0.43495854552679647 0.023386456974769057
58745823 0.5760132872988023 0.43495854552679647 0.023386456974769057
58751823 0.5607375319328464 0.43495854552679647 0.0232812179183826
58757823 0.5435344231568624 0.43495854552679647 0.0232812179183826
58763823 0.5291848732662561 0.43495854552679647 0.0232812179183826
58769823 0.5332382330855718 0.43495854552679647 0.0232812179183826
58775823 0.5414569093490055 0.43495854552679647 0.0232812179183826
58781823 0.562357653568359 0.43495854552679647 0.023176452437749878
58787823 0.5495926476446048 0.43495854552679647 0.023176452437749878
58793823 0.5267027698784933 0.43495854552679647 0.023072158401780004
58799823 0.509358974094928 0.43495854552679647 0.023072158401780004
58805823 0.550276337567437 0.43495854552679647 0.023072158401780004
58811823 0.558772450906739 0.43495854552679647 0.023072158401780004
58817823 0.5389168131526476 0.43495854552679647 0.022968333688971995
58823823 0.5301983385272706 0.43495854552679647 0.022968333688971995
58829823 0.5466051007511721 0.43495854552679647 0.022968333688971995
58835823 0.5358318528246487 0.43495854552679647 0.022968333688971995
58841823 0.5437354931300925 0.43495854552679647 0.02286497618737162
58847823 0.5351131924603698 0.43495854552679647 0.02286497618737162
58853823 0.5401132601815445 0.43495854552679647 0.02286497618737162
58859823 0.5597215415190063 0.43495854552679647 0.02286497618737162
58865823 0.5605002112020956 0.43495854552679647 0.02276208379452845
58871823 0.5630695182599927 0.43495854552679647 0.02276208379452845
58877823 0.5409573415606187 0.43495854552679647 0.022659654417453073
58883823 0.5091795529165265 0.43495854552679647 0.022659654417453073
58889823 0.5196753885956307 0.43495854552679647 0.022659654417453073
58895823 0.5729337939934903 0.43495854552679647 0.022659654417453073
58901823 0.5711177908596303 0.43495854552679647 0.022557685972574536
58907823 0.49586833016486886 0.43495854552679647 0.022557685972574536
58913823 0.5504483495404688 0.43495854552679647 0.02245617638569795
58919823 0.5717601432455716 0.43495854552679647 0.02245617638569795
58925823 0.5276944441853154 0.43495854552679647 0.02235512359196231
58931823 0.557908402700916 0.43495854552679647 0.02235512359196231
58937823 0.5473003909963335 0.43495854552679647 0.02235512359196231
58943823 0.580791402449686 0.43495854552679647 0.02225452553579848
58949823 0.529477979523822 0.43495854552679647 0.02225452553579848
58955823 0.5118054917511494 0.43495854552679647 0.02225452553579848
58961823 0.5343281658224206 0.43495854552679647 0.02225452553579848
58967823 0.4997048302039611 0.43495854552679647 0.02215438017088739
58973823 0.5263716856564824 0.43495854552679647 0.02215438017088739
58979823 0.5333504627141896 0.43495854552679647 0.022054685460118396
58985823 0.5658164950811324 0.43495854552679647 0.022054685460118396
58991823 0.5536375709808036 0.43495854552679647 0.022054685460118396
58997823 0.5286867366934933 0.43495854552679647 0.021955439375547864
59003823 0.5745105546510054 0.43495854552679647 0.021955439375547864
59009823 0.5585495964396254 0.43495854552679647 0.0218566398983579
59015823 0.526657359358543 0.43495854552679647 0.0218566398983579
59021823 0.513167573992538 0.43495854552679647 0.02175828501881529
59027823 0.5502950417665857 0.43495854552679647 0.02175828501881529
59033823 0.5570754782014031 0.43495854552679647 0.021660372736230622
59039823 0.5328592789317367 0.43495854552679647 0.021660372736230622
59045823 0.5363085776584479 0.43495854552679647 0.021660372736230622
59051823 0.5685877375682709 0.43495854552679647 0.021660372736230622
59057823 0.5288734851468347 0.43495854552679647 0.021562901058917585
59063823 0.5615287957558297 0.43495854552679647 0.021562901058917585
59069823 0.5630861095826343 0.43495854552679647 0.02146586800415246
59075823 0.5852146686619448 0.43495854552679647 0.02146586800415246
59081823 0.561984933266052 0.43495854552679647 0.02146586800415246
59087823 0.515223148469246 0.43495854552679647 0.021369271598133774
59093823 0.5314483219838642 0.43495854552679647 0.021369271598133774
59099823 0.5437831324059798 0.43495854552679647 0.021369271598133774
59105823 0.5337407149781976 0.43495854552679647 0.02127310987594217
59111823 0.5213251602749669 0.43495854552679647 0.02127310987594217
59117823 0.5535143899160687 0.43495854552679647 0.021177380881500434
59123823 0.5100835168044139 0.43495854552679647 0.021177380881500434
59129823 0.5360665848406885 0.43495854552679647 0.021177380881500434
59135823 0.5198276002698452 0.43495854552679647 0.021082082667533683
59141823 0.5331358421355848 0.43495854552679647 0.021082082667533683
59147823 0.5316546468745771 0.43495854552679647 0.020987213295529782
59153823 0.5438682905396821 0.43495854552679647 0.020987213295529782
59159823 0.523587379717186 0.43495854552679647 0.020987213295529782
59165823 0.5195833616354346 0.43495854552679647 0.020987213295529782
59171823 0.5394419953311176 0.43495854552679647 0.0208927708356999
59177823 0.5554470723857053 0.43495854552679647 0.0208927708356999
59183823 0.5430219108360796 0.43495854552679647 0.0208927708356999
59189823 0.5478264421231652 0.43495854552679647 0.02079875336693925
59195823 0.512065789891522 0.43495854552679647 0.02079875336693925
59201823 0.5519042090067615 0.43495854552679647 0.020705158976788023
59207823 0.5557012828371162 0.43495854552679647 0.020705158976788023
59213823 0.551979909487437 0.43495854552679647 0.02061198576139248
59219823 0.5153782251543129 0.43495854552679647 0.02061198576139248
59225823 0.5621287966056057 0.43495854552679647 0.020519231825466215
59231823 0.5136557740489397 0.43495854552679647 0.020519231825466215
59237823 0.5154674443793062 0.43495854552679647 0.020519231825466215
59243823 0.5419645033053508 0.43495854552679647 0.020519231825466215
59249823 0.5768304522809102 0.43495854552679647 0.020519231825466215
59255823 0.5590011349469926 0.43495854552679647 0.02042689528225162
59261823 0.5243767605858579 0.43495854552679647 0.02042689528225162
59267823 0.5451093609527331 0.43495854552679647 0.02042689528225162
59273823 0.5624905409594673 0.43495854552679647 0.02042689528225162
59279823 0.5261416302101556 0.43495854552679647 0.020334974253481488
59285823 0.5674197156071172 0.43495854552679647 0.020334974253481488
59291823 0.5546720636480839 0.43495854552679647 0.020334974253481488
59297823 0.576140396679498 0.43495854552679647 0.020334974253481488
59303823 0.571823566720599 0.43495854552679647 0.020243466869340823
59309823 0.5549915683915618 0.43495854552679647 0.020243466869340823
59315823 0.5216159381464084 0.43495854552679647 0.020243466869340823
59321823 0.5400525053493275 0.43495854552679647 0.020243466869340823
59327823 0.5751776196332641 0.43495854552679647 0.020152371268428792
59333823 0.5726626029932608 0.43495854552679647 0.020152371268428792
59339823 0.5580446869542459 0.43495854552679647 0.02006168559772086
59345823 0.510390821614656 0.43495854552679647 0.02006168559772086
59351823 0.5177409082169818 0.43495854552679647 0.02006168559772086
59357823 0.5399104282377811 0.43495854552679647 0.02006168559772086
59363823 0.5680230814525623 0.43495854552679647 0.019971408012531118
59369823 0.5417869593190623 0.43495854552679647 0.019971408012531118
59375823 0.5166617081177777 0.43495854552679647 0.01988153667647473
59381823 0.5109190903266352 0.43495854552679647 0.01988153667647473
59387823 0.5438549581043818 0.43495854552679647 0.01988153667647473
59393823 0.4968780368610296 0.43495854552679647 0.019792069761430595
59399823 0.5415774205658104 0.43495854552679647 0.019792069761430595
59405823 0.5528383128790768 0.43495854552679647 0.019792069761430595
59411823 0.5404490538999213 0.43495854552679647 0.019703005447504158
59417823 0.5667288689137937 0.43495854552679647 0.019703005447504158
59423823 0.5628014994446342 0.43495854552679647 0.01961434192299039
59429823 0.5467010226353322 0.43495854552679647 0.01961434192299039
59435823 0.5888861902876811 0.43495854552679647 0.01961434192299039
59441823 0.5656902302648275 0.43495854552679647 0.019526077384336933
59447823 0.546014699811534 0.43495854552679647 0.019526077384336933
59453823 0.5576950853484974 0.43495854552679647 0.019438210036107417
59459823 0.5525763879190326 0.43495854552679647 0.019438210036107417
59465823 0.555035768601508 0.43495854552679647 0.019438210036107417
59471823 0.5313809174329617 0.43495854552679647 0.019438210036107417
59477823 0.540828876357425 0.43495854552679647 0.019350738090944935
59483823 0.5319919936940551 0.43495854552679647 0.019350738090944935
59489823 0.5414756196358588 0.43495854552679647 0.019263659769535684
59495823 0.5423856850106237 0.43495854552679647 0.019263659769535684
59501823 0.5068206090249603 0.43495854552679647 0.019263659769535684
59507823 0.5211194141188393 0.43495854552679647 0.019263659769535684
59513823 0.585578532672537 0.43495854552679647 0.019176973300572775
59519823 0.5402556313920645 0.43495854552679647 0.019176973300572775
59525823 0.533722245497889 0.43495854552679647 0.0190906769207202
59531823 0.5401724211642025 0.43495854552679647 0.0190906769207202
59537823 0.522050422595159 0.43495854552679647 0.0190906769207202
59543823 0.5344489437135204 0.43495854552679647 0.0190906769207202
59549823 0.5205343856774035 0.43495854552679647 0.019004768874576958
59555823 0.5276092549361606 0.43495854552679647 0.019004768874576958
59561823 0.5315032350044478 0.43495854552679647 0.018919247414641363
59567823 0.525365519994031 0.43495854552679647 0.018919247414641363
59573823 0.5241098501721293 0.43495854552679647 0.018834110801275478
59579823 0.5459166783835557 0.43495854552679647 0.018834110801275478
59585823 0.583670795020499 0.43495854552679647 0.018749357302669738
59591823 0.553260175604231 0.43495854552679647 0.018749357302669738
59597823 0.5380405592263562 0.43495854552679647 0.018664985194807724
59603823 0.5170512552567353 0.43495854552679647 0.018664985194807724
59609823 0.559268161618424 0.43495854552679647 0.018664985194807724
59615823 0.5243313192518644 0.43495854552679647 0.01858099276143109
59621823 0.5275303395171677 0.43495854552679647 0.01858099276143109
59627823 0.544054651070863 0.43495854552679647 0.01858099276143109
59633823 0.537447433759184 0.43495854552679647 0.01849737829400465
59639823 0.5144795961023227 0.43495854552679647 0.01849737829400465
59645823 0.5721683477083983 0.43495854552679647 0.01841414009168163
59651823 0.5294937772713899 0.43495854552679647 0.01841414009168163
59657823 0.5236375345021069 0.43495854552679647 0.01841414009168163
59663823 0.5463269668855875 0.43495854552679647 0.01841414009168163
59669823 0.556500171886101 0.43495854552679647 0.01841414009168163
59675823 0.5362747743423208 0.43495854552679647 0.018331276461269065
59681823 0.5294731950323518 0.43495854552679647 0.018331276461269065
59687823 0.5436894567015715 0.43495854552679647 0.018331276461269065
59693823 0.5449764989221544 0.43495854552679647 0.018248785717193357
59699823 0.5500880592811362 0.43495854552679647 0.018248785717193357
59705823 0.5164734807920015 0.43495854552679647 0.018166666181465986
59711823 0.5715586240121315 0.43495854552679647 0.018166666181465986
59717823 0.5436714048919071 0.43495854552679647 0.018166666181465986
59723823 0.5580132285093327 0.43495854552679647 0.01808491618364939
59729823 0.5603391318195775 0.43495854552679647 0.01808491618364939
59735823 0.4838063777483621 0.43495854552679647 0.01808491618364939
59741823 0.5232608979156542 0.43495854552679647 0.01808491618364939
59747823 0.5304230524125054 0.43495854552679647 0.01808491618364939
59753823 0.565438007917899 0.43495854552679647 0.01800353406082297
59759823 0.5169305644276081 0.43495854552679647 0.01800353406082297
59765823 0.5943582500644473 0.43495854552679647 0.017922518157549267
59771823 0.5376474582903308 0.43495854552679647 0.017922518157549267
59777823 0.5177831345681306 0.43495854552679647 0.017841866825840297
59783823 0.5501841253323217 0.43495854552679647 0.017841866825840297
59789823 0.5357326152719576 0.43495854552679647 0.017841866825840297
59795823 0.5546958242812181 0.43495854552679647 0.017761578425124016
59801823 0.49508293706083 0.43495854552679647 0.017761578425124016
59807823 0.5017514373085696 0.43495854552679647 0.017761578425124016
59813823 0.5163866747262984 0.43495854552679647 0.017761578425124016
59819823 0.547379212304996 0.43495854552679647 0.017761578425124016
59825823 0.5215215282453498 0.43495854552679647 0.01768165132221096
59831823 0.5484374066777872 0.43495854552679647 0.01768165132221096
59837823 0.5585177944161702 0.43495854552679647 0.01760208389126101
59843823 0.5339015921357971 0.43495854552679647 0.01760208389126101
59849823 0.5384416075056908 0.43495854552679647 0.017522874513750338
59855823 0.5314669410808982 0.43495854552679647 0.017522874513750338
59861823 0.5459805916981779 0.43495854552679647 0.01744402157843846
59867823 0.5290997648092747 0.43495854552679647 0.01744402157843846
59873823 0.5631042485238599 0.43495854552679647 0.01744402157843846
59879823 0.5326865535225894 0.43495854552679647 0.01744402157843846
59885823 0.5553251318079773 0.43495854552679647 0.01744402157843846
59891823 0.5180013482301954 0.43495854552679647 0.01736552348133549
59897823 0.5660915377039014 0.43495854552679647 0.01736552348133549
59903823 0.5574375444162201 0.43495854552679647 0.01728737862566948
59909823 0.49872292328938195 0.43495854552679647 0.01728737862566948
59915823 0.47119637626528293 0.43495854552679647 0.01728737862566948
59921823 0.5306054085656794 0.43495854552679647 0.01728737862566948
59927823 0.5225589460899585 0.43495854552679647 0.01728737862566948
59933823 0.5256298875349513 0.43495854552679647 0.017209585421853968
59939823 0.5292101381941837 0.43495854552679647 0.017209585421853968
59945823 0.5259935667502608 0.43495854552679647 0.017209585421853968
59951823 0.5330226611671774 0.43495854552679647 0.017132142287455625
59957823 0.533649071401094 0.43495854552679647 0.017132142287455625
59963823 0.5355534135344209 0.43495854552679647 0.017132142287455625
59969823 0.5277884321217564 0.43495854552679647 0.017055047647162074
59975823 0.5765762355427021 0.43495854552679647 0.017055047647162074
59981823 0.5948432833218219 0.43495854552679647 0.016978299932749845
59987823 0.5466741598787848 0.43495854552679647 0.016978299932749845
59993823 0.5351958475690178 0.43495854552679647 0.01690189758305247
59999823 0.5708785653832135 0.43495854552679647 0.01690189758305247
60005823 0.5595485893416238 0.43495854552679647 0.016825839043928734
60011823 0.5255321005122263 0.43495854552679647 0.016825839043928734
60017823 0.5561882477002884 0.43495854552679647 0.016825839043928734
60023823 0.5149308591983476 0.43495854552679647 0.016750122768231054
60029823 0.5491754043869386 0.43495854552679647 0.016750122768231054
60035823 0.5152057729926756 0.43495854552679647 0.016674747215774017
60041823 0.5618471801476961 0.43495854552679647 0.016674747215774017
60047823 0.5698791415486111 0.43495854552679647 0.016599710853303036
60053823 0.5181977865503461 0.43495854552679647 0.016599710853303036
60059823 0.5246207652532849 0.43495854552679647 0.016599710853303036
60065823 0.5358025708690304 0.43495854552679647 0.016599710853303036
60071823 0.5319131446882543 0.43495854552679647 0.016525012154463174
60077823 0.5332819912927795 0.43495854552679647 0.016525012154463174
60083823 0.5054592706090213 0.43495854552679647 0.016525012154463174
60089823 0.5678198255133448 0.43495854552679647 0.016525012154463174
60095823 0.5091850639925666 0.43495854552679647 0.01645064959976809
60101823 0.5519968551250829 0.43495854552679647 0.01645064959976809
60107823 0.5421454723173859 0.43495854552679647 0.01645064959976809
60113823 0.5553839524800793 0.43495854552679647 0.016376621676569135
60119823 0.5499540018563395 0.43495854552679647 0.016376621676569135
60125823 0.5353163842301751 0.43495854552679647 0.016302926879024574
60131823 0.5458310531750272 0.43495854552679647 0.016302926879024574
60137823 0.5317083897525701 0.43495854552679647 0.016229563708068964
60143823 0.5652064949523273 0.43495854552679647 0.016229563708068964
60149823 0.5624829034143355 0.43495854552679647 0.016156530671382653
60155823 0.5294431772820456 0.43495854552679647 0.016156530671382653
60161823 0.5132488310063733 0.43495854552679647 0.016156530671382653
60167823 0.5540794433600656 0.43495854552679647 0.016156530671382653
60173823 0.5093885386006971 0.43495854552679647 0.016156530671382653
60179823 0.5127804422711015 0.43495854552679647 0.016156530671382653
60185823 0.519466670209254 0.43495854552679647 0.016156530671382653
60191823 0.5450198251632007 0.43495854552679647 0.01608382628336143
60197823 0.5414560844875415 0.43495854552679647 0.01608382628336143
60203823 0.5249095390601576 0.43495854552679647 0.016011449065086305
60209823 0.5309591003889713 0.43495854552679647 0.016011449065086305
60215823 0.5484996609729377 0.43495854552679647 0.016011449065086305
60221823 0.5263504725515514 0.43495854552679647 0.015939397544293417
60227823 0.5531833534987127 0.43495854552679647 0.015939397544293417
60233823 0.5864116337574785 0.43495854552679647 0.015867670255344097
60239823 0.5345087648514693 0.43495854552679647 0.015867670255344097
60245823 0.534322474620722 0.43495854552679647 0.01579626573919505
60251823 0.5341244402807573 0.43495854552679647 0.01579626573919505
60257823 0.5630411648822452 0.43495854552679647 0.01579626573919505
60263823 0.5161545952532682 0.43495854552679647 0.015725182543368674
60269823 0.5471957204390506 0.43495854552679647 0.015725182543368674
60275823 0.5575692236523225 0.43495854552679647 0.015725182543368674
60281823 0.5530571812299344 0.43495854552679647 0.015654419221923517
60287823 0.5755819095855707 0.43495854552679647 0.015654419221923517
60293823 0.5525934398507854 0.43495854552679647 0.015583974335424862
60299823 0.5055187626574402 0.43495854552679647 0.015583974335424862
60305823 0.5084439117729201 0.43495854552679647 0.015583974335424862
60311823 0.5385267669066307 0.43495854552679647 0.015583974335424862
60317823 0.5409090397660576 0.43495854552679647 0.01551384645091545
60323823 0.5752980554175443 0.43495854552679647 0.01551384645091545
60329823 0.572482661790737 0.43495854552679647 0.015444034141886331
60335823 0.566032459383182 0.43495854552679647 0.015444034141886331
60341823 0.5452298627939753 0.43495854552679647 0.015444034141886331
60347823 0.5996280053177682 0.43495854552679647 0.015444034141886331
60353823 0.5594621980323818 0.43495854552679647 0.015374535988247843
60359823 0.5409897265040767 0.43495854552679647 0.015374535988247843
60365823 0.5276985370001669 0.43495854552679647 0.015374535988247843
60371823 0.5270524724224817 0.43495854552679647 0.015305350576300728
60377823 0.572554010446677 0.43495854552679647 0.015305350576300728
60383823 0.5143842863063987 0.43495854552679647 0.015236476498707376
60389823 0.532641755210643 0.43495854552679647 0.015236476498707376
60395823 0.5494591574362179 0.43495854552679647 0.015236476498707376
60401823 0.5282473867827618 0.43495854552679647 0.015167912354463194
60407823 0.5162284268905717 0.43495854552679647 0.015167912354463194
60413823 0.5395107004848104 0.43495854552679647 0.01509965674886811
60419823 0.5254301264360991 0.43495854552679647 0.01509965674886811
60425823 0.5114502144520848 0.43495854552679647 0.015031708293498204
60431823 0.5484709237688629 0.43495854552679647 0.015031708293498204
60437823 0.5649488943198783 0.43495854552679647 0.014964065606177463
60443823 0.4997187684446896 0.43495854552679647 0.014964065606177463
60449823 0.5289928511492841 0.43495854552679647 0.014964065606177463
60455823 0.5308134344737964 0.43495854552679647 0.014964065606177463
60461823 0.5230761432755399 0.43495854552679647 0.014896727310949666
60467823 0.5560738342062908 0.43495854552679647 0.014896727310949666
60473823 0.5362464585964691 0.43495854552679647 0.014896727310949666
60479823 0.5336845051583184 0.43495854552679647 0.014829692038050393
60485823 0.4797734117370286 0.43495854552679647 0.014829692038050393
60491823 0.5510111803169231 0.43495854552679647 0.014829692038050393
60497823 0.5401598233527249 0.43495854552679647 0.014762958423879168
60503823 0.5540798208812304 0.43495854552679647 0.014762958423879168
60509823 0.507898298476523 0.43495854552679647 0.014762958423879168
60515823 0.5219911040537744 0.43495854552679647 0.014762958423879168
60521823 0.5497539849023972 0.43495854552679647 0.014762958423879168
60527823 0.5253550421130325 0.43495854552679647 0.014696525110971711
60533823 0.5376823243874939 0.43495854552679647 0.014696525110971711
60539823 0.5375814088844934 0.43495854552679647 0.014630390747972339
60545823 0.5266151891071624 0.43495854552679647 0.014630390747972339
60551823 0.5408279332185251 0.43495854552679647 0.014564553989606464
60557823 0.5655074535039386 0.43495854552679647 0.014564553989606464
60563823 0.5437215487305107 0.43495854552679647 0.014499013496653236
60569823 0.49243521306650184 0.43495854552679647 0.014499013496653236
60575823 0.5224087500346676 0.43495854552679647 0.014499013496653236
60581823 0.5393249196932401 0.43495854552679647 0.014499013496653236
60587823 0.5726060373133933 0.43495854552679647 0.014499013496653236
60593823 0.5129406109604583 0.43495854552679647 0.014433767935918296
60599823 0.5522014262334795 0.43495854552679647 0.014433767935918296
60605823 0.5202610051849017 0.43495854552679647 0.014433767935918296
60611823 0.5483958948441846 0.43495854552679647 0.014368815980206664
60617823 0.5290451367181067 0.43495854552679647 0.014368815980206664
60623823 0.5615793776786142 0.43495854552679647 0.014304156308295735
60629823 0.5435594549175721 0.43495854552679647 0.014304156308295735
60635823 0.49222595639379674 0.43495854552679647 0.014304156308295735
60641823 0.5405471118519942 0.43495854552679647 0.014304156308295735
60647823 0.5773117551448067 0.43495854552679647 0.014304156308295735
60653823 0.5769402783902589 0.43495854552679647 0.014239787604908405
60659823 0.5325313970488228 0.43495854552679647 0.014239787604908405
60665823 0.5117057257668476 0.43495854552679647 0.014175708560686317
60671823 0.5856203662124192 0.43495854552679647 0.014175708560686317
60677823 0.5176728476098588 0.43495854552679647 0.01411191787216323
60683823 0.5270337975016225 0.43495854552679647 0.01411191787216323
60689823 0.5300720054368084 0.43495854552679647 0.01411191787216323
60695823 0.5311083884946474 0.43495854552679647 0.014048414241738496
60701823 0.5206334607772044 0.43495854552679647 0.014048414241738496
60707823 0.5274702493589791 0.43495854552679647 0.013985196377650673
60713823 0.532960686442517 0.43495854552679647 0.013985196377650673
60719823 0.5266929383396852 0.43495854552679647 0.013922262993951245
60725823 0.537272011277726 0.43495854552679647 0.013922262993951245
60731823 0.5486362605266398 0.43495854552679647 0.013859612810478466
60737823 0.5105873708021198 0.43495854552679647 0.013859612810478466
60743823 0.5134477068033109 0.43495854552679647 0.013859612810478466
60749823 0.5268233000206431 0.43495854552679647 0.013859612810478466
60755823 0.5340284648795686 0.43495854552679647 0.013797244552831314
60761823 0.5393331468989448 0.43495854552679647 0.013797244552831314
60767823 0.5419095689995227 0.43495854552679647 0.013735156952343574
60773823 0.5604025858897499 0.43495854552679647 0.013735156952343574
60779823 0.5295155967150478 0.43495854552679647 0.013673348746058028
60785823 0.564236808879757 0.43495854552679647 0.013673348746058028
60791823 0.527925435405213 0.43495854552679647 0.013673348746058028
60797823 0.5504273024777339 0.43495854552679647 0.013611818676700768
60803823 0.5471411620817809 0.43495854552679647 0.013611818676700768
60809823 0.5668340483012949 0.43495854552679647 0.013550565492655615
60815823 0.5481806612552194 0.43495854552679647 0.013550565492655615
60821823 0.5349064602826326 0.43495854552679647 0.013550565492655615
60827823 0.49582667883730885 0.43495854552679647 0.013550565492655615
60833823 0.5544620213076957 0.43495854552679647 0.013489587947938666
60839823 0.5583208497080105 0.43495854552679647 0.013489587947938666
60845823 0.528392268396959 0.43495854552679647 0.013428884802172943
60851823 0.5190988536845866 0.43495854552679647 0.013428884802172943
60857823 0.5204374320369186 0.43495854552679647 0.013428884802172943
60863823 0.5160153359649835 0.43495854552679647 0.013368454820563166
60869823 0.5372106014340242 0.43495854552679647 0.013368454820563166
60875823 0.5268037747495906 0.43495854552679647 0.013308296773870633
60881823 0.5300539079866088 0.43495854552679647 0.013308296773870633
60887823 0.5339551464331029 0.43495854552679647 0.013248409438388216
60893823 0.5467994465936548 0.43495854552679647 0.013248409438388216
60899823 0.532564611539852 0.43495854552679647 0.01318879159591547
60905823 0.5646514939121507 0.43495854552679647 0.01318879159591547
60911823 0.5715343482571619 0.43495854552679647 0.01318879159591547
60917823 0.4980740205484457 0.43495854552679647 0.01312944203373385
60923823 0.5357760390286591 0.43495854552679647 0.01312944203373385
60929823 0.5316457023826309 0.43495854552679647 0.01307035954458205
60935823 0.5073286460140516 0.43495854552679647 0.01307035954458205
60941823 0.5321920435717192 0.43495854552679647 0.01307035954458205
60947823 0.5291388996076151 0.43495854552679647 0.01301154292663143
60953823 0.5071849143235874 0.43495854552679647 0.01301154292663143
60959823 0.5282581629508052 0.43495854552679647 0.01301154292663143
60965823 0.5145625988633356 0.43495854552679647 0.01301154292663143
60971823 0.5574779677048971 0.43495854552679647 0.01295299098346159
60977823 0.545142535079725 0.43495854552679647 0.01295299098346159
60983823 0.5580575447338625 0.43495854552679647 0.012894702524036013
60989823 0.5321667969344542 0.43495854552679647 0.012894702524036013
60995823 0.5175691807651375 0.43495854552679647 0.012894702524036013
61001823 0.520314611582824 0.43495854552679647 0.012836676362677851
61007823 0.5379430758405077 0.43495854552679647 0.012836676362677851
61013823 0.5544839391313829 0.43495854552679647 0.012778911319045802
61019823 0.561335242168538 0.43495854552679647 0.012778911319045802
61025823 0.5413032223380246 0.43495854552679647 0.012778911319045802
61031823 0.5554915672725813 0.43495854552679647 0.012721406218110097
61037823 0.5608494203247454 0.43495854552679647 0.012721406218110097
61043823 0.5578864478400871 0.43495854552679647 0.012664159890128602
61049823 0.506292994023462 0.43495854552679647 0.012664159890128602
61055823 0.544303312041591 0.43495854552679647 0.012664159890128602
61061823 0.5475619583970899 0.43495854552679647 0.012664159890128602
61067823 0.5271292226585486 0.43495854552679647 0.012607171170623025
61073823 0.553206547948912 0.43495854552679647 0.012607171170623025
61079823 0.5746376360808081 0.43495854552679647 0.012550438900355221
61085823 0.5247058981571844 0.43495854552679647 0.012550438900355221
61091823 0.5370404722274619 0.43495854552679647 0.012550438900355221
61097823 0.5657755134520307 0.43495854552679647 0.012493961925303623
61103823 0.5267131224251691 0.43495854552679647 0.012493961925303623
61109823 0.5320487727474046 0.43495854552679647 0.012493961925303623
61115823 0.5132562367495545 0.43495854552679647 0.012493961925303623
61121823 0.5386566200907479 0.43495854552679647 0.012437739096639758
61127823 0.5626663045648905 0.43495854552679647 0.012437739096639758
61133823 0.5564124064324989 0.43495854552679647 0.01238176927070488
61139823 0.5528688726018692 0.43495854552679647 0.01238176927070488
61145823 0.5777045008205516 0.43495854552679647 0.012326051308986709
61151823 0.5329243804994852 0.43495854552679647 0.012326051308986709
61157823 0.5449580958156564 0.43495854552679647 0.01227058407809627
61163823 0.5023238470368172 0.43495854552679647 0.01227058407809627
61169823 0.5268310576113857 0.43495854552679647 0.01227058407809627
61175823 0.539601781425735 0.43495854552679647 0.012215366449744837
61181823 0.5429984491518242 0.43495854552679647 0.012215366449744837
61187823 0.5556737677721421 0.43495854552679647 0.012160397300720986
61193823 0.5074949685286972 0.43495854552679647 0.012160397300720986
61199823 0.4792586785860227 0.43495854552679647 0.012160397300720986
61205823 0.5214631504972498 0.43495854552679647 0.012160397300720986
61211823 0.5120334929375154 0.43495854552679647 0.012160397300720986
61217823 0.5367137251615771 0.43495854552679647 0.012105675512867743
61223823 0.5452783010695561 0.43495854552679647 0.012105675512867743
61229823 0.5586598682282693 0.43495854552679647 0.012051199973059838
61235823 0.554720996773342 0.43495854552679647 0.012051199973059838
61241823 0.5473523659444464 0.43495854552679647 0.01199696957318107
61247823 0.5473601209493757 0.43495854552679647 0.01199696957318107
61253823 0.5381066783097402 0.43495854552679647 0.011942983210101756
61259823 0.5513540054855963 0.43495854552679647 0.011942983210101756
61265823 0.5469279581229173 0.43495854552679647 0.011889239785656298
61271823 0.6042285941028053 0.43495854552679647 0.011889239785656298
61277823 0.5381095132274992 0.43495854552679647 0.011835738206620846
61283823 0.5615354163491807 0.43495854552679647 0.011835738206620846
61289823 0.5194965070000506 0.43495854552679647 0.011782477384691053
61295823 0.517147981994548 0.43495854552679647 0.011782477384691053
61301823 0.5386910795249819 0.43495854552679647 0.011782477384691053
61307823 0.5363790815583985 0.43495854552679647 0.011729456236459943
61313823 0.5101200742038159 0.43495854552679647 0.011729456236459943
61319823 0.5829189913428324 0.43495854552679647 0.011676673683395873
61325823 0.5219630925116657 0.43495854552679647 0.011676673683395873
61331823 0.5410844492978417 0.43495854552679647 0.011624128651820591
61337823 0.5291623795605598 0.43495854552679647 0.011624128651820591
61343823 0.5540930705688564 0.43495854552679647 0.011624128651820591
61349823 0.5503720462514461 0.43495854552679647 0.0115718200728874
61355823 0.5570313451764799 0.43495854552679647 0.0115718200728874
61361823 0.4941503180058197 0.43495854552679647 0.011519746882559407
61367823 0.5242713891477353 0.43495854552679647 0.011519746882559407
61373823 0.5407099676823045 0.43495854552679647 0.011519746882559407
61379823 0.536889809018083 0.43495854552679647 0.01146790802158789
61385823 0.5382304712502644 0.43495854552679647 0.01146790802158789
61391823 0.5559260369463701 0.43495854552679647 0.011416302435490746
61397823 0.5320628043173455 0.43495854552679647 0.011416302435490746
61403823 0.5708970753540997 0.43495854552679647 0.011364929074531039
61409823 0.5540183640244833 0.43495854552679647 0.011364929074531039
61415823 0.5552577133798451 0.43495854552679647 0.01131378689369565
61421823 0.5503127669906293 0.43495854552679647 0.01131378689369565
61427823 0.5521064198294678 0.43495854552679647 0.01131378689369565
61433823 0.5378689777169591 0.43495854552679647 0.01126287485267402
61439823 0.5403668488651924 0.43495854552679647 0.01126287485267402
61445823 0.5276433924331521 0.43495854552679647 0.011212191915836988
61451823 0.5582155677954336 0.43495854552679647 0.011212191915836988
61457823 0.5719502598042566 0.43495854552679647 0.011161737052215721
61463823 0.5146869732328408 0.43495854552679647 0.011161737052215721
61469823 0.5227671728014917 0.43495854552679647 0.011161737052215721
61475823 0.5084123769710821 0.43495854552679647 0.011161737052215721
61481823 0.5431850910803918 0.43495854552679647 0.011111509235480752
61487823 0.5229213482266484 0.43495854552679647 0.011111509235480752
61493823 0.5275298590834466 0.43495854552679647 0.011111509235480752
61499823 0.5364091485356649 0.43495854552679647 0.011061507443921089
61505823 0.5343102225102527 0.43495854552679647 0.011061507443921089
61511823 0.5421632473874395 0.43495854552679647 0.011061507443921089
61517823 0.5372224231280499 0.43495854552679647 0.011011730660423444
61523823 0.5471477936284792 0.43495854552679647 0.011011730660423444
61529823 0.48919617851996866 0.43495854552679647 0.01096217787245154
61535823 0.5341590508504993 0.43495854552679647 0.01096217787245154
61541823 0.5122980580270962 0.43495854552679647 0.01096217787245154
61547823 0.5507753341998841 0.43495854552679647 0.010912848072025508
61553823 0.5612723920290538 0.43495854552679647 0.010912848072025508
61559823 0.5369276110638884 0.43495854552679647 0.010863740255701394
61565823 0.5100457213639548 0.43495854552679647 0.010863740255701394
61571823 0.4992860382923652 0.43495854552679647 0.010863740255701394
61577823 0.525632069347754 0.43495854552679647 0.010863740255701394
61583823 0.5351137414569046 0.43495854552679647 0.01081485342455074
61589823 0.5192388779998429 0.43495854552679647 0.01081485342455074
61595823 0.5502082343925598 0.43495854552679647 0.01081485342455074
61601823 0.5597987403732511 0.43495854552679647 0.010766186584140261
61607823 0.5240839300742319 0.43495854552679647 0.010766186584140261
61613823 0.5350542740014983 0.43495854552679647 0.010766186584140261
61619823 0.5321804265461442 0.43495854552679647 0.010766186584140261
61625823 0.5312761493921572 0.43495854552679647 0.01071773874451163
61631823 0.5515422470289759 0.43495854552679647 0.01071773874451163
61637823 0.5297861745864869 0.43495854552679647 0.01071773874451163
61643823 0.5527966690919749 0.43495854552679647 0.010669508920161328
61649823 0.5426145978007536 0.43495854552679647 0.010669508920161328
61655823 0.5322391489138931 0.43495854552679647 0.010621496130020603
61661823 0.5653343916803383 0.43495854552679647 0.010621496130020603
61667823 0.5485161709538893 0.43495854552679647 0.010621496130020603
61673823 0.5582258905757893 0.43495854552679647 0.01057369939743551
61679823 0.5355379630607026 0.43495854552679647 0.01057369939743551
61685823 0.5434760419691143 0.43495854552679647 0.010526117750147052
61691823 0.5303670046323791 0.43495854552679647 0.010526117750147052
61697823 0.5226516272069988 0.43495854552679647 0.010526117750147052
61703823 0.5161859631844584 0.43495854552679647 0.010526117750147052
61709823 0.5081837427790152 0.43495854552679647 0.010526117750147052
61715823 0.5501042857713198 0.43495854552679647 0.01047875022027139
61721823 0.5296672854281738 0.43495854552679647 0.01047875022027139
61727823 0.542754113749419 0.43495854552679647 0.01047875022027139
61733823 0.5594401525606136 0.43495854552679647 0.01047875022027139
61739823 0.5377692811237277 0.43495854552679647 0.010431595844280168
61745823 0.5469840947766244 0.43495854552679647 0.010431595844280168
61751823 0.5265772505570128 0.43495854552679647 0.010384653662980909
61757823 0.5457963756701316 0.43495854552679647 0.010384653662980909
61763823 0.5290847746394036 0.43495854552679647 0.010384653662980909
61769823 0.5218340344412518 0.43495854552679647 0.010337922721497495
61775823 0.5230166637317547 0.43495854552679647 0.010337922721497495
61781823 0.5426533636132962 0.43495854552679647 0.010291402069250756
61787823 0.5114729638307504 0.43495854552679647 0.010291402069250756
61793823 0.5285816457659112 0.43495854552679647 0.010245090759939127
61799823 0.5155908020885283 0.43495854552679647 0.010245090759939127
61805823 0.47572852884393185 0.43495854552679647 0.010198987851519402
61811823 0.49563730735545275 0.43495854552679647 0.010198987851519402
61817823 0.5059177494732986 0.43495854552679647 0.010198987851519402
61823823 0.5147994576760898 0.43495854552679647 0.010198987851519402
61829823 0.5255401256691368 0.43495854552679647 0.010153092406187565
61835823 0.5381867500730564 0.43495854552679647 0.010153092406187565
61841823 0.524555714373804 0.43495854552679647 0.010153092406187565
61847823 0.5532626935657793 0.43495854552679647 0.010107403490359722
61853823 0.5307202538097584 0.43495854552679647 0.010107403490359722
61859823 0.5464071464782206 0.43495854552679647 0.010061920174653105
61865823 0.5367768016190673 0.43495854552679647 0.010061920174653105
61871823 0.5484403718761643 0.43495854552679647 0.010061920174653105
61877823 0.5045068819855218 0.43495854552679647 0.010016641533867165
61883823 0.539246477484466 0.43495854552679647 0.010016641533867165
61889823 0.5163695273682191 0.43495854552679647 0.010016641533867165
61895823 0.5344658395352461 0.43495854552679647 0.009971566646964764
61901823 0.5569040736611974 0.43495854552679647 0.009971566646964764
61907823 0.49271646532582514 0.43495854552679647 0.009926694597053424
61913823 0.5266513090347206 0.43495854552679647 0.009926694597053424
61919823 0.5214483345387237 0.43495854552679647 0.009882024471366683
61925823 0.5287249211851817 0.43495854552679647 0.009882024471366683
61931823 0.5124963971746396 0.43495854552679647 0.009882024471366683
61937823 0.5118102787830798 0.43495854552679647 0.009882024471366683
61943823 0.543329681928534 0.43495854552679647 0.009837555361245533
61949823 0.5236927193906742 0.43495854552679647 0.009837555361245533
61955823 0.5328936076100855 0.43495854552679647 0.009793286362119928
61961823 0.5823439166148174 0.43495854552679647 0.009793286362119928
61967823 0.5281500807043693 0.43495854552679647 0.009749216573490389
61973823 0.5368587999462205 0.43495854552679647 0.009749216573490389
61979823 0.5249976922268254 0.43495854552679647 0.009749216573490389
61985823 0.5144892293019702 0.43495854552679647 0.009705345098909683
61991823 0.5348130405614152 0.43495854552679647 0.009705345098909683
61997823 0.5661468293452631 0.43495854552679647 0.00966167104596459
62003823 0.5627616066502082 0.43495854552679647 0.00966167104596459
62009823 0.513960007832006 0.43495854552679647 0.00961819352625775
62015823 0.5339341270516745 0.43495854552679647 0.00961819352625775
62021823 0.5287217075887758 0.43495854552679647 0.00957491165538959
62027823 0.5429123353916118 0.43495854552679647 0.00957491165538959
62033823 0.5093280251491127 0.43495854552679647 0.009531824552940337
62039823 0.5375586821313544 0.43495854552679647 0.009531824552940337
62045823 0.5028150280197984 0.43495854552679647 0.009488931342452106
62051823 0.520660446046799 0.43495854552679647 0.009488931342452106
62057823 0.5349351168319747 0.43495854552679647 0.009446231151411072
62063823 0.5102751839237418 0.43495854552679647 0.009446231151411072
62069823 0.49415296166237427 0.43495854552679647 0.009446231151411072
62075823 0.5182189666989546 0.43495854552679647 0.009446231151411072
62081823 0.5185228423590572 0.43495854552679647 0.009403723111229723
62087823 0.4970718660764572 0.43495854552679647 0.009403723111229723
62093823 0.4787147358864204 0.43495854552679647 0.009403723111229723
62099823 0.5274141647686915 0.43495854552679647 0.00936140635722919
62105823 0.5286934937099567 0.43495854552679647 0.00936140635722919
62111823 0.5135245378298376 0.43495854552679647 0.00936140635722919
62117823 0.5480001561176857 0.43495854552679647 0.00931928002862166
62123823 0.5224534484213313 0.43495854552679647 0.00931928002862166
62129823 0.4843807894917958 0.43495854552679647 0.009277343268492862
62135823 0.5048338772876474 0.43495854552679647 0.009277343268492862
62141823 0.5343698638427841 0.43495854552679647 0.009277343268492862
62147823 0.5026400124879387 0.43495854552679647 0.009235595223784645
62153823 0.5021812884670299 0.43495854552679647 0.009235595223784645
62159823 0.4908640690003672 0.43495854552679647 0.009235595223784645
62165823 0.4875741643957351 0.43495854552679647 0.009194035045277615
62171823 0.5113796717624355 0.43495854552679647 0.009194035045277615
62177823 0.5366030277203305 0.43495854552679647 0.009152661887573866
62183823 0.5313643117501923 0.43495854552679647 0.009152661887573866
62189823 0.5060432776969901 0.43495854552679647 0.009152661887573866
62195823 0.5294051138588871 0.43495854552679647 0.009152661887573866
62201823 0.507799600536125 0.43495854552679647 0.009152661887573866
62207823 0.4937475596204646 0.43495854552679647 0.009111474909079785
62213823 0.5599630716622445 0.43495854552679647 0.009111474909079785
62219823 0.5267440409761924 0.43495854552679647 0.009070473271988927
62225823 0.5337921178902709 0.43495854552679647 0.009070473271988927
62231823 0.5131455221475169 0.43495854552679647 0.009029656142264978
62237823 0.5384514766669911 0.43495854552679647 0.009029656142264978
62243823 0.5092184261404296 0.43495854552679647 0.008989022689624785
62249823 0.5480988784101706 0.43495854552679647 0.008989022689624785
62255823 0.5209613152223533 0.43495854552679647 0.008948572087521475
62261823 0.5123656954308732 0.43495854552679647 0.008948572087521475
62267823 0.5125551730817917 0.43495854552679647 0.008948572087521475
62273823 0.5543834145774699 0.43495854552679647 0.008908303513127628
62279823 0.5246285550368359 0.43495854552679647 0.008908303513127628
62285823 0.5049137963490674 0.43495854552679647 0.008868216147318555
62291823 0.5344332902353878 0.43495854552679647 0.008868216147318555
62297823 0.5142214498138195 0.43495854552679647 0.008828309174655621
62303823 0.537471322586406 0.43495854552679647 0.008828309174655621
62309823 0.5319748754746353 0.43495854552679647 0.008828309174655621
62315823 0.5025361135530797 0.43495854552679647 0.008788581783369671
62321823 0.5078862095716764 0.43495854552679647 0.008788581783369671
62327823 0.5426230398170367 0.43495854552679647 0.008788581783369671
62333823 0.5501216724666357 0.43495854552679647 0.008749033165344509
62339823 0.5277721427704593 0.43495854552679647 0.008749033165344509
62345823 0.5146867444023632 0.43495854552679647 0.008749033165344509
62351823 0.5047652786415117 0.43495854552679647 0.008749033165344509
62357823 0.5158886838023056 0.43495854552679647 0.00870966251610046
62363823 0.5303643923420911 0.43495854552679647 0.00870966251610046
62369823 0.5233311518420707 0.43495854552679647 0.008670469034778007
62375823 0.5473580898205734 0.43495854552679647 0.008670469034778007
62381823 0.5348032802548636 0.43495854552679647 0.008670469034778007
62387823 0.475422862237786 0.43495854552679647 0.008670469034778007
62393823 0.484488779184973 0.43495854552679647 0.008670469034778007
62399823 0.5268096381130142 0.43495854552679647 0.008670469034778007
62405823 0.5030491705980729 0.43495854552679647 0.008631451924121507
62411823 0.5517420904451453 0.43495854552679647 0.008631451924121507
62417823 0.5169120925500844 0.43495854552679647 0.008592610390462961
62423823 0.5241257542198756 0.43495854552679647 0.008592610390462961
62429823 0.5187610372519507 0.43495854552679647 0.008553943643705878
62435823 0.5303476665142636 0.43495854552679647 0.008553943643705878
62441823 0.5220218855455293 0.43495854552679647 0.008553943643705878
62447823 0.5216963615730861 0.43495854552679647 0.008515450897309202
62453823 0.5164152814847798 0.43495854552679647 0.008515450897309202
62459823 0.4997733455627593 0.43495854552679647 0.008515450897309202
62465823 0.5475939059123766 0.43495854552679647 0.008515450897309202
62471823 0.5283714317948144 0.43495854552679647 0.00847713136827131
62477823 0.5511385843354315 0.43495854552679647 0.00847713136827131
62483823 0.5138285757290535 0.43495854552679647 0.00847713136827131
62489823 0.5380445264504756 0.43495854552679647 0.00847713136827131
62495823 0.5509570307043732 0.43495854552679647 0.008438984277114089
62501823 0.5018456860354118 0.43495854552679647 0.008438984277114089
62507823 0.521798968970693 0.43495854552679647 0.008438984277114089
62513823 0.49302476145080837 0.43495854552679647 0.008438984277114089
62519823 0.5200367956766205 0.43495854552679647 0.008438984277114089
62525823 0.550839881901889 0.43495854552679647 0.008401008847867075
62531823 0.5593399877545128 0.43495854552679647 0.008401008847867075
62537823 0.5326225359785538 0.43495854552679647 0.008363204308051674
62543823 0.5297287540941996 0.43495854552679647 0.008363204308051674
62549823 0.4900592464746011 0.43495854552679647 0.008363204308051674
62555823 0.51894302077913 0.43495854552679647 0.008363204308051674
62561823 0.5009492985645096 0.43495854552679647 0.008363204308051674
62567823 0.49046886637940834 0.43495854552679647 0.008325569888665441
62573823 0.5168129235705521 0.43495854552679647 0.008325569888665441
62579823 0.5033835449049999 0.43495854552679647 0.008288104824166448
62585823 0.5026811516015867 0.43495854552679647 0.008288104824166448
62591823 0.5301746987418675 0.43495854552679647 0.008288104824166448
62597823 0.5137544249186478 0.43495854552679647 0.008250808352457699
62603823 0.5495508389660005 0.43495854552679647 0.008250808352457699
62609823 0.567811171670763 0.43495854552679647 0.008213679714871639
62615823 0.5213789196991037 0.43495854552679647 0.008213679714871639
62621823 0.546098812966218 0.43495854552679647 0.008213679714871639
62627823 0.5135685477089725 0.43495854552679647 0.008176718156154717
62633823 0.5158198833647809 0.43495854552679647 0.008176718156154717
62639823 0.5132623486000405 0.43495854552679647 0.008176718156154717
62645823 0.5324448473710199 0.43495854552679647 0.008139922924452021
62651823 0.5300892568255664 0.43495854552679647 0.008139922924452021
62657823 0.4850913686161655 0.43495854552679647 0.008103293271291988
62663823 0.5263299091156657 0.43495854552679647 0.008103293271291988
62669823 0.5491937981726931 0.43495854552679647 0.008103293271291988
62675823 0.5454460079097252 0.43495854552679647 0.008066828451571174
62681823 0.5258512255615798 0.43495854552679647 0.008066828451571174
62687823 0.4981499572648789 0.43495854552679647 0.008066828451571174
62693823 0.4986329512851372 0.43495854552679647 0.008066828451571174
62699823 0.5201838657181189 0.43495854552679647 0.008066828451571174
62705823 0.5331984031153394 0.43495854552679647 0.008030527723539104
62711823 0.5420573579520547 0.43495854552679647 0.008030527723539104
62717823 0.4951406255840076 0.43495854552679647 0.007994390348783178
62723823 0.5165639901742468 0.43495854552679647 0.007994390348783178
62729823 0.5420638734922035 0.43495854552679647 0.007958415592213655
62735823 0.5177581330312346 0.43495854552679647 0.007958415592213655
62741823 0.5172690978323373 0.43495854552679647 0.007958415592213655
62747823 0.5230124218154102 0.43495854552679647 0.007922602722048694
62753823 0.4849259129705984 0.43495854552679647 0.007922602722048694
62759823 0.5216122431307876 0.43495854552679647 0.007922602722048694
62765823 0.5262617821440003 0.43495854552679647 0.007886951009799475
62771823 0.5258081559600138 0.43495854552679647 0.007886951009799475
62777823 0.49615592716682605 0.43495854552679647 0.007851459730255379
62783823 0.5189935550170185 0.43495854552679647 0.007851459730255379
62789823 0.5083061090764814 0.43495854552679647 0.00781612816146923
62795823 0.5009265138709467 0.43495854552679647 0.00781612816146923
62801823 0.4949868061627347 0.43495854552679647 0.00781612816146923
62807823 0.494944182109735 0.43495854552679647 0.00781612816146923
62813823 0.5199156810330896 0.43495854552679647 0.00778095558474262
62819823 0.532764315065352 0.43495854552679647 0.00778095558474262
62825823 0.4726747972587067 0.43495854552679647 0.007745941284611278
62831823 0.5137370594725578 0.43495854552679647 0.007745941284611278
62837823 0.5528850982479049 0.43495854552679647 0.007711084548830528
62843823 0.528454502602431 0.43495854552679647 0.007711084548830528
62849823 0.5171968091314761 0.43495854552679647 0.007711084548830528
62855823 0.48461337306747293 0.43495854552679647 0.007711084548830528
62861823 0.48351002946869 0.43495854552679647 0.007711084548830528
62867823 0.5588365500335244 0.43495854552679647 0.007711084548830528
62873823 0.532870515231166 0.43495854552679647 0.007676384668360791
62879823 0.5030364361136505 0.43495854552679647 0.007676384668360791
62885823 0.5062588772145947 0.43495854552679647 0.007676384668360791
62891823 0.4537743459825379 0.43495854552679647 0.007676384668360791
62897823 0.48580456850641096 0.43495854552679647 0.007676384668360791
62903823 0.5102531098854588 0.43495854552679647 0.007641840937353168
62909823 0.5168236396918242 0.43495854552679647 0.007641840937353168
62915823 0.5114990796241848 0.43495854552679647 0.007641840937353168
62921823 0.49607970243856647 0.43495854552679647 0.007607452653135079
62927823 0.5128514891498256 0.43495854552679647 0.007607452653135079
62933823 0.49926246952485537 0.43495854552679647 0.007607452653135079
62939823 0.4985818021681799 0.43495854552679647 0.007573219116195971
62945823 0.4804702009404014 0.43495854552679647 0.007573219116195971
62951823 0.5205640806289975 0.43495854552679647 0.007573219116195971
62957823 0.5047791270852886 0.43495854552679647 0.007539139630173089
62963823 0.5227272944882844 0.43495854552679647 0.007539139630173089
62969823 0.5208641761330981 0.43495854552679647 0.007539139630173089
62975823 0.48465967359943773 0.43495854552679647 0.007539139630173089
62981823 0.47918964453811413 0.43495854552679647 0.007505213501837311
62987823 0.5227323694052822 0.43495854552679647 0.007505213501837311
62993823 0.46598920541028926 0.43495854552679647 0.007471440041079043
62999823 0.5102005801306017 0.43495854552679647 0.007471440041079043
63005823 0.512772721154597 0.43495854552679647 0.007471440041079043
63011823 0.5011418246681876 0.43495854552679647 0.0074378185608941876
63017823 0.48804901160140685 0.43495854552679647 0.0074378185608941876
63023823 0.5007486033793928 0.43495854552679647 0.0074378185608941876
63029823 0.5072815407030569 0.43495854552679647 0.0074043483773701645
63035823 0.5258566200318782 0.43495854552679647 0.0074043483773701645
63041823 0.50440509539104 0.43495854552679647 0.007371028809671999
63047823 0.5047709247650298 0.43495854552679647 0.007371028809671999
63053823 0.49592587618532247 0.43495854552679647 0.007371028809671999
63059823 0.504234449522398 0.43495854552679647 0.007371028809671999
63065823 0.5551226577759012 0.43495854552679647 0.007337859180028475
63071823 0.5035176832810652 0.43495854552679647 0.007337859180028475
63077823 0.502212077190213 0.43495854552679647 0.007337859180028475
63083823 0.5330594536594161 0.43495854552679647 0.007337859180028475
63089823 0.49787714427224095 0.43495854552679647 0.007337859180028475
63095823 0.5112683952157789 0.43495854552679647 0.007304838813718347
63101823 0.5015043831622397 0.43495854552679647 0.007304838813718347
63107823 0.5180964282070363 0.43495854552679647 0.0072719670390566146
63113823 0.4930844562291903 0.43495854552679647 0.0072719670390566146
63119823 0.5015749722244282 0.43495854552679647 0.0072719670390566146
63125823 0.5000872224970073 0.43495854552679647 0.00723924318738086
63131823 0.5262422772623208 0.43495854552679647 0.00723924318738086
63137823 0.5182860472255336 0.43495854552679647 0.007206666593037646
63143823 0.5013307771032791 0.43495854552679647 0.007206666593037646
63149823 0.5015202291160223 0.43495854552679647 0.007206666593037646
63155823 0.4680366802094299 0.43495854552679647 0.007206666593037646
63161823 0.5314579613002841 0.43495854552679647 0.007174236593368978
63167823 0.5272278851943343 0.43495854552679647 0.007174236593368978
63173823 0.48985397733020425 0.43495854552679647 0.007141952528698817
63179823 0.5015731845126755 0.43495854552679647 0.007141952528698817
63185823 0.44938569634040115 0.43495854552679647 0.007141952528698817
63191823 0.48444174340156776 0.43495854552679647 0.007141952528698817
63197823 0.4810119626904456 0.43495854552679647 0.007109813742319673
63203823 0.5167990583137214 0.43495854552679647 0.007109813742319673
63209823 0.4761842356724213 0.43495854552679647 0.007109813742319673
63215823 0.46802221844631753 0.43495854552679647 0.007109813742319673
63221823 0.49227492471875806 0.43495854552679647 0.007109813742319673
63227823 0.5197859241052503 0.43495854552679647 0.007077819580479235
63233823 0.5383387300510966 0.43495854552679647 0.007077819580479235
63239823 0.5017865215454022 0.43495854552679647 0.007045969392367079
63245823 0.48654383374395205 0.43495854552679647 0.007045969392367079
63251823 0.5138815805517044 0.43495854552679647 0.007045969392367079
63257823 0.491447762652245 0.43495854552679647 0.007045969392367079
63263823 0.48385497824558077 0.43495854552679647 0.0070142625301014274
63269823 0.4940763856553978 0.43495854552679647 0.0070142625301014274
63275823 0.49120633248247925 0.43495854552679647 0.006982698348715972
63281823 0.46985311835733823 0.43495854552679647 0.006982698348715972
63287823 0.5072892513846978 0.43495854552679647 0.006982698348715972
63293823 0.5070194788645108 0.43495854552679647 0.006982698348715972
63299823 0.5240086784919493 0.43495854552679647 0.00695127620614675
63305823 0.5130631051763475 0.43495854552679647 0.00695127620614675
63311823 0.5029876159573693 0.43495854552679647 0.00691999546321909
63317823 0.5237279960727869 0.43495854552679647 0.00691999546321909
63323823 0.5207115449262238 0.43495854552679647 0.00691999546321909
63329823 0.4898631375619917 0.43495854552679647 0.006888855483634604
63335823 0.4945427545071539 0.43495854552679647 0.006888855483634604
63341823 0.5054062024402879 0.43495854552679647 0.006888855483634604
63347823 0.5103553971734142 0.43495854552679647 0.006857855633958248
63353823 0.4787723214951936 0.43495854552679647 0.006857855633958248
63359823 0.5393676555581045 0.43495854552679647 0.006857855633958248
63365823 0.5356753573139544 0.43495854552679647 0.006826995283605437
63371823 0.5289976924992499 0.43495854552679647 0.006826995283605437
63377823 0.5236659807659529 0.43495854552679647 0.006826995283605437
63383823 0.48528807624693227 0.43495854552679647 0.006796273804829212
63389823 0.49090330548478467 0.43495854552679647 0.006796273804829212
63395823 0.5032616298441432 0.43495854552679647 0.006796273804829212
63401823 0.5038427960885972 0.43495854552679647 0.006765690572707481
63407823 0.5245846646916932 0.43495854552679647 0.006765690572707481
63413823 0.48717221293758256 0.43495854552679647 0.006765690572707481
63419823 0.5016243056607321 0.43495854552679647 0.006765690572707481
63425823 0.4939510929939726 0.43495854552679647 0.006735244965130297
63431823 0.5036638414420876 0.43495854552679647 0.006735244965130297
63437823 0.4887939669193039 0.43495854552679647 0.006735244965130297
63443823 0.46566203635990616 0.43495854552679647 0.006735244965130297
63449823 0.4632703080324378 0.43495854552679647 0.006735244965130297
63455823 0.5079051997165382 0.43495854552679647 0.006735244965130297
63461823 0.5257069143718347 0.43495854552679647 0.006704936362787212
63467823 0.5001199532607022 0.43495854552679647 0.006704936362787212
63473823 0.5151840377642268 0.43495854552679647 0.006674764149154669
63479823 0.5118842333433937 0.43495854552679647 0.006674764149154669
63485823 0.5207322759595833 0.43495854552679647 0.006644727710483474
63491823 0.5317032789961844 0.43495854552679647 0.006644727710483474
63497823 0.5263212145760188 0.43495854552679647 0.006614826435786298
63503823 0.513962481835449 0.43495854552679647 0.006614826435786298
63509823 0.5054644786362658 0.43495854552679647 0.0065850597168252605
63515823 0.4941377823918558 0.43495854552679647 0.0065850597168252605
63521823 0.4808560021463723 0.43495854552679647 0.006555426948099547
63527823 0.5071263009164036 0.43495854552679647 0.006555426948099547
63533823 0.515854576874067 0.43495854552679647 0.0065259275268331
63539823 0.4861809691362156 0.43495854552679647 0.0065259275268331
63545823 0.5166344372685018 0.43495854552679647 0.0065259275268331
63551823 0.46542244201556293 0.43495854552679647 0.006496560852962351
63557823 0.48219583429872054 0.43495854552679647 0.006496560852962351
63563823 0.5113375027953672 0.43495854552679647 0.006467326329124021
63569823 0.5048939914630143 0.43495854552679647 0.006467326329124021
63575823 0.5003927374969003 0.43495854552679647 0.006438223360642963
63581823 0.5029758646153175 0.43495854552679647 0.006438223360642963
63587823 0.5289299028621479 0.43495854552679647 0.006438223360642963
63593823 0.47549253269903147 0.43495854552679647 0.00640925135552007
63599823 0.501297301453863 0.43495854552679647 0.00640925135552007
63605823 0.47205917549095927 0.43495854552679647 0.00640925135552007
63611823 0.49702220541736164 0.43495854552679647 0.0063804097244202305
63617823 0.4869922352625265 0.43495854552679647 0.0063804097244202305
63623823 0.5030238306721212 0.43495854552679647 0.00635169788066034
63629823 0.5330443853309345 0.43495854552679647 0.00635169788066034
63635823 0.5126385239663682 0.43495854552679647 0.006323115240197369
63641823 0.4893010482729923 0.43495854552679647 0.006323115240197369
63647823 0.4943521030660236 0.43495854552679647 0.006323115240197369
63653823 0.5051531621084879 0.43495854552679647 0.006323115240197369
63659823 0.48374363555642663 0.43495854552679647 0.006294661221616481
63665823 0.5099738850966381 0.43495854552679647 0.006294661221616481
63671823 0.517314390161224 0.43495854552679647 0.006294661221616481
63677823 0.5060030631039381 0.43495854552679647 0.006266335246119207
63683823 0.48079496539397243 0.43495854552679647 0.006266335246119207
63689823 0.4748916482482603 0.43495854552679647 0.006238136737511671
63695823 0.4981529761364369 0.43495854552679647 0.006238136737511671
63701823 0.4934005642245686 0.43495854552679647 0.0062100651221928685
63707823 0.4504063563451876 0.43495854552679647 0.0062100651221928685
63713823 0.4790495657638633 0.43495854552679647 0.0062100651221928685
63719823 0.47795723272900087 0.43495854552679647 0.0062100651221928685
63725823 0.4926229219280137 0.43495854552679647 0.006182119829143001
63731823 0.5054458254962308 0.43495854552679647 0.006182119829143001
63737823 0.48602773111212344 0.43495854552679647 0.006154300289911857
63743823 0.4920690259601598 0.43495854552679647 0.006154300289911857
63749823 0.4694506670789221 0.43495854552679647 0.006154300289911857
63755823 0.49172855201520094 0.43495854552679647 0.006126605938607254
63761823 0.4713863083024843 0.43495854552679647 0.006126605938607254
63767823 0.45951524230609414 0.43495854552679647 0.0060990362118835215
63773823 0.4936607654342274 0.43495854552679647 0.0060990362118835215
63779823 0.4596935988284469 0.43495854552679647 0.0060990362118835215
63785823 0.4617719445601147 0.43495854552679647 0.006071590548930046
63791823 0.4519356890813748 0.43495854552679647 0.006071590548930046
63797823 0.5002965938256544 0.43495854552679647 0.006071590548930046
63803823 0.45770722371900835 0.43495854552679647 0.006044268391459861
63809823 0.487021772145054 0.43495854552679647 0.006044268391459861
63815823 0.4554237495246495 0.43495854552679647 0.006017069183698293
63821823 0.4395889289005178 0.42381909669504225 0.006017069183698293
63827823 0.46772418221481954 0.42381909669504225 0.006017069183698293
63833823 0.4577129739039844 0.42381909669504225 0.006017069183698293
63839823 0.4761610872610943 0.42381909669504225 0.00598999237237165
63845823 0.4814490419330827 0.42381909669504225 0.00598999237237165
63851823 0.46706894340925686 0.42381909669504225 0.005963037406695978
63857823 0.46156809490494677 0.42381909669504225 0.005963037406695978
63863823 0.4702295926430127 0.42381909669504225 0.005963037406695978
63869823 0.4687645480681243 0.42381909669504225 0.005936203738365847
63875823 0.4885478570956329 0.42381909669504225 0.005936203738365847
63881823 0.49663401007369606 0.42381909669504225 0.0059094908215432005
63887823 0.4963802058108901 0.42381909669504225 0.0059094908215432005
63893823 0.4895658939652898 0.42381909669504225 0.0059094908215432005
63899823 0.5007305105338444 0.42381909669504225 0.0059094908215432005
63905823 0.49391945642821367 0.42381909669504225 0.005882898112846257
63911823 0.5045272031191077 0.42381909669504225 0.005882898112846257
63917823 0.4593567800063826 0.42381909669504225 0.005882898112846257
63923823 0.5026465502509914 0.42381909669504225 0.005882898112846257
63929823 0.477739866507011 0.42381909669504225 0.005882898112846257
63935823 0.48198793444153004 0.42381909669504225 0.005856425071338449
63941823 0.48893674513981955 0.42381909669504225 0.005856425071338449
63947823 0.4698608023022977 0.42381909669504225 0.005856425071338449
63953823 0.455074251929659 0.42381909669504225 0.005856425071338449
63959823 0.46536616995923824 0.42381909669504225 0.005856425071338449
63965823 0.4325155901760548 0.41094776756944296 0.005856425071338449
63971823 0.4548774667288908 0.4001305926897739 0.005856425071338449
63977823 0.45319981646871416 0.4001305926897739 0.005856425071338449
63983823 0.45533781994269396 0.4001305926897739 0.005830071158517427
63989823 0.48066236453842626 0.4001305926897739 0.005830071158517427
63995823 0.49683103968561676 0.4001305926897739 0.005803835838304098
64001823 0.5076290814295691 0.4001305926897739 0.005803835838304098
64007823 0.4595483591757958 0.4001305926897739 0.005803835838304098
64013823 0.4449420208205806 0.4001305926897739 0.00577771857703173
64019823 0.4533864475192232 0.4001305926897739 0.00577771857703173
64025823 0.44498789360935637 0.4001305926897739 0.005751718843435088
64031823 0.46122149695297093 0.4001305926897739 0.005751718843435088
64037823 0.4548205434278669 0.4001305926897739 0.00572583610863963
64043823 0.46552167083953594 0.4001305926897739 0.00572583610863963
64049823 0.4411814022143827 0.4001305926897739 0.00572583610863963
64055823 0.49084158511867676 0.4001305926897739 0.00572583610863963
64061823 0.5001168128097073 0.4001305926897739 0.005700069846150752
64067823 0.47867901815262487 0.4001305926897739 0.005700069846150752
64073823 0.5039312376835172 0.4001305926897739 0.005700069846150752
64079823 0.503130132984282 0.4001305926897739 0.005674419531843074
64085823 0.4919754103842012 0.4001305926897739 0.005674419531843074
64091823 0.4795629262182957 0.4001305926897739 0.005674419531843074
64097823 0.49349080869313955 0.4001305926897739 0.005674419531843074
64103823 0.47386637834304735 0.4001305926897739 0.005674419531843074
64109823 0.4890488752177491 0.4001305926897739 0.0056488846439497805
64115823 0.49593939471458953 0.4001305926897739 0.0056488846439497805
64121823 0.4853242322291557 0.4001305926897739 0.005623464663052006
64127823 0.47764344054765656 0.4001305926897739 0.005623464663052006
64133823 0.5097911393960303 0.4001305926897739 0.0055981590720682725
64139823 0.5114664969796514 0.4001305926897739 0.0055981590720682725
64145823 0.46677291057470804 0.4001305926897739 0.0055981590720682725
64151823 0.4785619856607591 0.4001305926897739 0.005572967356243966
64157823 0.4906624147629022 0.4001305926897739 0.005572967356243966
64163823 0.49846003790163135 0.4001305926897739 0.005572967356243966
64169823 0.4809950645845662 0.4001305926897739 0.005547889003140868
64175823 0.5075931116588669 0.4001305926897739 0.005547889003140868
64181823 0.5003757497145904 0.4001305926897739 0.005522923502626734
64187823 0.4658661850608013 0.4001305926897739 0.005522923502626734
64193823 0.4492171508706838 0.4001305926897739 0.005522923502626734
64199823 0.48587126503194933 0.4001305926897739 0.005522923502626734
64205823 0.5388495949019361 0.4001305926897739 0.005498070346864914
64211823 0.49091219829043303 0.4001305926897739 0.005498070346864914
64217823 0.49404966391714444 0.4001305926897739 0.005473329030304022
64223823 0.46665019853185535 0.4001305926897739 0.005473329030304022
64229823 0.4908865338138665 0.4001305926897739 0.005473329030304022
64235823 0.43900140968530366 0.4001305926897739 0.005473329030304022
64241823 0.45398388139224355 0.4001305926897739 0.005473329030304022
64247823 0.5134074678268523 0.4001305926897739 0.005473329030304022
64253823 0.4901787777803874 0.4001305926897739 0.005448699049667654
64259823 0.47920512239282304 0.4001305926897739 0.005448699049667654
64265823 0.47327424007290775 0.4001305926897739 0.005448699049667654
64271823 0.48988443374491514 0.4001305926897739 0.00542417990394415
64277823 0.4745934175423562 0.4001305926897739 0.00542417990394415
64283823 0.4923069191099652 0.4001305926897739 0.00542417990394415
64289823 0.486027920764559 0.4001305926897739 0.00542417990394415
64295823 0.4945362632568216 0.4001305926897739 0.00542417990394415
64301823 0.4691612741290745 0.4001305926897739 0.005399771094376402
64307823 0.4778408843860017 0.4001305926897739 0.005399771094376402
64313823 0.5068531415411142 0.4001305926897739 0.005399771094376402
64319823 0.450124642093647 0.4001305926897739 0.0053754721244517085
64325823 0.49311832060817506 0.4001305926897739 0.0053754721244517085
64331823 0.47625021301476533 0.4001305926897739 0.005351282499891676
64337823 0.47912293105801723 0.4001305926897739 0.005351282499891676
64343823 0.4538619501776507 0.4001305926897739 0.005351282499891676
64349823 0.4420600710858555 0.4001305926897739 0.005351282499891676
64355823 0.4544425000894841 0.4001305926897739 0.005351282499891676
64361823 0.4608794014850939 0.4001305926897739 0.005327201728642164
64367823 0.4383966285443163 0.4001305926897739 0.005327201728642164
64373823 0.4629402287565125 0.4001305926897739 0.005327201728642164
64379823 0.4645580782414663 0.4001305926897739 0.005327201728642164
64385823 0.48252201550800494 0.4001305926897739 0.005303229320863275
64391823 0.4882336892343613 0.4001305926897739 0.005303229320863275
64397823 0.4686958882269546 0.4001305926897739 0.005279364788919391
64403823 0.4863783069575407 0.4001305926897739 0.005279364788919391
64409823 0.45230966561926006 0.4001305926897739 0.005279364788919391
64415823 0.47278728631525757 0.4001305926897739 0.005279364788919391
64421823 0.47863667721445 0.4001305926897739 0.0052556076473692535
64427823 0.4878531412045235 0.4001305926897739 0.0052556076473692535
64433823 0.4787100102622152 0.4001305926897739 0.005231957412956092
64439823 0.4920217078173456 0.4001305926897739 0.005231957412956092
64445823 0.4831392046796324 0.4001305926897739 0.00520841360459779
64451823 0.4866707466359113 0.4001305926897739 0.00520841360459779
64457823 0.49041257745463984 0.4001305926897739 0.00520841360459779
64463823 0.45904887883513995 0.4001305926897739 0.0051849757433771
64469823 0.4608780910243287 0.4001305926897739 0.0051849757433771
64475823 0.45872673478577725 0.4001305926897739 0.0051849757433771
64481823 0.46044407545606075 0.4001305926897739 0.0051616433525319035
64487823 0.44561641265713764 0.4001305926897739 0.0051616433525319035
64493823 0.44749854317210574 0.4001305926897739 0.0051616433525319035
64499823 0.42723459726155566 0.4001305926897739 0.0051616433525319035
64505823 0.43621313400164924 0.4001305926897739 0.0051616433525319035
64511823 0.4213960925539989 0.38775911691361975 0.00513841595744551
64517823 0.4492698939112714 0.38775911691361975 0.00513841595744551
64523823 0.44980924072504247 0.38775911691361975 0.005115293085637006
64529823 0.4017141143517905 0.38775911691361975 0.005115293085637006
64535823 0.45310735515091627 0.38775911691361975 0.005115293085637006
64541823 0.4072708724102649 0.38775911691361975 0.00509227426675164
64547823 0.43373767367008026 0.38775911691361975 0.00509227426675164
64553823 0.42738029037217884 0.38775911691361975 0.00509227426675164
64559823 0.4482340606795348 0.38775911691361975 0.0050693590325512575
64565823 0.4346465992272682 0.38775911691361975 0.0050693590325512575
64571823 0.4364424395674735 0.38775911691361975 0.005046546916904777
64577823 0.4566761814497715 0.38775911691361975 0.005046546916904777
64583823 0.4426844051935736 0.38775911691361975 0.005023837455778705
64589823 0.42259818109471486 0.38775911691361975 0.005023837455778705
64595823 0.4490127505915273 0.38775911691361975 0.005001230187227702
64601823 0.470588690277793 0.38775911691361975 0.005001230187227702
64607823 0.41863928542472345 0.38775911691361975 0.004978724651385177
64613823 0.45073293907411954 0.38775911691361975 0.004978724651385177
64619823 0.4807582904085631 0.38775911691361975 0.004978724651385177
64625823 0.46316224984983834 0.38775911691361975 0.004956320390453944
64631823 0.46472079878780564 0.38775911691361975 0.004956320390453944
64637823 0.4800889892322528 0.38775911691361975 0.004956320390453944
64643823 0.4600943414784427 0.38775911691361975 0.004934016948696901
64649823 0.4624387701496157 0.38775911691361975 0.004934016948696901
64655823 0.47274650278536706 0.38775911691361975 0.004934016948696901
64661823 0.4424024454648909 0.38775911691361975 0.004911813872427765
64667823 0.4538235601683941 0.38775911691361975 0.004911813872427765
64673823 0.4544980226901532 0.38775911691361975 0.00488971071000184
64679823 0.45328711607675176 0.38775911691361975 0.00488971071000184
64685823 0.4405985879866336 0.38775911691361975 0.004867707011806831
64691823 0.4260442014326323 0.38775911691361975 0.004867707011806831
64697823 0.458877528402755 0.38775911691361975 0.004867707011806831
64703823 0.4426127387188579 0.38775911691361975 0.004867707011806831
64709823 0.42482350386864176 0.38775911691361975 0.004845802330253701
64715823 0.45035732469559114 0.38775911691361975 0.004845802330253701
64721823 0.4555818347954897 0.38775911691361975 0.00482399621976756
64727823 0.4239560006800849 0.38775911691361975 0.00482399621976756
64733823 0.4706807446864352 0.38775911691361975 0.004802288236778606
64739823 0.4704929750874014 0.38775911691361975 0.004802288236778606
64745823 0.5067305713689173 0.38775911691361975 0.004780677939713103
64751823 0.4489867223392319 0.38775911691361975 0.004780677939713103
64757823 0.4862881945928307 0.38775911691361975 0.004780677939713103
64763823 0.44364647396811835 0.38775911691361975 0.004780677939713103
64769823 0.4331339484474281 0.38775911691361975 0.004780677939713103
64775823 0.4370657774185813 0.38775911691361975 0.004780677939713103
64781823 0.4689546758037364 0.38775911691361975 0.0047591648889843945
64787823 0.4847449302056842 0.38775911691361975 0.0047591648889843945
64793823 0.4938259878558833 0.38775911691361975 0.004737748646983965
64799823 0.48017716285521994 0.38775911691361975 0.004737748646983965
64805823 0.4536410378608166 0.38775911691361975 0.004737748646983965
64811823 0.4377959265423499 0.38775911691361975 0.004716428778072537
64817823 0.40778333844994846 0.38775911691361975 0.004716428778072537
64823823 0.41579585214886267 0.38775911691361975 0.004716428778072537
64829823 0.41395862014529283 0.38775911691361975 0.00469520484857121
64835823 0.40550342490401836 0.3875662899381068 0.00469520484857121
64841823 0.41938554538350153 0.3875662899381068 0.00469520484857121
64847823 0.4298337199244228 0.3875662899381068 0.00467407642675264
64853823 0.4306484223087656 0.3875662899381068 0.00467407642675264
64859823 0.4407855660425079 0.3875662899381068 0.004653043082832254
64865823 0.44211244392348276 0.3875662899381068 0.004653043082832254
64871823 0.44299297451061553 0.3875662899381068 0.004632104388959509
64877823 0.4233213758835611 0.3875662899381068 0.004632104388959509
64883823 0.42416894887656625 0.3875662899381068 0.004632104388959509
64889823 0.39517588477413873 0.3875662899381068 0.004611259919209192
64895823 0.4570957691449192 0.3875662899381068 0.004611259919209192
64901823 0.42193817855323806 0.3875662899381068 0.004590509249572751
64907823 0.40437468786091824 0.38183239688780696 0.004590509249572751
64913823 0.44879534338612304 0.38183239688780696 0.004590509249572751
64919823 0.43140421908242316 0.38183239688780696 0.004569851957949673
64925823 0.4191125158942106 0.38183239688780696 0.004569851957949673
64931823 0.453814621068398 0.38183239688780696 0.004569851957949673
64937823 0.4429060369060727 0.38183239688780696 0.0045492876241389
64943823 0.4346608207100538 0.38183239688780696 0.0045492876241389
64949823 0.446125433641822 0.38183239688780696 0.0045492876241389
64955823 0.45743547230333237 0.38183239688780696 0.004528815829830275
64961823 0.4359195549993232 0.38183239688780696 0.004528815829830275
64967823 0.4558474364197606 0.38183239688780696 0.004528815829830275
64973823 0.4343150915344317 0.38183239688780696 0.004508436158596039
64979823 0.46399103734635705 0.38183239688780696 0.004508436158596039
64985823 0.4637124356875248 0.38183239688780696 0.004488148195882357
64991823 0.4325932739774544 0.38183239688780696 0.004488148195882357
64997823 0.4544538964994189 0.38183239688780696 0.004488148195882357
65003823 0.47980402067245115 0.38183239688780696 0.004467951529000887
65009823 0.4445165074101076 0.38183239688780696 0.004467951529000887
65015823 0.44720672986827975 0.38183239688780696 0.004467951529000887
65021823 0.43519563182899035 0.38183239688780696 0.004467951529000887
65027823 0.44663720565614745 0.38183239688780696 0.004467951529000887
65033823 0.4516818266003868 0.38183239688780696 0.0044478457471203835
65039823 0.4654550499561473 0.38183239688780696 0.0044478457471203835
65045823 0.42217117201913557 0.38183239688780696 0.0044478457471203835
65051823 0.40364459963346555 0.38183239688780696 0.004427830441258342
65057823 0.4222810596280653 0.38183239688780696 0.004427830441258342
65063823 0.4077003582856924 0.38183239688780696 0.004427830441258342
65069823 0.4266882193557867 0.38183239688780696 0.004427830441258342
65075823 0.4322343156832979 0.38183239688780696 0.004427830441258342
65081823 0.4323843154350207 0.38183239688780696 0.00440790520427268
65087823 0.423677034775772 0.38183239688780696 0.00440790520427268
65093823 0.4175441795728687 0.38183239688780696 0.00440790520427268
65099823 0.4355251885727725 0.38183239688780696 0.0043880696308534525
65105823 0.424423714467322 0.38183239688780696 0.0043880696308534525
65111823 0.4201645891458242 0.38183239688780696 0.004368323317514612
65117823 0.4203738346804734 0.38183239688780696 0.004368323317514612
65123823 0.427657397009927 0.38183239688780696 0.004368323317514612
65129823 0.4100422090527163 0.38183239688780696 0.004368323317514612
65135823 0.4087454763896364 0.38183239688780696 0.004348665862585797
65141823 0.42039113071558115 0.38183239688780696 0.004348665862585797
65147823 0.38978910293688923 0.38183239688780696 0.004329096866204161
65153823 0.41144529510769856 0.37883874446099414 0.004329096866204161
65159823 0.426746154648784 0.37883874446099414 0.004329096866204161
65165823 0.4409225268723943 0.37883874446099414 0.004309615930306242
65171823 0.4077753986458003 0.37883874446099414 0.004309615930306242
65177823 0.40826373263258525 0.37883874446099414 0.004309615930306242
65183823 0.44072050062705015 0.37883874446099414 0.004309615930306242
65189823 0.4126639014922786 0.37883874446099414 0.004290222658619864
65195823 0.4201348688915373 0.37883874446099414 0.004290222658619864
65201823 0.43860243491443174 0.37883874446099414 0.004270916656656075
65207823 0.42162145666632067 0.37883874446099414 0.004270916656656075
65213823 0.4328263979677608 0.37883874446099414 0.004251697531701123
65219823 0.4581850498099434 0.37883874446099414 0.004251697531701123
65225823 0.4686769426354142 0.37883874446099414 0.004232564892808468
65231823 0.4257862434401266 0.37883874446099414 0.004232564892808468
65237823 0.4125094018014408 0.37883874446099414 0.00421351835079083
65243823 0.4236521042819044 0.37883874446099414 0.00421351835079083
65249823 0.39123659541861416 0.37883874446099414 0.00421351835079083
65255823 0.3756314431080472 0.3671992024779147 0.0041945575182122715
65261823 0.4117186340699819 0.36298649525825066 0.0041945575182122715
65267823 0.4479812977223067 0.36298649525825066 0.004175682009380317
65273823 0.40717095086388555 0.36298649525825066 0.004175682009380317
65279823 0.4076227344258807 0.36298649525825066 0.004175682009380317
65285823 0.4221385812335651 0.36298649525825066 0.004175682009380317
65291823 0.4437689602248748 0.36298649525825066 0.004156891440338106
65297823 0.4061050811348451 0.36298649525825066 0.004156891440338106
65303823 0.3997758646177774 0.36298649525825066 0.004138185428856585
65309823 0.4014178335127008 0.36298649525825066 0.004138185428856585
65315823 0.42945984593981107 0.36298649525825066 0.004119563594426731
65321823 0.43390076059576055 0.36298649525825066 0.004119563594426731
65327823 0.43356688218505296 0.36298649525825066 0.0041010255582518106
65333823 0.4433676273751733 0.36298649525825066 0.0041010255582518106
65339823 0.4292825919254086 0.36298649525825066 0.0041010255582518106
65345823 0.4514554158157135 0.36298649525825066 0.004082570943239678
65351823 0.4366361207953792 0.36298649525825066 0.004082570943239678
65357823 0.44024630853607755 0.36298649525825066 0.004082570943239678
65363823 0.4338178486250103 0.36298649525825066 0.0040641993739951
65369823 0.42746940758275087 0.36298649525825066 0.0040641993739951
65375823 0.4371759165684314 0.36298649525825066 0.0040641993739951
65381823 0.40590257497432836 0.36298649525825066 0.0040641993739951
65387823 0.4295801425892052 0.36298649525825066 0.004045910476812122
65393823 0.43245969128861134 0.36298649525825066 0.004045910476812122
65399823 0.4382747720411827 0.36298649525825066 0.004027703879666467
65405823 0.38902547860180153 0.36298649525825066 0.004027703879666467
65411823 0.44129331887641027 0.36298649525825066 0.004027703879666467
65417823 0.42585295722578215 0.36298649525825066 0.004009579212207968
65423823 0.4280334972856583 0.36298649525825066 0.004009579212207968
65429823 0.41420517374386384 0.36298649525825066 0.003991536105753033
65435823 0.41592673262933144 0.36298649525825066 0.003991536105753033
65441823 0.4223711124969875 0.36298649525825066 0.003991536105753033
65447823 0.42649705540797156 0.36298649525825066 0.003973574193277144
65453823 0.4436225270712185 0.36298649525825066 0.003973574193277144
65459823 0.46180574197634694 0.36298649525825066 0.003973574193277144
65465823 0.4308313253153233 0.36298649525825066 0.003955693109407397
65471823 0.41125630014320297 0.36298649525825066 0.003955693109407397
65477823 0.44338896838656205 0.36298649525825066 0.003955693109407397
65483823 0.46622610182125834 0.36298649525825066 0.003937892490415064
65489823 0.43908219009472854 0.36298649525825066 0.003937892490415064
65495823 0.4486664246401379 0.36298649525825066 0.003937892490415064
65501823 0.4336927063529127 0.36298649525825066 0.003937892490415064
65507823 0.46172148525576334 0.36298649525825066 0.003920171974208196
65513823 0.44399994473964255 0.36298649525825066 0.003920171974208196
65519823 0.4345033080827604 0.36298649525825066 0.003920171974208196
65525823 0.4366357233321065 0.36298649525825066 0.003920171974208196
65531823 0.43622893002748886 0.36298649525825066 0.0039025312003242592
65537823 0.4040435749447167 0.36298649525825066 0.0039025312003242592
65543823 0.41502282952980263 0.36298649525825066 0.0039025312003242592
65549823 0.4405322582239416 0.36298649525825066 0.0038849698099228
65555823 0.4040339768303239 0.36298649525825066 0.0038849698099228
65561823 0.40915028393009567 0.36298649525825066 0.0038849698099228
65567823 0.43604842103765007 0.36298649525825066 0.0038849698099228
65573823 0.41670398612420506 0.36298649525825066 0.0038674874457781476
65579823 0.4237298189551401 0.36298649525825066 0.0038674874457781476
65585823 0.44180226733026084 0.36298649525825066 0.0038674874457781476
65591823 0.4197417719916228 0.36298649525825066 0.0038500837522721463
65597823 0.43901068452906117 0.36298649525825066 0.0038500837522721463
65603823 0.41762543585027984 0.36298649525825066 0.0038500837522721463
65609823 0.41957490670087016 0.36298649525825066 0.0038500837522721463
65615823 0.4011500180370001 0.36298649525825066 0.003832758375386922
65621823 0.4039051191388454 0.36298649525825066 0.003832758375386922
65627823 0.4207137733342292 0.36298649525825066 0.003815510962697681
65633823 0.4414895203808934 0.36298649525825066 0.003815510962697681
65639823 0.43304887754863086 0.36298649525825066 0.0037983411633655414
65645823 0.4208366883202634 0.36298649525825066 0.0037983411633655414
65651823 0.38467386064253106 0.36298649525825066 0.0037983411633655414
65657823 0.4193878601812761 0.36298649525825066 0.0037983411633655414
65663823 0.3875286574690057 0.36298649525825066 0.0037812486281303967
65669823 0.3888805575506966 0.36298649525825066 0.0037812486281303967
65675823 0.3929647863485644 0.36298649525825066 0.0037812486281303967
65681823 0.403719055927886 0.36298649525825066 0.00376423300930381
65687823 0.4100198342138273 0.36298649525825066 0.00376423300930381
65693823 0.40272754637568614 0.36298649525825066 0.003747293960761943
65699823 0.388280684997728 0.36298649525825066 0.003747293960761943
65705823 0.4076794641007743 0.36298649525825066 0.003747293960761943
65711823 0.4105691454890083 0.36298649525825066 0.0037304311379385145
65717823 0.4226796913245535 0.36298649525825066 0.0037304311379385145
65723823 0.4127589605002178 0.36298649525825066 0.0037136441978177915
65729823 0.41135379090372814 0.36298649525825066 0.0037136441978177915
65735823 0.4094785691651355 0.36298649525825066 0.0037136441978177915
65741823 0.43376262967164575 0.36298649525825066 0.0037136441978177915
65747823 0.41820730707331144 0.36298649525825066 0.0036969327989276116
65753823 0.4223147391976381 0.36298649525825066 0.0036969327989276116
65759823 0.4310356189924657 0.36298649525825066 0.0036969327989276116
65765823 0.411743048033728 0.36298649525825066 0.0036802966013324374
65771823 0.42883772619204524 0.36298649525825066 0.0036802966013324374
65777823 0.4333261216562553 0.36298649525825066 0.0036802966013324374
65783823 0.4285726804571369 0.36298649525825066 0.003663735266626442
65789823 0.4288732944278503 0.36298649525825066 0.003663735266626442
65795823 0.3906673950758412 0.36298649525825066 0.003663735266626442
65801823 0.42012685914634346 0.36298649525825066 0.003663735266626442
65807823 0.40877705856761465 0.36298649525825066 0.003663735266626442
65813823 0.4248445690961815 0.36298649525825066 0.003647248457926623
65819823 0.4241403655315025 0.36298649525825066 0.003647248457926623
65825823 0.420705197966245 0.36298649525825066 0.0036308358398659535
65831823 0.41888818866606803 0.36298649525825066 0.0036308358398659535
65837823 0.3949919970096065 0.36298649525825066 0.0036308358398659535
65843823 0.41311174794156075 0.36298649525825066 0.003614497078586557
65849823 0.4163134860113378 0.36298649525825066 0.003614497078586557
65855823 0.411039583798453 0.36298649525825066 0.003614497078586557
65861823 0.41189727024060796 0.36298649525825066 0.003614497078586557
65867823 0.41222652058103126 0.36298649525825066 0.0035982318417329177
65873823 0.43340393779043745 0.36298649525825066 0.0035982318417329177
65879823 0.4182403301097779 0.36298649525825066 0.00358203979844512
65885823 0.40481206404288494 0.36298649525825066 0.00358203979844512
65891823 0.3808924507784193 0.36298649525825066 0.00358203979844512
65897823 0.3839630115130208 0.36298649525825066 0.00358203979844512
65903823 0.3595931398996951 0.35563723944287307 0.00358203979844512
65909823 0.39179426438082504 0.35563723944287307 0.00358203979844512
65915823 0.3892389819780569 0.35563723944287307 0.003565920619352117
65921823 0.3899808367813036 0.35563723944287307 0.003565920619352117
65927823 0.42291010845822263 0.35563723944287307 0.0035498739765650327
65933823 0.4242668715393082 0.35563723944287307 0.0035498739765650327
65939823 0.41533882311042125 0.35563723944287307 0.00353389954367049
65945823 0.4292326313298581 0.35563723944287307 0.00353389954367049
65951823 0.4178815246519924 0.35563723944287307 0.00353389954367049
65957823 0.4189572834332031 0.35563723944287307 0.00353389954367049
65963823 0.4189669772164964 0.35563723944287307 0.003517996995723973
65969823 0.4037646339167302 0.35563723944287307 0.003517996995723973
65975823 0.42247492559894284 0.35563723944287307 0.003517996995723973
65981823 0.44645574134609006 0.35563723944287307 0.0035021660092432153
65987823 0.44486875548135296 0.35563723944287307 0.0035021660092432153
65993823 0.42397972262295763 0.35563723944287307 0.003486406262201621
65999823 0.4137546646572871 0.35563723944287307 0.003486406262201621
66005823 0.4078605427861232 0.35563723944287307 0.003486406262201621
66011823 0.40973058292516873 0.35563723944287307 0.003486406262201621
66017823 0.4219065571198622 0.35563723944287307 0.003486406262201621
66023823 0.41918479625513244 0.35563723944287307 0.003470717434021714
66029823 0.406612549109287 0.35563723944287307 0.003470717434021714
66035823 0.41151354459233824 0.35563723944287307 0.003470717434021714
66041823 0.42083799127569466 0.35563723944287307 0.003470717434021714
66047823 0.3925916225392255 0.35563723944287307 0.0034550992055686165
66053823 0.3866251197454669 0.35563723944287307 0.0034550992055686165
66059823 0.4164106627015269 0.35563723944287307 0.0034550992055686165
66065823 0.37960798577904925 0.35563723944287307 0.0034550992055686165
66071823 0.40593196142000926 0.35563723944287307 0.0034550992055686165
66077823 0.39680789912143405 0.35563723944287307 0.003439551259143558
66083823 0.4001768808668342 0.35563723944287307 0.003439551259143558
66089823 0.3751461469470154 0.35563723944287307 0.003439551259143558
66095823 0.3943869724161735 0.35563723944287307 0.003439551259143558
66101823 0.38636775969125103 0.35563723944287307 0.003439551259143558
66107823 0.3970119026787338 0.35563723944287307 0.0034240732784774123
66113823 0.3745812990045604 0.35563723944287307 0.0034240732784774123
66119823 0.40277607313989305 0.3461222596742495 0.0034240732784774123
66125823 0.40607941470565406 0.3461222596742495 0.0034240732784774123
66131823 0.4132882886951037 0.3461222596742495 0.003408664948724264
66137823 0.425826339703311 0.3461222596742495 0.003408664948724264
66143823 0.4102832149904069 0.3461222596742495 0.003393325956455005
66149823 0.4057535943279686 0.3461222596742495 0.003393325956455005
66155823 0.40006973553938247 0.3461222596742495 0.003393325956455005
66161823 0.41128685009050603 0.3461222596742495 0.003393325956455005
66167823 0.40577098019354924 0.3461222596742495 0.0033780559896509576
66173823 0.40981148790557914 0.3461222596742495 0.0033780559896509576
66179823 0.4131261536371738 0.3461222596742495 0.0033628547376975283
66185823 0.3947229046214405 0.3461222596742495 0.0033628547376975283
66191823 0.4178556063150553 0.3461222596742495 0.0033628547376975283
66197823 0.4105213589540837 0.3461222596742495 0.0033477218913778896
66203823 0.37872362306560714 0.3461222596742495 0.0033477218913778896
66209823 0.403903176537036 0.3461222596742495 0.0033477218913778896
66215823 0.4071536613061031 0.3461222596742495 0.0033477218913778896
66221823 0.38452914235886 0.3461222596742495 0.003332657142866689
66227823 0.37555814675557225 0.3461222596742495 0.003332657142866689
66233823 0.4041159764516557 0.3461222596742495 0.003332657142866689
66239823 0.40393886575559235 0.3461222596742495 0.0033176601857237893
66245823 0.4134321785169155 0.3461222596742495 0.0033176601857237893
66251823 0.41718754324878315 0.3461222596742495 0.0033027307148880323
66257823 0.42062014794877806 0.3461222596742495 0.0033027307148880323
66263823 0.41090029522572186 0.3461222596742495 0.0032878684266710364
66269823 0.419275031780123 0.3461222596742495 0.0032878684266710364
66275823 0.44129668904501484 0.3461222596742495 0.0032878684266710364
66281823 0.44336930589020024 0.3461222596742495 0.003273073018751017
66287823 0.42339883047667765 0.3461222596742495 0.003273073018751017
66293823 0.4350214367962519 0.3461222596742495 0.0032583441901666375
66299823 0.3921516594876704 0.3461222596742495 0.0032583441901666375
66305823 0.41721090851211445 0.3461222596742495 0.0032583441901666375
66311823 0.40537954108557095 0.3461222596742495 0.0032583441901666375
66317823 0.41339845074873377 0.3461222596742495 0.0032436816413108876
66323823 0.41364896289312597 0.3461222596742495 0.0032436816413108876
66329823 0.3948587982324058 0.3461222596742495 0.003229085073924989
66335823 0.38798917564321694 0.3461222596742495 0.003229085073924989
66341823 0.4204530889120451 0.3461222596742495 0.003229085073924989
66347823 0.4128023002085056 0.3461222596742495 0.0032145541910923265
66353823 0.3834635103019368 0.3461222596742495 0.0032145541910923265
66359823 0.4061824603096337 0.3461222596742495 0.0032145541910923265
66365823 0.41450790692394024 0.3461222596742495 0.0032145541910923265
66371823 0.4140599046501445 0.3461222596742495 0.0032000886972324114
66377823 0.41386010971826054 0.3461222596742495 0.0032000886972324114
66383823 0.37486821629932704 0.3461222596742495 0.0031856882980948655
66389823 0.408434242113702 0.3461222596742495 0.0031856882980948655
66395823 0.39586873720047566 0.3461222596742495 0.003171352700753439
66401823 0.3985695323833243 0.3461222596742495 0.003171352700753439
66407823 0.3772022796968911 0.3461222596742495 0.003171352700753439
66413823 0.3879099130226613 0.3461222596742495 0.003171352700753439
66419823 0.37902272551883026 0.3461222596742495 0.003171352700753439
66425823 0.3850858394321063 0.3461222596742495 0.0031570816136000488
66431823 0.40897463532973843 0.3461222596742495 0.0031570816136000488
66437823 0.4073668856719241 0.3461222596742495 0.0031570816136000488
66443823 0.3767642166505963 0.3461222596742495 0.0031428747463388487
66449823 0.38373679502449276 0.3461222596742495 0.0031428747463388487
66455823 0.38391961008275327 0.3461222596742495 0.0031428747463388487
66461823 0.3755991905978249 0.3461222596742495 0.003128731809980324
66467823 0.39786003844146556 0.3461222596742495 0.003128731809980324
66473823 0.3832014672425838 0.3461222596742495 0.003128731809980324
66479823 0.3778999903153165 0.3461222596742495 0.003114652516835413
66485823 0.38632051244387866 0.3461222596742495 0.003114652516835413
66491823 0.3557057958770349 0.3324265538215672 0.003114652516835413
66497823 0.39077240756682524 0.3324265538215672 0.003114652516835413
66503823 0.379438094407599 0.3324265538215672 0.0031006365805096537
66509823 0.37940369634611976 0.3324265538215672 0.0031006365805096537
66515823 0.40313480019126197 0.3324265538215672 0.0031006365805096537
66521823 0.4154022620748745 0.3324265538215672 0.0031006365805096537
66527823 0.4030987823199001 0.3324265538215672 0.0030866837158973603
66533823 0.37963281476341404 0.3324265538215672 0.0030866837158973603
66539823 0.40639847878733454 0.3324265538215672 0.0030866837158973603
66545823 0.38492604521004997 0.3324265538215672 0.0030727936391758224
66551823 0.39598922745779114 0.3324265538215672 0.0030727936391758224
66557823 0.3778131523650243 0.3324265538215672 0.0030589660677995314
66563823 0.374321132929612 0.3324265538215672 0.0030589660677995314
66569823 0.38628365241372037 0.3324265538215672 0.0030589660677995314
66575823 0.3825181682331561 0.3324265538215672 0.0030452007204944337
66581823 0.3853113016765765 0.3324265538215672 0.0030452007204944337
66587823 0.37920602866713604 0.3324265538215672 0.0030452007204944337
66593823 0.39667805779726306 0.3324265538215672 0.0030452007204944337
66599823 0.3711085409127554 0.3324265538215672 0.003031497317252209
66605823 0.37336231358212163 0.3324265538215672 0.003031497317252209
66611823 0.3811032170644725 0.3324265538215672 0.003031497317252209
66617823 0.37787502902994075 0.3324265538215672 0.003031497317252209
66623823 0.3901978873701228 0.3324265538215672 0.0030178555793245743
66629823 0.3850974458123194 0.3324265538215672 0.0030178555793245743
66635823 0.3785662650307564 0.3324265538215672 0.003004275229217614
66641823 0.37264543456555854 0.3324265538215672 0.003004275229217614
66647823 0.36888144037120874 0.3324265538215672 0.003004275229217614
66653823 0.35804259550624545 0.3324265538215672 0.0029907559906861346
66659823 0.3545223614715439 0.3324265538215672 0.0029907559906861346
66665823 0.3478321594006908 0.3324265538215672 0.0029907559906861346
66671823 0.3631966608389998 0.3324265538215672 0.0029907559906861346
66677823 0.37960628676788144 0.3324265538215672 0.0029907559906861346
66683823 0.36276588917297575 0.3324265538215672 0.002977297588728047
66689823 0.36763503712382634 0.3324265538215672 0.002977297588728047
66695823 0.38251138683441405 0.3324265538215672 0.002977297588728047
66701823 0.3819096888992629 0.3324265538215672 0.002963899749578771
66707823 0.37004437444449717 0.3324265538215672 0.002963899749578771
66713823 0.36478529980834756 0.3324265538215672 0.0029505622007056664
66719823 0.37160031820014583 0.3324265538215672 0.0029505622007056664
66725823 0.3802418432179521 0.3324265538215672 0.0029505622007056664
66731823 0.37393875436226154 0.3324265538215672 0.002937284670802491
66737823 0.3729257617749486 0.3324265538215672 0.002937284670802491
66743823 0.35138430160629025 0.3324265538215672 0.0029240668897838797
66749823 0.37086260053217796 0.3324265538215672 0.0029240668897838797
66755823 0.34657382067470305 0.3324265538215672 0.0029240668897838797
66761823 0.3737816361376284 0.3324265538215672 0.0029109085887798524
66767823 0.3713421806599716 0.3324265538215672 0.0029109085887798524
66773823 0.3765245471595938 0.3324265538215672 0.0028978095001303433
66779823 0.3733475355958157 0.3324265538215672 0.0028978095001303433
66785823 0.37480008446519586 0.3324265538215672 0.0028978095001303433
66791823 0.3792425569053536 0.3324265538215672 0.0028978095001303433
66797823 0.3853179502550883 0.3324265538215672 0.002884769357379757
66803823 0.3904807195725944 0.3324265538215672 0.002884769357379757
66809823 0.3894965884799081 0.3324265538215672 0.002871787895271548
66815823 0.3834546872463562 0.3324265538215672 0.002871787895271548
66821823 0.3658708347864765 0.3324265538215672 0.0028588648497428265
66827823 0.3776098776111034 0.3324265538215672 0.0028588648497428265
66833823 0.3718144430415654 0.3324265538215672 0.0028588648497428265
66839823 0.35275119939668875 0.3324265538215672 0.002845999957918984
66845823 0.3375213065802425 0.3324265538215672 0.002845999957918984
66851823 0.3570784207569541 0.3324265538215672 0.002845999957918984
66857823 0.36433157542540534 0.3324265538215672 0.0028331929581083487
66863823 0.3499439771690339 0.3324265538215672 0.0028331929581083487
66869823 0.37015629792234606 0.3324265538215672 0.0028331929581083487
66875823 0.37137196878613277 0.3324265538215672 0.0028204435897968613
66881823 0.3586443019628388 0.3324265538215672 0.0028204435897968613
66887823 0.34669009901411557 0.3324265538215672 0.0028204435897968613
66893823 0.34553098805970833 0.3324265538215672 0.0028204435897968613
66899823 0.34445053601372494 0.30117245484328653 0.0028077515936427754
66905823 0.35373021727298076 0.30117245484328653 0.0028077515936427754
66911823 0.35638234604154617 0.30117245484328653 0.002795116711471383
66917823 0.3682907351393515 0.30117245484328653 0.002795116711471383
66923823 0.37493041629791996 0.30117245484328653 0.0027825386862697617
66929823 0.35689513614238616 0.30117245484328653 0.0027825386862697617
66935823 0.3387831988679942 0.30117245484328653 0.0027825386862697617
66941823 0.35389245567805844 0.30117245484328653 0.0027825386862697617
66947823 0.372118822928484 0.30117245484328653 0.0027825386862697617
66953823 0.36725532613708045 0.30117245484328653 0.002770017262181548
66959823 0.3448483676301294 0.30117245484328653 0.002770017262181548
66965823 0.33807858497933013 0.30117245484328653 0.002770017262181548
66971823 0.35576449525236087 0.30117245484328653 0.002770017262181548
66977823 0.3517887862014094 0.30117245484328653 0.002757552184501731
66983823 0.37149997879959074 0.30117245484328653 0.002757552184501731
66989823 0.3675631409649793 0.30117245484328653 0.002757552184501731
66995823 0.3464622994133139 0.30117245484328653 0.0027451431996714736
67001823 0.33711464920610396 0.30117245484328653 0.0027451431996714736
67007823 0.34139597732942756 0.30117245484328653 0.0027451431996714736
67013823 0.3441285654957065 0.30117245484328653 0.002732790055272952
67019823 0.3445460439456574 0.30117245484328653 0.002732790055272952
67025823 0.36953129700197523 0.30117245484328653 0.002720492500024224
67031823 0.36410431863369574 0.30117245484328653 0.002720492500024224
67037823 0.37224286132271567 0.30117245484328653 0.002708250283774115
67043823 0.36747912794930554 0.30117245484328653 0.002708250283774115
67049823 0.3745175460622554 0.30117245484328653 0.002708250283774115
67055823 0.3571888412771534 0.30117245484328653 0.002708250283774115
67061823 0.3603952518706637 0.30117245484328653 0.0026960631574971315
67067823 0.36892521402933115 0.30117245484328653 0.0026960631574971315
67073823 0.3926374883270976 0.30117245484328653 0.0026839308732883945
67079823 0.3900083270638053 0.30117245484328653 0.0026839308732883945
67085823 0.3900459777929107 0.30117245484328653 0.0026718531843585966
67091823 0.38943983711687613 0.30117245484328653 0.0026718531843585966
67097823 0.3919488607288246 0.30117245484328653 0.0026718531843585966
67103823 0.3850667369654119 0.30117245484328653 0.0026598298450289833
67109823 0.376927537775271 0.30117245484328653 0.0026598298450289833
67115823 0.34859328039732657 0.30117245484328653 0.0026598298450289833
67121823 0.36246488612749805 0.30117245484328653 0.002647860610726353
67127823 0.3541603277662218 0.30117245484328653 0.002647860610726353
67133823 0.36160502097198066 0.30117245484328653 0.002647860610726353
67139823 0.3470898507841193 0.30117245484328653 0.002647860610726353
67145823 0.33555218905831036 0.30117245484328653 0.0026359452379780845
67151823 0.33456648613243906 0.30117245484328653 0.0026359452379780845
67157823 0.3265004759402928 0.30117245484328653 0.0026240834844071833
67163823 0.3600866595050537 0.30117245484328653 0.0026240834844071833
67169823 0.361784409159084 0.30117245484328653 0.002612275108727351
67175823 0.3507897197751718 0.30117245484328653 0.002612275108727351
67181823 0.35882507790755264 0.30117245484328653 0.002612275108727351
67187823 0.3350742352658203 0.30117245484328653 0.002612275108727351
67193823 0.3515820421263357 0.30117245484328653 0.002612275108727351
67199823 0.35673666309603097 0.30117245484328653 0.0026005198707380783
67205823 0.3498162994150701 0.30117245484328653 0.0026005198707380783
67211823 0.3379729084011429 0.30117245484328653 0.0026005198707380783
67217823 0.3320197623364777 0.30117245484328653 0.002588817531319757
67223823 0.3437858663561258 0.30117245484328653 0.002588817531319757
67229823 0.37975110355709274 0.30117245484328653 0.002577167852428818
67235823 0.3422607709713178 0.30117245484328653 0.002577167852428818
67241823 0.3324376361001292 0.30117245484328653 0.0025655705970928887
67247823 0.34856972249238327 0.30117245484328653 0.0025655705970928887
67253823 0.35945882390433886 0.30117245484328653 0.002554025529405971
67259823 0.34482582672903916 0.30117245484328653 0.002554025529405971
67265823 0.3496145314416419 0.30117245484328653 0.002554025529405971
67271823 0.3453940215180081 0.30117245484328653 0.002554025529405971
67277823 0.33481935560436255 0.30117245484328653 0.0025425324145236443
67283823 0.3360184812350516 0.30117245484328653 0.0025425324145236443
67289823 0.34274021752290457 0.30117245484328653 0.0025425324145236443
67295823 0.33233120844243924 0.30117245484328653 0.002531091018658288
67301823 0.33864797540574343 0.30117245484328653 0.002531091018658288
67307823 0.3223357847652222 0.30117245484328653 0.002519701109074326
67313823 0.32988909816435996 0.30117245484328653 0.002519701109074326
67319823 0.3266367182303094 0.30117245484328653 0.002519701109074326
67325823 0.3211697815921598 0.30117245484328653 0.002508362454083492
67331823 0.33940095248201885 0.30117245484328653 0.002508362454083492
67337823 0.365196421440334 0.30117245484328653 0.0024970748230401163
67343823 0.35829283930314887 0.30117245484328653 0.0024970748230401163
67349823 0.3584265026542115 0.30117245484328653 0.002485837986336436
67355823 0.3467730124187159 0.30117245484328653 0.002485837986336436
67361823 0.3231534068613536 0.30117245484328653 0.002485837986336436
67367823 0.3405507678814478 0.30117245484328653 0.002485837986336436
67373823 0.3354434184388184 0.30117245484328653 0.002485837986336436
67379823 0.33799414929225197 0.30117245484328653 0.0024746517153979223
67385823 0.35922961098109596 0.30117245484328653 0.0024746517153979223
67391823 0.32682485411752193 0.30117245484328653 0.0024746517153979223
67397823 0.32694697031853803 0.30117245484328653 0.002463515782678632
67403823 0.3483296378339358 0.30117245484328653 0.002463515782678632
67409823 0.33736995677457365 0.30117245484328653 0.002452429961656578
67415823 0.33889362621721403 0.30117245484328653 0.002452429961656578
67421823 0.3260003962263561 0.30117245484328653 0.0024413940268291235
67427823 0.3190438781610881 0.30117245484328653 0.0024413940268291235
67433823 0.3248222110776266 0.30117245484328653 0.0024413940268291235
67439823 0.3362635106093749 0.30117245484328653 0.0024413940268291235
67445823 0.3216315823657845 0.30117245484328653 0.0024304077537083925
67451823 0.3242817099653353 0.30117245484328653 0.0024304077537083925
67457823 0.32820742451539436 0.30117245484328653 0.0024304077537083925
67463823 0.33042723250695033 0.30117245484328653 0.002419470918816705
67469823 0.33020111445026473 0.30117245484328653 0.002419470918816705
67475823 0.3463375514899365 0.30117245484328653 0.00240858329968203
67481823 0.3287191598941122 0.30117245484328653 0.00240858329968203
67487823 0.3264971566114198 0.30117245484328653 0.0023977446748334606
67493823 0.3145308003898281 0.30117245484328653 0.0023977446748334606
67499823 0.3264749689790241 0.30117245484328653 0.0023977446748334606
67505823 0.3248660103722244 0.30117245484328653 0.0023977446748334606
67511823 0.328548236140124 0.30117245484328653 0.0023869548237967103
67517823 0.3240933330865619 0.30117245484328653 0.0023869548237967103
67523823 0.3393346305975831 0.30117245484328653 0.0023762135270896253
67529823 0.3243172726738784 0.30117245484328653 0.0023762135270896253
67535823 0.32804534820968506 0.30117245484328653 0.002365520566217722
67541823 0.3225081722500399 0.30117245484328653 0.002365520566217722
67547823 0.31517130634610624 0.30117245484328653 0.0023548757236697424
67553823 0.3496692342598738 0.30117245484328653 0.0023548757236697424
67559823 0.33873368045377716 0.30117245484328653 0.0023442787829132286
67565823 0.34163492774257187 0.30117245484328653 0.0023442787829132286
67571823 0.32442942028165533 0.30117245484328653 0.0023442787829132286
67577823 0.32316434411341655 0.30117245484328653 0.0023442787829132286
67583823 0.33410431767081095 0.30117245484328653 0.0023442787829132286
67589823 0.3378848350589752 0.30117245484328653 0.002333729528390119
67595823 0.31217140644797814 0.30117245484328653 0.002333729528390119
67601823 0.2996583030218267 0.29887874824250843 0.002333729528390119
67607823 0.3011191053532941 0.2966687768371578 0.002333729528390119
67613823 0.3100717617834998 0.2966687768371578 0.002333729528390119
67619823 0.33859505890482866 0.2966687768371578 0.002323227745512364
67625823 0.32642030326968857 0.2966687768371578 0.002323227745512364
67631823 0.33262767233092705 0.2966687768371578 0.002323227745512364
67637823 0.32977827959022327 0.2966687768371578 0.002323227745512364
67643823 0.3151289891478597 0.2966687768371578 0.002323227745512364
67649823 0.324507468372787 0.2966687768371578 0.0023127732206575584
67655823 0.3206494528364237 0.2966687768371578 0.0023127732206575584
67661823 0.3269316526678307 0.2966687768371578 0.0023127732206575584
67667823 0.32290960822364595 0.2966687768371578 0.0023023657411645995
67673823 0.32011678272979005 0.2966687768371578 0.0023023657411645995
67679823 0.3257382363029021 0.2966687768371578 0.0023023657411645995
67685823 0.32628886887024244 0.2914512865036031 0.002292005095329359
67691823 0.31916317830606517 0.2914512865036031 0.002292005095329359
67697823 0.30782013691039234 0.2914512865036031 0.002281691072400377
67703823 0.29609286049819983 0.29017066182064505 0.002281691072400377
67709823 0.3059575917418443 0.28850793265894925 0.002281691072400377
67715823 0.30485212592194655 0.28850793265894925 0.0022714234625745757
67721823 0.30890501474395293 0.28850793265894925 0.0022714234625745757
67727823 0.3056564305829043 0.2798310946615582 0.00226120205699299
67733823 0.30609906164748485 0.2798310946615582 0.00226120205699299
67739823 0.3133785722382308 0.2798310946615582 0.0022510266477365217
67745823 0.3192282426876528 0.2798310946615582 0.0022510266477365217
67751823 0.306575460831291 0.2798310946615582 0.0022408970278217076
67757823 0.31400021068562417 0.2798310946615582 0.0022408970278217076
67763823 0.3109153642720669 0.2798310946615582 0.00223081299119651
67769823 0.3200845524418842 0.2798310946615582 0.00223081299119651
67775823 0.2968324466226192 0.2798310946615582 0.0022207743327361256
67781823 0.3120649175856877 0.2798310946615582 0.0022207743327361256
67787823 0.3014248941199308 0.2798310946615582 0.0022207743327361256
67793823 0.3126856579111299 0.2798310946615582 0.0022207743327361256
67799823 0.3183136511359874 0.2798310946615582 0.0022107808482388133
67805823 0.3112729216163009 0.2798310946615582 0.0022107808482388133
67811823 0.3071358227855589 0.2798310946615582 0.002200832334421739
67817823 0.31730301041202563 0.2798310946615582 0.002200832334421739
67823823 0.3132645920929678 0.2798310946615582 0.002190928588916841
67829823 0.30403524432759493 0.2798310946615582 0.002190928588916841
67835823 0.2962534319056415 0.2798310946615582 0.002190928588916841
67841823 0.3121706949836423 0.2798310946615582 0.002190928588916841
67847823 0.2897506547768411 0.2798310946615582 0.002190928588916841
67853823 0.29750389198722926 0.2798310946615582 0.002190928588916841
67859823 0.30270353534516137 0.2798310946615582 0.002190928588916841
67865823 0.29633624226709876 0.2798310946615582 0.0021810694102667155
67871823 0.31019644665362706 0.2798310946615582 0.0021810694102667155
67877823 0.31940051586932433 0.2798310946615582 0.0021712545979205152
67883823 0.32912915671739973 0.2798310946615582 0.0021712545979205152
67889823 0.28955186580749004 0.2798310946615582 0.002161483952229873
67895823 0.31090635466318106 0.2798310946615582 0.002161483952229873
67901823 0.32351179075137837 0.2798310946615582 0.002161483952229873
67907823 0.32112213447619925 0.2798310946615582 0.0021517572744448386
67913823 0.30832417784718924 0.2798310946615582 0.0021517572744448386
67919823 0.3218014305228611 0.2798310946615582 0.0021517572744448386
67925823 0.3208673387083872 0.2798310946615582 0.002142074366709837
67931823 0.3350351737444601 0.2798310946615582 0.002142074366709837
67937823 0.32196204467471035 0.2798310946615582 0.0021324350320596425
67943823 0.32420957879558626 0.2798310946615582 0.0021324350320596425
67949823 0.3026499459019881 0.2798310946615582 0.0021324350320596425
67955823 0.29868466468790833 0.2798310946615582 0.0021324350320596425
67961823 0.32671424696714263 0.2798310946615582 0.0021324350320596425
67967823 0.3361144732412669 0.2798310946615582 0.002122839074415374
67973823 0.3415617523127966 0.2798310946615582 0.002122839074415374
67979823 0.32225813896071603 0.2798310946615582 0.002122839074415374
67985823 0.3299518817805476 0.2798310946615582 0.002122839074415374
67991823 0.3283498217498378 0.2798310946615582 0.002113286298580505
67997823 0.32725422855226155 0.2798310946615582 0.002113286298580505
68003823 0.31474808198032855 0.2798310946615582 0.002103776510236893
68009823 0.3155316497406535 0.2798310946615582 0.002103776510236893
68015823 0.3174063870824213 0.2798310946615582 0.002103776510236893
68021823 0.329783312030925 0.2798310946615582 0.002103776510236893
68027823 0.3045239552093207 0.2798310946615582 0.0020943095159408273
68033823 0.32202726791879055 0.2798310946615582 0.0020943095159408273
68039823 0.3182712720802818 0.2798310946615582 0.0020848851231190938
68045823 0.34225446050831143 0.2798310946615582 0.0020848851231190938
68051823 0.3213166558777578 0.2798310946615582 0.002075503140065058
68057823 0.3026781234549834 0.2798310946615582 0.002075503140065058
68063823 0.3055143385228989 0.2798310946615582 0.002075503140065058
68069823 0.3016734469131085 0.2798310946615582 0.002075503140065058
68075823 0.3041265876244984 0.2798310946615582 0.0020661633759347653
68081823 0.31947742538731533 0.2798310946615582 0.0020661633759347653
68087823 0.30469592843828197 0.2798310946615582 0.002056865640743059
68093823 0.3058174439038878 0.2798310946615582 0.002056865640743059
68099823 0.30338298745346387 0.2798310946615582 0.002056865640743059
68105823 0.31429530290770913 0.2798310946615582 0.0020476097453597155
68111823 0.29989213464056363 0.2798310946615582 0.0020476097453597155
68117823 0.30430128220481567 0.2798310946615582 0.0020383955015055967
68123823 0.3049659549338171 0.2798310946615582 0.0020383955015055967
68129823 0.30338638293357 0.2798310946615582 0.0020292227217488215
68135823 0.29243515513775564 0.2798310946615582 0.0020292227217488215
68141823 0.3265991258863534 0.2798310946615582 0.0020292227217488215
68147823 0.28918169776794783 0.2798310946615582 0.002020091219500952
68153823 0.30068215705879275 0.2798310946615582 0.002020091219500952
68159823 0.2907793273055704 0.2798310946615582 0.002020091219500952
68165823 0.2914977153002249 0.2798310946615582 0.002020091219500952
68171823 0.2984061313041621 0.27530863480337997 0.0020110008090131978
68177823 0.29566637896869036 0.27530863480337997 0.0020110008090131978
68183823 0.26979054793060664 0.26564790872324656 0.0020019513053726383
68189823 0.2793365578043832 0.26247854794177594 0.0020019513053726383
68195823 0.2986384174969773 0.26247854794177594 0.0020019513053726383
68201823 0.32059047207162755 0.26247854794177594 0.0019929425244984613
68207823 0.2914045165075397 0.26247854794177594 0.0019929425244984613
68213823 0.3004202689791683 0.26247854794177594 0.0019839742831382185
68219823 0.29495580600346777 0.26247854794177594 0.0019839742831382185
68225823 0.29858274364647835 0.26247854794177594 0.0019750463988640965
68231823 0.3037552305128657 0.26247854794177594 0.0019750463988640965
68237823 0.3129263257114795 0.26247854794177594 0.0019661586900692083
68243823 0.30412491473830167 0.26247854794177594 0.0019661586900692083
68249823 0.2888796883613684 0.26247854794177594 0.001957310975963897
68255823 0.3127597117277131 0.26247854794177594 0.001957310975963897
68261823 0.3226673298350861 0.26247854794177594 0.0019485030765720593
68267823 0.311084601694082 0.26247854794177594 0.0019485030765720593
68273823 0.3260682507075477 0.26247854794177594 0.0019485030765720593
68279823 0.294115924411879 0.26247854794177594 0.0019397348127274852
68285823 0.3005480005682555 0.26247854794177594 0.0019397348127274852
68291823 0.29934797100125743 0.26247854794177594 0.0019397348127274852
68297823 0.290313446847935 0.26247854794177594 0.0019397348127274852
68303823 0.2993106830059376 0.26247854794177594 0.0019397348127274852
68309823 0.3007671901703252 0.26247854794177594 0.0019310060060702117
68315823 0.3034623762328069 0.26247854794177594 0.0019310060060702117
68321823 0.29155960941269704 0.26247854794177594 0.001922316479042896
68327823 0.30661139722574293 0.26247854794177594 0.001922316479042896
68333823 0.30451768585374855 0.26247854794177594 0.001922316479042896
68339823 0.2843900486926479 0.26247854794177594 0.001913666054887203
68345823 0.2897168844936075 0.26247854794177594 0.001913666054887203
68351823 0.2877698204154995 0.26247854794177594 0.0019050545576402107
68357823 0.28813383383886787 0.26247854794177594 0.0019050545576402107
68363823 0.28313185257882617 0.26247854794177594 0.0019050545576402107
68369823 0.29509352988565035 0.26247854794177594 0.0018964818121308298
68375823 0.2726753548706091 0.26247854794177594 0.0018964818121308298
68381823 0.2869892336860908 0.26247854794177594 0.0018964818121308298
68387823 0.281550447614274 0.26247854794177594 0.0018964818121308298
68393823 0.29989400220099505 0.26247854794177594 0.001887947643976241
68399823 0.27490533987133403 0.26247854794177594 0.001887947643976241
68405823 0.2829057290277207 0.26247854794177594 0.0018794518795783482
68411823 0.2774631298677216 0.26247854794177594 0.0018794518795783482
68417823 0.27216635859914656 0.26247854794177594 0.0018794518795783482
68423823 0.2913805436019441 0.26247854794177594 0.0018794518795783482
68429823 0.29203446271689476 0.26247854794177594 0.0018709943461202457
68435823 0.2829829825256598 0.26247854794177594 0.0018709943461202457
68441823 0.2916240225264534 0.26247854794177594 0.0018625748715627047
68447823 0.28306016159854436 0.26247854794177594 0.0018625748715627047
68453823 0.2798738740417128 0.26247854794177594 0.0018541932846406727
68459823 0.27529124129301974 0.26247854794177594 0.0018541932846406727
68465823 0.28559275537212647 0.26247854794177594 0.0018458494148597896
68471823 0.28995181585368146 0.26247854794177594 0.0018458494148597896
68477823 0.2876142694647719 0.26247854794177594 0.0018375430924929207
68483823 0.31519497981827355 0.26247854794177594 0.0018375430924929207
68489823 0.2955285979100921 0.26247854794177594 0.0018292741485767027
68495823 0.30415365864868654 0.26247854794177594 0.0018292741485767027
68501823 0.2946757243599819 0.26247854794177594 0.0018210424149081076
68507823 0.2875260476411231 0.26247854794177594 0.0018210424149081076
68513823 0.2949997408278116 0.26247854794177594 0.0018210424149081076
68519823 0.2932797694769308 0.26247854794177594 0.0018128477240410212
68525823 0.2833708178452633 0.26247854794177594 0.0018128477240410212
68531823 0.2688041344096827 0.26247854794177594 0.0018046899092828367
68537823 0.27362479136881374 0.26247854794177594 0.0018046899092828367
68543823 0.2856704434723208 0.26247854794177594 0.0018046899092828367
68549823 0.27768839448534083 0.26247854794177594 0.0017965688046910641
68555823 0.2855822554569847 0.26247854794177594 0.0017965688046910641
68561823 0.28065577360611343 0.26247854794177594 0.0017884842450699545
68567823 0.2907698195874439 0.26247854794177594 0.0017884842450699545
68573823 0.2915375021630051 0.26247854794177594 0.0017884842450699545
68579823 0.27798245697902957 0.26247854794177594 0.0017804360659671398
68585823 0.28756086038732387 0.26247854794177594 0.0017804360659671398
68591823 0.28659913376005786 0.26247854794177594 0.0017804360659671398
68597823 0.29228512032168874 0.26247854794177594 0.0017724241036702877
68603823 0.30074611256283007 0.26247854794177594 0.0017724241036702877
68609823 0.2949815981487538 0.26247854794177594 0.0017644481952037716
68615823 0.2974664075089255 0.26247854794177594 0.0017644481952037716
68621823 0.2915655779057355 0.26247854794177594 0.0017644481952037716
68627823 0.30590840529049823 0.26247854794177594 0.0017644481952037716
68633823 0.30179026116257585 0.26247854794177594 0.0017565081783253546
68639823 0.3055152069461824 0.26247854794177594 0.0017565081783253546
68645823 0.29155274254040925 0.26247854794177594 0.0017486038915228907
68651823 0.308858448853086 0.26247854794177594 0.0017486038915228907
68657823 0.2832823118556652 0.26247854794177594 0.0017486038915228907
68663823 0.2947500948628993 0.26247854794177594 0.0017486038915228907
68669823 0.30239500114968165 0.26247854794177594 0.0017486038915228907
68675823 0.2860153933622009 0.26247854794177594 0.0017407351740110378
68681823 0.2750356083835701 0.26247854794177594 0.0017407351740110378
68687823 0.2858828802932403 0.26247854794177594 0.0017407351740110378
68693823 0.304799184048205 0.26247854794177594 0.0017407351740110378
68699823 0.30787416834056364 0.26247854794177594 0.0017329018657279882
68705823 0.29424178071131607 0.26247854794177594 0.0017329018657279882
68711823 0.2817479908956205 0.26247854794177594 0.0017329018657279882
68717823 0.2726080674210582 0.26247854794177594 0.0017329018657279882
68723823 0.2838905709229854 0.26247854794177594 0.0017329018657279882
68729823 0.27296257781386907 0.26247854794177594 0.0017251038073322123
68735823 0.2749499449987032 0.26247854794177594 0.0017251038073322123
68741823 0.2650495831060213 0.2588247130674143 0.0017173408401992174
68747823 0.26494720090620166 0.2588247130674143 0.0017173408401992174
68753823 0.2686728040859293 0.257877209406992 0.0017096128064183211
68759823 0.275921660467476 0.257877209406992 0.0017096128064183211
68765823 0.2717605893450776 0.257877209406992 0.0017019195487894387
68771823 0.2742100015490029 0.257877209406992 0.0017019195487894387
68777823 0.27200548473553887 0.257877209406992 0.0017019195487894387
68783823 0.2755014682696243 0.257877209406992 0.0016942609108198863
68789823 0.27669268736681524 0.257877209406992 0.0016942609108198863
68795823 0.28551257466663843 0.257877209406992 0.0016866367367211969
68801823 0.2741538547279574 0.257877209406992 0.0016866367367211969
68807823 0.2782454497845199 0.257877209406992 0.0016790468714059515
68813823 0.2794740814776593 0.257877209406992 0.0016790468714059515
68819823 0.2759492637432971 0.257877209406992 0.001671491160484625
68825823 0.2705672154300957 0.257877209406992 0.001671491160484625
68831823 0.2736529211394091 0.257877209406992 0.001671491160484625
68837823 0.28567266327980745 0.257877209406992 0.001671491160484625
68843823 0.2711857741354897 0.257877209406992 0.0016639694502624443
68849823 0.26599049539445385 0.257877209406992 0.0016639694502624443
68855823 0.261514477429166 0.25688076751311445 0.0016639694502624443
68861823 0.26013201657299884 0.25688076751311445 0.0016639694502624443
68867823 0.270682681839393 0.25688076751311445 0.0016639694502624443
68873823 0.26147607090625413 0.25688076751311445 0.0016564815877362633
68879823 0.2683128833023869 0.25688076751311445 0.0016564815877362633
68885823 0.2715394832376679 0.25688076751311445 0.0016490274205914503
68891823 0.27175520470695996 0.25688076751311445 0.0016490274205914503
68897823 0.28458044507069186 0.25688076751311445 0.0016490274205914503
68903823 0.26908516180677644 0.25688076751311445 0.0016416067971987889
68909823 0.2637308790721244 0.25688076751311445 0.0016416067971987889
68915823 0.2770229578447738 0.25688076751311445 0.0016416067971987889
68921823 0.2619890892862497 0.25688076751311445 0.0016342195666113944
68927823 0.2653930591052812 0.25688076751311445 0.0016342195666113944
68933823 0.27929878619555154 0.25688076751311445 0.0016342195666113944
68939823 0.26433394649985886 0.25688076751311445 0.0016268655785616432
68945823 0.26216172652940883 0.25688076751311445 0.0016268655785616432
68951823 0.2570124883240788 0.2481471674725672 0.0016268655785616432
68957823 0.25871362162691125 0.2481471674725672 0.0016268655785616432
68963823 0.2728107592909471 0.2481471674725672 0.001619544683458116
68969823 0.27060558970076426 0.2481471674725672 0.001619544683458116
68975823 0.25220592930667274 0.2481471674725672 0.001619544683458116
68981823 0.2697289693728395 0.2481471674725672 0.001619544683458116
68987823 0.25999675453715576 0.2481471674725672 0.001619544683458116
68993823 0.2629147179157806 0.2481471674725672 0.0016122567323825544
68999823 0.2693914694855827 0.2481471674725672 0.0016122567323825544
69005823 0.27063850054924016 0.2481471674725672 0.001605001577086833
69011823 0.2732071545786912 0.2481471674725672 0.001605001577086833
69017823 0.28575253010512064 0.2481471674725672 0.0015977790699899424
69023823 0.269887687512887 0.2481471674725672 0.0015977790699899424
69029823 0.26658434710282175 0.2481471674725672 0.0015905890641749877
69035823 0.27285417702782006 0.2481471674725672 0.0015905890641749877
69041823 0.2743607761225617 0.2481471674725672 0.0015905890641749877
69047823 0.2761078243464233 0.2481471674725672 0.0015834314133862004
69053823 0.2692676964936908 0.2481471674725672 0.0015834314133862004
69059823 0.2664496600197343 0.2481471674725672 0.0015763059720259626
69065823 0.269118783260026 0.2481471674725672 0.0015763059720259626
69071823 0.27719196891400516 0.2481471674725672 0.0015763059720259626
69077823 0.27571172380081055 0.2481471674725672 0.001569212595151846
69083823 0.26580345846725895 0.2481471674725672 0.001569212595151846
69089823 0.2635661334668135 0.2481471674725672 0.001569212595151846
69095823 0.26552250811257655 0.2481471674725672 0.001569212595151846
69101823 0.2709512916536372 0.2481471674725672 0.0015621511384736628
69107823 0.27626281439446965 0.2481471674725672 0.0015621511384736628
69113823 0.2716606585793818 0.2481471674725672 0.0015551214583505314
69119823 0.2725191970348003 0.2481471674725672 0.0015551214583505314
69125823 0.26155076913944686 0.2481471674725672 0.0015551214583505314
69131823 0.2741512698500303 0.2481471674725672 0.0015551214583505314
69137823 0.2678463226097915 0.2481471674725672 0.001548123411787954
69143823 0.27544736079529986 0.2481471674725672 0.001548123411787954
69149823 0.26341262174033686 0.2481471674725672 0.001548123411787954
69155823 0.26456707240564026 0.2481471674725672 0.0015411568564349084
69161823 0.25756896050966077 0.2481471674725672 0.0015411568564349084
69167823 0.26433736296047855 0.2481471674725672 0.0015342216505809514
69173823 0.25451824950420276 0.2481471674725672 0.0015342216505809514
69179823 0.2500598262087548 0.2481471674725672 0.0015342216505809514
69185823 0.2526589382758959 0.2407009480980712 0.0015342216505809514
69191823 0.25583006962772636 0.2407009480980712 0.0015342216505809514
69197823 0.2506056652242741 0.2407009480980712 0.0015273176531533372
69203823 0.2602760505218522 0.2407009480980712 0.0015273176531533372
69209823 0.26181063913292374 0.2407009480980712 0.0015273176531533372
69215823 0.27418159662983294 0.2407009480980712 0.0015204447237141473
69221823 0.2753345876567777 0.2407009480980712 0.0015204447237141473
69227823 0.27057990829584194 0.2407009480980712 0.0015136027224574337
69233823 0.265656140530828 0.2407009480980712 0.0015136027224574337
69239823 0.262677650089526 0.2407009480980712 0.0015067915102063754
69245823 0.2592381906110121 0.2407009480980712 0.0015067915102063754
69251823 0.2616199485953519 0.2407009480980712 0.0015000109484104467
69257823 0.26953087775820866 0.2407009480980712 0.0015000109484104467
69263823 0.2619950537466142 0.2407009480980712 0.0014932608991425997
69269823 0.26714393514124496 0.2407009480980712 0.0014932608991425997
69275823 0.2607956218912983 0.2407009480980712 0.0014932608991425997
69281823 0.26081889935454006 0.2407009480980712 0.0014932608991425997
69287823 0.2723432732067525 0.2407009480980712 0.001486541225096458
69293823 0.2640894446526285 0.2407009480980712 0.001486541225096458
69299823 0.25931428549534985 0.2407009480980712 0.001486541225096458
69305823 0.2609955902274427 0.2407009480980712 0.001486541225096458
69311823 0.26988613541945383 0.2407009480980712 0.001486541225096458
69317823 0.25706443184233246 0.2407009480980712 0.0014798517895835241
69323823 0.2703470623535352 0.2407009480980712 0.0014798517895835241
69329823 0.26370174624228027 0.2407009480980712 0.0014798517895835241
69335823 0.255916844853827 0.2407009480980712 0.0014731924565303982
69341823 0.26720646873489956 0.2407009480980712 0.0014731924565303982
69347823 0.2653076199565461 0.2407009480980712 0.0014731924565303982
69353823 0.25802531203939816 0.2407009480980712 0.0014665630904760116
69359823 0.24021777020494767 0.24021777020494767 0.0014665630904760116
69365823 0.23468191978907077 0.23298443422643864 0.0014665630904760116
69371823 0.25160178353797585 0.23181809479928134 0.0014665630904760116
69377823 0.2574960010767084 0.23181809479928134 0.0014599635565688697
69383823 0.2575976510171558 0.23181809479928134 0.0014599635565688697
69389823 0.25368769720353773 0.23181809479928134 0.00145339372056431
69395823 0.2625382820836276 0.23181809479928134 0.00145339372056431
69401823 0.2584310045164127 0.23181809479928134 0.00145339372056431
69407823 0.2651376313083327 0.23181809479928134 0.00145339372056431
69413823 0.2463850079730318 0.23181809479928134 0.0014468534488217707
69419823 0.25810169927883536 0.23181809479928134 0.0014468534488217707
69425823 0.2649974457475865 0.23181809479928134 0.0014468534488217707
69431823 0.24729087245017894 0.23181809479928134 0.0014403426083020728
69437823 0.2473237915866214 0.23181809479928134 0.0014403426083020728
69443823 0.2518659151571 0.23181809479928134 0.0014403426083020728
69449823 0.25786595450256955 0.23181809479928134 0.0014338610665647136
69455823 0.2646272263504185 0.23181809479928134 0.0014338610665647136
69461823 0.2601099560848695 0.23181809479928134 0.0014274086917651725
69467823 0.2614381930853513 0.23181809479928134 0.0014274086917651725
69473823 0.25545774204221117 0.23181809479928134 0.0014209853526522293
69479823 0.26420874720994586 0.23181809479928134 0.0014209853526522293
69485823 0.25018858251708126 0.23181809479928134 0.0014209853526522293
69491823 0.2557433676123893 0.23181809479928134 0.0014209853526522293
69497823 0.2587417262048626 0.23181809479928134 0.0014145909185652944
69503823 0.2598403710678786 0.23181809479928134 0.0014145909185652944
69509823 0.25335172894325 0.23181809479928134 0.0014145909185652944
69515823 0.26746205963520947 0.23181809479928134 0.0014145909185652944
69521823 0.26328795702695634 0.23181809479928134 0.0014082252594317507
69527823 0.2519674086174249 0.23181809479928134 0.0014082252594317507
69533823 0.24067687020789982 0.23181809479928134 0.0014082252594317507
69539823 0.24936306443950862 0.23181809479928134 0.0014082252594317507
69545823 0.23998443798564129 0.23181809479928134 0.001401888245764308
69551823 0.2497252316656697 0.23181809479928134 0.001401888245764308
69557823 0.23957284296739526 0.23181809479928134 0.0013955797486583687
69563823 0.2415204992999966 0.22847109253326633 0.0013955797486583687
69569823 0.24013776472457612 0.22847109253326633 0.0013955797486583687
69575823 0.2456948076645853 0.22847109253326633 0.001389299639789406
69581823 0.2618484734113469 0.22847109253326633 0.001389299639789406
69587823 0.24278714253313471 0.22847109253326633 0.0013830477914103538
69593823 0.24763424041135965 0.22847109253326633 0.0013830477914103538
69599823 0.24111643466270866 0.22847109253326633 0.0013830477914103538
69605823 0.25160364600761553 0.22847109253326633 0.0013768240763490072
69611823 0.24923481898570926 0.22847109253326633 0.0013768240763490072
69617823 0.25973060606533255 0.22847109253326633 0.0013768240763490072
69623823 0.2555989039631288 0.22847109253326633 0.0013706283680054367
69629823 0.2629636011259384 0.22847109253326633 0.0013706283680054367
69635823 0.25076342306665156 0.22847109253326633 0.0013706283680054367
69641823 0.2410054941751787 0.22847109253326633 0.0013644605403494124
69647823 0.2591422506231385 0.22847109253326633 0.0013644605403494124
69653823 0.2485715105645546 0.22847109253326633 0.0013583204679178402
69659823 0.2522889594510144 0.22847109253326633 0.0013583204679178402
69665823 0.2558258039541046 0.22847109253326633 0.0013583204679178402
69671823 0.2456134776072151 0.22847109253326633 0.00135220802581221
69677823 0.24791630477018117 0.22847109253326633 0.00135220802581221
69683823 0.24199248133150295 0.22847109253326633 0.00135220802581221
69689823 0.23905350677917617 0.22847109253326633 0.0013461230896960551
69695823 0.23992443265090427 0.22847109253326633 0.0013461230896960551
69701823 0.24441952757221053 0.22847109253326633 0.0013461230896960551
69707823 0.23163060990716156 0.22847109253326633 0.0013400655357924229
69713823 0.23376205677985112 0.22639778216990433 0.0013400655357924229
69719823 0.23357942285391162 0.22639778216990433 0.0013400655357924229
69725823 0.242124453824623 0.22639778216990433 0.001334035240881357
69731823 0.23183024395865712 0.22639778216990433 0.001334035240881357
69737823 0.23333964385865028 0.22506035250176654 0.001334035240881357
69743823 0.23968313875055805 0.22506035250176654 0.001334035240881357
69749823 0.23852787457047614 0.22506035250176654 0.001328032082297391
69755823 0.23430868958820722 0.22506035250176654 0.001328032082297391
69761823 0.23644665868579268 0.22506035250176654 0.0013220559379270528
69767823 0.22475067569773524 0.22468320843535744 0.0013220559379270528
69773823 0.24493298609653344 0.22142175341703105 0.0013220559379270528
69779823 0.24301738561991434 0.22142175341703105 0.001316106686206381
69785823 0.24319729622466957 0.22142175341703105 0.001316106686206381
69791823 0.23606206437048632 0.22142175341703105 0.001316106686206381
69797823 0.24331981142187492 0.22142175341703105 0.0013101842061184524
69803823 0.23991454482489494 0.22142175341703105 0.0013101842061184524
69809823 0.24143714633398305 0.22142175341703105 0.0013101842061184524
69815823 0.23385736769409382 0.22142175341703105 0.0013042883771909194
69821823 0.22908788982648415 0.22142175341703105 0.0013042883771909194
69827823 0.24413391622633773 0.22142175341703105 0.0013042883771909194
69833823 0.24043582077410713 0.22142175341703105 0.0012984190794935603
69839823 0.24297006919657851 0.22142175341703105 0.0012984190794935603
69845823 0.23474904778711134 0.22142175341703105 0.0012984190794935603
69851823 0.24113858601220642 0.22142175341703105 0.0012925761936358393
69857823 0.24969631888138658 0.22142175341703105 0.0012925761936358393
69863823 0.2503621321618037 0.22142175341703105 0.001286759600764478
69869823 0.2325907349961405 0.22142175341703105 0.001286759600764478
69875823 0.23075520859144294 0.22142175341703105 0.001286759600764478
69881823 0.23026460327665974 0.22142175341703105 0.001286759600764478
69887823 0.2305495863217349 0.22142175341703105 0.001280969182561038
69893823 0.2339702374462967 0.22142175341703105 0.001280969182561038
69899823 0.22623918526222075 0.22142175341703105 0.0012752048212395133
69905823 0.21740091524566493 0.21736507952271145 0.0012752048212395133
69911823 0.22461477569670021 0.21238308168430906 0.0012752048212395133
69917823 0.23110905825514388 0.21238308168430906 0.0012752048212395133
69923823 0.22750344790712526 0.21238308168430906 0.0012694663995439356
69929823 0.22969644787799878 0.21238308168430906 0.0012694663995439356
69935823 0.22690682317108396 0.21238308168430906 0.0012694663995439356
69941823 0.2349386626072497 0.21238308168430906 0.001263753800745988
69947823 0.23257547372758586 0.21238308168430906 0.001263753800745988
69953823 0.2265216274656257 0.21238308168430906 0.0012580669086426311
69959823 0.23488950309317147 0.21238308168430906 0.0012580669086426311
69965823 0.23942197145972788 0.21238308168430906 0.0012580669086426311
69971823 0.2322200920081628 0.21238308168430906 0.0012524056075537394
69977823 0.2405486761063376 0.21238308168430906 0.0012524056075537394
69983823 0.230902060582571 0.21238308168430906 0.0012524056075537394
69989823 0.24783767902449994 0.21238308168430906 0.0012467697823197476
69995823 0.2451083192263963 0.21238308168430906 0.0012467697823197476
70001823 0.24867558219850808 0.21238308168430906 0.0012411593182993087
70007823 0.25277151489557753 0.21238308168430906 0.0012411593182993087
70013823 0.24410557614383377 0.21238308168430906 0.0012355741013669618
70019823 0.24632008650839182 0.21238308168430906 0.0012355741013669618
70025823 0.23003652608512307 0.21238308168430906 0.0012300140179108106
70031823 0.23515059151303294 0.21238308168430906 0.0012300140179108106
70037823 0.23997024483687202 0.21238308168430906 0.0012300140179108106
70043823 0.23886380680121966 0.21238308168430906 0.001224478954830212
70049823 0.24059376159156032 0.21238308168430906 0.001224478954830212
70055823 0.23568105744789142 0.21238308168430906 0.001218968799533476
70061823 0.23970422422241544 0.21238308168430906 0.001218968799533476
70067823 0.24168939928524613 0.21238308168430906 0.0012134834399355754
70073823 0.23943512707340245 0.21238308168430906 0.0012134834399355754
70079823 0.22584491168688406 0.21238308168430906 0.0012134834399355754
70085823 0.22032499410995998 0.21238308168430906 0.0012134834399355754
70091823 0.2175177674846369 0.211395628728858 0.0012134834399355754
70097823 0.22774949093560748 0.211395628728858 0.0012134834399355754
70103823 0.2285710235025047 0.211395628728858 0.0012080227644558654
70109823 0.23163598729807822 0.211395628728858 0.0012080227644558654
70115823 0.2385040638583046 0.211395628728858 0.001202586662015814
70121823 0.23962866527888996 0.211395628728858 0.001202586662015814
70127823 0.23779369089772293 0.211395628728858 0.0011971750220367428
70133823 0.23330627146343197 0.211395628728858 0.0011971750220367428
70139823 0.22637380288001216 0.211395628728858 0.0011971750220367428
70145823 0.23179081210143856 0.211395628728858 0.0011971750220367428
70151823 0.22535339890157804 0.211395628728858 0.0011971750220367428
70157823 0.21716709111146926 0.211395628728858 0.0011971750220367428
70163823 0.2188287281121121 0.211395628728858 0.0011971750220367428
70169823 0.22224840983642952 0.211395628728858 0.0011917877344375775
70175823 0.2242690656688013 0.211395628728858 0.0011917877344375775
70181823 0.23063009330816814 0.211395628728858 0.0011864246896326086
70187823 0.242638396958798 0.211395628728858 0.0011864246896326086
70193823 0.22939319547075435 0.211395628728858 0.0011810857785292618
70199823 0.2324984682270387 0.211395628728858 0.0011810857785292618
70205823 0.23576201205328123 0.211395628728858 0.0011810857785292618
70211823 0.23370689342038492 0.211395628728858 0.0011757708925258803
70217823 0.23761427542693878 0.211395628728858 0.0011757708925258803
70223823 0.23570090843283073 0.211395628728858 0.001170479923509514
70229823 0.22874538387019877 0.211395628728858 0.001170479923509514
70235823 0.22904499880762208 0.211395628728858 0.001170479923509514
70241823 0.23267864053331982 0.211395628728858 0.001170479923509514
70247823 0.23360080537827066 0.211395628728858 0.0011652127638537213
70253823 0.2311158908758048 0.211395628728858 0.0011652127638537213
70259823 0.2305372468658809 0.211395628728858 0.0011599693064163795
70265823 0.22784922183955916 0.211395628728858 0.0011599693064163795
70271823 0.22790621884691747 0.211395628728858 0.0011599693064163795
70277823 0.22757049151469794 0.211395628728858 0.0011547494445375058
70283823 0.22096175348139288 0.211395628728858 0.0011547494445375058
70289823 0.22793768760847516 0.211395628728858 0.0011547494445375058
70295823 0.22048575984295832 0.211395628728858 0.001149553072037087
70301823 0.2174305795732341 0.211395628728858 0.001149553072037087
70307823 0.2203669949046671 0.211395628728858 0.001149553072037087
70313823 0.22237784495518756 0.211395628728858 0.0011443800832129202
70319823 0.22090166029254343 0.211395628728858 0.0011443800832129202
70325823 0.22665707061146578 0.211395628728858 0.0011392303728384621
70331823 0.22796362332105444 0.211395628728858 0.0011392303728384621
70337823 0.24080136124100876 0.211395628728858 0.001134103836160689
70343823 0.2279179703649988 0.211395628728858 0.001134103836160689
70349823 0.22417322488365501 0.211395628728858 0.001134103836160689
70355823 0.2261833125292996 0.211395628728858 0.001134103836160689
70361823 0.2328635748689633 0.211395628728858 0.001129000368897966
70367823 0.23023767030140913 0.211395628728858 0.001129000368897966
70373823 0.22972871172364118 0.211395628728858 0.0011239198672379253
70379823 0.22720077071384331 0.211395628728858 0.0011239198672379253
70385823 0.22799406746154585 0.211395628728858 0.0011239198672379253
70391823 0.22392889760881388 0.211395628728858 0.0011188622278353547
70397823 0.23192328684106667 0.211395628728858 0.0011188622278353547
70403823 0.22976762988308838 0.211395628728858 0.0011138273478100958
70409823 0.23041814756735143 0.211395628728858 0.0011138273478100958
70415823 0.22432473838931657 0.211395628728858 0.0011138273478100958
70421823 0.23422229680351156 0.211395628728858 0.0011138273478100958
70427823 0.22750772575328143 0.211395628728858 0.0011088151247449505
70433823 0.2237375261942457 0.211395628728858 0.0011088151247449505
70439823 0.21982230830853866 0.2107076842218017 0.0011088151247449505
70445823 0.22211461260458776 0.2107076842218017 0.0011088151247449505
70451823 0.21919424550121583 0.2107076842218017 0.0011038254566835982
70457823 0.2171037507083863 0.2107076842218017 0.0011038254566835982
70463823 0.22404157926419335 0.2107076842218017 0.0011038254566835982
70469823 0.2367017178870538 0.2107076842218017 0.001098858242128522
70475823 0.2310894528420106 0.2107076842218017 0.001098858242128522
70481823 0.22929842150215002 0.2107076842218017 0.0010939133800389436
70487823 0.22360213328007975 0.2107076842218017 0.0010939133800389436
70493823 0.22358663612429433 0.2107076842218017 0.0010939133800389436
70499823 0.22687414103123482 0.2107076842218017 0.0010939133800389436
70505823 0.22120234140842646 0.2107076842218017 0.0010889907698287684
70511823 0.21481777397077595 0.2107076842218017 0.0010889907698287684
70517823 0.21505582101060153 0.2107076842218017 0.0010889907698287684
70523823 0.21288099981445593 0.2107076842218017 0.0010889907698287684
70529823 0.21236481260857792 0.210296551185554 0.001084090311364539
70535823 0.2243132577758542 0.210296551185554 0.001084090311364539
70541823 0.2182759892357003 0.210296551185554 0.0010792119049633985
70547823 0.2216786957884341 0.210296551185554 0.0010792119049633985
70553823 0.2241681768664525 0.210296551185554 0.0010743554513910633
70559823 0.22864420461506033 0.210296551185554 0.0010743554513910633
70565823 0.22968136417443852 0.210296551185554 0.0010695208518598036
70571823 0.21655855488519435 0.210296551185554 0.0010695208518598036
70577823 0.2246569641015715 0.210296551185554 0.0010695208518598036
70583823 0.2208521280565656 0.210296551185554 0.0010695208518598036
70589823 0.21775831714020288 0.210296551185554 0.0010695208518598036
70595823 0.2156099018913381 0.210296551185554 0.0010647080080264345
70601823 0.21889791865100927 0.210296551185554 0.0010647080080264345
70607823 0.21107557561753956 0.2082427132676605 0.0010647080080264345
70613823 0.20868309403323987 0.20671856401781952 0.0010647080080264345
70619823 0.217623011071408 0.20603491822963188 0.0010647080080264345
70625823 0.21537227114016502 0.20603491822963188 0.0010599168219903156
70631823 0.21740418494887095 0.20603491822963188 0.0010599168219903156
70637823 0.21515042931461792 0.20603491822963188 0.0010599168219903156
70643823 0.21179905132320634 0.20603491822963188 0.0010599168219903156
70649823 0.22657975459022278 0.20603491822963188 0.0010551471962913592
70655823 0.22405661801438762 0.20603491822963188 0.0010551471962913592
70661823 0.21995760651742682 0.20603491822963188 0.0010503990339080483
70667823 0.21861173945420045 0.20603491822963188 0.0010503990339080483
70673823 0.22209729605847278 0.20603491822963188 0.0010503990339080483
70679823 0.21774244067259518 0.20603491822963188 0.0010456722382554621
70685823 0.20955438268241783 0.20603491822963188 0.0010456722382554621
70691823 0.21538135663205585 0.20329554122537397 0.0010456722382554621
70697823 0.21061850057074452 0.20329554122537397 0.0010456722382554621
70703823 0.21278333209002415 0.20329554122537397 0.0010409667131833127
70709823 0.2097235577190369 0.20329554122537397 0.0010409667131833127
70715823 0.2092111607414979 0.20329554122537397 0.0010409667131833127
70721823 0.2153797842124372 0.20329554122537397 0.0010362823629739878
70727823 0.21571131868906124 0.20329554122537397 0.0010362823629739878
70733823 0.22449669011447387 0.20329554122537397 0.001031619092340605
70739823 0.21819204028228786 0.20329554122537397 0.001031619092340605
70745823 0.21223946681321285 0.20329554122537397 0.0010269768064250723
70751823 0.20679649272705536 0.20329554122537397 0.0010269768064250723
70757823 0.20415713762136764 0.20206589252951407 0.0010223554107961596
70763823 0.2083943367503316 0.20206589252951407 0.0010223554107961596
70769823 0.20665594453979735 0.20206589252951407 0.001017754811447577
70775823 0.20692681847495228 0.20206589252951407 0.001017754811447577
70781823 0.21019324881841336 0.20206589252951407 0.001017754811447577
70787823 0.21218198121057044 0.20206589252951407 0.0010131749147960628
70793823 0.20509450525097359 0.2016930581269973 0.0010131749147960628
70799823 0.2079720497997595 0.2016930581269973 0.0010131749147960628
70805823 0.21570084776255186 0.2016930581269973 0.0010086156276794807
70811823 0.21947357266992434 0.2016930581269973 0.0010086156276794807
70817823 0.20188707917096582 0.20030386924429724 0.0010040768573549232
70823823 0.20486448659890216 0.19887111212306632 0.0010040768573549232
70829823 0.20126144957191425 0.19547758121499298 0.0010040768573549232
70835823 0.19988325855113145 0.19547758121499298 0.0010040768573549232
70841823 0.1989913156641947 0.19547758121499298 0.0010040768573549232
70847823 0.2049831587493245 0.19547758121499298 9.99558511496826E-4
70853823 0.20986192852188865 0.19547758121499298 9.99558511496826E-4
70859823 0.2133280140009415 0.19547758121499298 9.950604981950903E-4
70865823 0.21529103490114493 0.19547758121499298 9.950604981950903E-4
70871823 0.21197769819838924 0.19547758121499298 9.905827259532125E-4
70877823 0.2106731120475276 0.19547758121499298 9.905827259532125E-4
70883823 0.21546723961794076 0.19547758121499298 9.861251036864232E-4
70889823 0.2143538509009636 0.19547758121499298 9.861251036864232E-4
70895823 0.2254657634987462 0.19547758121499298 9.816875407198343E-4
70901823 0.2204667264669874 0.19547758121499298 9.816875407198343E-4
70907823 0.2144141385420402 0.19547758121499298 9.77269946786595E-4
70913823 0.21696124980823503 0.19547758121499298 9.77269946786595E-4
70919823 0.21557880913888228 0.19547758121499298 9.77269946786595E-4
70925823 0.21453660658441132 0.19547758121499298 9.728722320260554E-4
70931823 0.21115868541418098 0.19547758121499298 9.728722320260554E-4
70937823 0.20429182429704368 0.19547758121499298 9.684943069819382E-4
70943823 0.20745725865349326 0.19547758121499298 9.684943069819382E-4
70949823 0.2093595260357686 0.19547758121499298 9.684943069819382E-4
70955823 0.212291358090888 0.19547758121499298 9.641360826005195E-4
70961823 0.20533816662414545 0.19547758121499298 9.641360826005195E-4
70967823 0.2061284755990743 0.19547758121499298 9.641360826005195E-4
70973823 0.2025770992544015 0.19547758121499298 9.597974702288172E-4
70979823 0.20089083585765444 0.19547758121499298 9.597974702288172E-4
70985823 0.21302632056596474 0.19547758121499298 9.597974702288172E-4
70991823 0.20270359886176345 0.19547758121499298 9.554783816127877E-4
70997823 0.20370525312464818 0.19547758121499298 9.554783816127877E-4
71003823 0.2102874972445128 0.19547758121499298 9.554783816127877E-4
71009823 0.21523070176680356 0.19547758121499298 9.511787288955302E-4
71015823 0.22053723578502604 0.19547758121499298 9.511787288955302E-4
71021823 0.22090807883403477 0.19547758121499298 9.468984246155004E-4
71027823 0.21246649031637987 0.19547758121499298 9.468984246155004E-4
71033823 0.20280056704689697 0.19547758121499298 9.468984246155004E-4
71039823 0.20560723886250162 0.19547758121499298 9.468984246155004E-4
71045823 0.20359841260910544 0.19547758121499298 9.468984246155004E-4
71051823 0.1999732387340733 0.19547758121499298 9.426373817047306E-4
71057823 0.20998945645498612 0.19547758121499298 9.426373817047306E-4
71063823 0.20228412733207313 0.19547758121499298 9.426373817047306E-4
71069823 0.20413937977295882 0.19547758121499298 9.383955134870594E-4
71075823 0.20375993117225566 0.19547758121499298 9.383955134870594E-4
71081823 0.1987528350332545 0.19547758121499298 9.383955134870594E-4
71087823 0.19900719252297425 0.19547758121499298 9.341727336763676E-4
71093823 0.20325152827574075 0.19547758121499298 9.341727336763676E-4
71099823 0.21056338147516027 0.19547758121499298 9.29968956374824E-4
71105823 0.21853899913501867 0.19547758121499298 9.29968956374824E-4
71111823 0.21110105640588597 0.19547758121499298 9.257840960711374E-4
71117823 0.2128388465506221 0.19547758121499298 9.257840960711374E-4
71123823 0.20678325601144948 0.19547758121499298 9.257840960711374E-4
71129823 0.20762565121168922 0.19547758121499298 9.257840960711374E-4
71135823 0.20699690382539593 0.19547758121499298 9.257840960711374E-4
71141823 0.21943256378522413 0.19547758121499298 9.216180676388173E-4
71147823 0.21036116147419273 0.19547758121499298 9.216180676388173E-4
71153823 0.2117653215738703 0.19547758121499298 9.174707863344426E-4
71159823 0.20893097968286223 0.19547758121499298 9.174707863344426E-4
71165823 0.21292170679148725 0.19547758121499298 9.174707863344426E-4
71171823 0.20672362938617425 0.19547758121499298 9.174707863344426E-4
71177823 0.20840345147222744 0.19547758121499298 9.174707863344426E-4
71183823 0.2109620272957905 0.19547758121499298 9.174707863344426E-4
71189823 0.2089714295023464 0.19547758121499298 9.133421677959377E-4
71195823 0.2069889903830606 0.19547758121499298 9.133421677959377E-4
71201823 0.20799083631420795 0.19547758121499298 9.133421677959377E-4
71207823 0.20970003441757815 0.19547758121499298 9.09232128040856E-4
71213823 0.20738478239724253 0.19547758121499298 9.09232128040856E-4
71219823 0.20229152787675977 0.19547758121499298 9.09232128040856E-4
71225823 0.20138616403739332 0.19547758121499298 9.051405834646721E-4
71231823 0.2014596423562294 0.19547758121499298 9.051405834646721E-4
71237823 0.20562324478317673 0.19547758121499298 9.051405834646721E-4
71243823 0.20434659746417289 0.19487979199027913 9.010674508390811E-4
71249823 0.19395340221340365 0.19395340221340365 9.010674508390811E-4
71255823 0.19776809597758127 0.19302244857646805 9.010674508390811E-4
71261823 0.2069353305362376 0.19302244857646805 9.010674508390811E-4
71267823 0.20058654444765503 0.19302244857646805 8.970126473103053E-4
71273823 0.1975388182265898 0.19302244857646805 8.970126473103053E-4
71279823 0.1963622533154169 0.19302244857646805 8.970126473103053E-4
71285823 0.19818145162648115 0.19302244857646805 8.929760903974089E-4
71291823 0.19882123798559756 0.19302244857646805 8.929760903974089E-4
71297823 0.19905708807070488 0.19302244857646805 8.929760903974089E-4
71303823 0.201050582094803 0.19302244857646805 8.929760903974089E-4
71309823 0.20354911344817267 0.19302244857646805 8.889576979906206E-4
71315823 0.20110363391520458 0.19302244857646805 8.889576979906206E-4
71321823 0.20571535117147463 0.19302244857646805 8.889576979906206E-4
71327823 0.20164063204028296 0.19302244857646805 8.849573883496629E-4
71333823 0.19791874717945962 0.19302244857646805 8.849573883496629E-4
71339823 0.19516167787640176 0.1923478319817829 8.849573883496629E-4
71345823 0.19249118254703465 0.1908805100811164 8.849573883496629E-4
71351823 0.1944098761523185 0.18662512884942517 8.849573883496629E-4
71357823 0.19731665703655663 0.18662512884942517 8.849573883496629E-4
71363823 0.19405847668401882 0.18662512884942517 8.809750801020894E-4
71369823 0.19101861613431745 0.18662512884942517 8.809750801020894E-4
71375823 0.1934523570573351 0.18662512884942517 8.809750801020894E-4
71381823 0.19234765871613618 0.18662512884942517 8.770106922416301E-4
71387823 0.19223756958230087 0.18662512884942517 8.770106922416301E-4
71393823 0.19050861444501407 0.18662512884942517 8.770106922416301E-4
71399823 0.19197046927391292 0.18662512884942517 8.770106922416301E-4
71405823 0.1951471721753918 0.18662512884942517 8.770106922416301E-4
71411823 0.19639961866025846 0.18662512884942517 8.730641441265428E-4
71417823 0.19336452347595942 0.18662512884942517 8.730641441265428E-4
71423823 0.18762964728087955 0.18660248488468675 8.730641441265428E-4
71429823 0.18606695741950538 0.18486508068243557 8.730641441265428E-4
71435823 0.19416959633959302 0.18486508068243557 8.730641441265428E-4
71441823 0.19298229861867372 0.18486508068243557 8.691353554779735E-4
71447823 0.19189532464501416 0.18486508068243557 8.691353554779735E-4
71453823 0.19232233467467819 0.18486508068243557 8.652242463783226E-4
71459823 0.18964136340044102 0.18486508068243557 8.652242463783226E-4
71465823 0.18915004841025435 0.18486508068243557 8.652242463783226E-4
71471823 0.1930879362418219 0.18486508068243557 8.613307372696202E-4
71477823 0.19769489722256203 0.18486508068243557 8.613307372696202E-4
71483823 0.19642756412619877 0.18486508068243557 8.57454748951907E-4
71489823 0.1878119681498653 0.18486508068243557 8.57454748951907E-4
71495823 0.18926244742589354 0.18486508068243557 8.57454748951907E-4
71501823 0.1918231819706763 0.18486508068243557 8.57454748951907E-4
71507823 0.19568941907161466 0.18486508068243557 8.535962025816234E-4
71513823 0.19549403369096605 0.18486508068243557 8.535962025816234E-4
71519823 0.193900414789623 0.18486508068243557 8.535962025816234E-4
71525823 0.19332915701145167 0.18486508068243557 8.497550196700062E-4
71531823 0.19564802762625308 0.18486508068243557 8.497550196700062E-4
71537823 0.18803111319487822 0.18486508068243557 8.459311220814911E-4
71543823 0.19492127312171317 0.18486508068243557 8.459311220814911E-4
71549823 0.1920665393192324 0.18486508068243557 8.459311220814911E-4
71555823 0.19472882777085745 0.18486508068243557 8.421244320321245E-4
71561823 0.1902612548399246 0.18486508068243557 8.421244320321245E-4
71567823 0.19024042758886386 0.18486508068243557 8.421244320321245E-4
71573823 0.1920400487275404 0.18475011056749954 8.421244320321245E-4
71579823 0.19484288514543546 0.18475011056749954 8.421244320321245E-4
71585823 0.19046517317703243 0.18475011056749954 8.3833487208798E-4
71591823 0.19139457757483463 0.18369634121365602 8.3833487208798E-4
71597823 0.1878769915803412 0.18369634121365602 8.3833487208798E-4
71603823 0.1870828567190893 0.18369634121365602 8.345623651635841E-4
71609823 0.18338102816038485 0.18329274554819439 8.345623651635841E-4
71615823 0.1843048129413511 0.18111756135634166 8.345623651635841E-4
71621823 0.18997200080189738 0.18111756135634166 8.345623651635841E-4
71627823 0.1836177762664479 0.18111756135634166 8.30806834520348E-4
71633823 0.18855936591277692 0.18111756135634166 8.30806834520348E-4
71639823 0.19643248730757543 0.18111756135634166 8.30806834520348E-4
71645823 0.1975647688013965 0.18111756135634166 8.270682037650065E-4
71651823 0.1909334942471776 0.18111756135634166 8.270682037650065E-4
71657823 0.18642868332474843 0.18111756135634166 8.270682037650065E-4
71663823 0.1885356815142682 0.18111756135634166 8.270682037650065E-4
71669823 0.19025444864625107 0.18111756135634166 8.270682037650065E-4
71675823 0.1876874143620907 0.18111756135634166 8.23346396848064E-4
71681823 0.19032407789641623 0.18111756135634166 8.23346396848064E-4
71687823 0.19076395145346886 0.18111756135634166 8.23346396848064E-4
71693823 0.18997222568386996 0.18111756135634166 8.196413380622478E-4
71699823 0.1875898699097654 0.18111756135634166 8.196413380622478E-4
71705823 0.1911384380807684 0.18111756135634166 8.196413380622478E-4
71711823 0.19046422853944583 0.18111756135634166 8.159529520409677E-4
71717823 0.19304058600698532 0.18111756135634166 8.159529520409677E-4
71723823 0.19104730835190942 0.18111756135634166 8.159529520409677E-4
71729823 0.1910545800113515 0.18111756135634166 8.122811637567833E-4
71735823 0.19211219404327315 0.18111756135634166 8.122811637567833E-4
71741823 0.185187835403375 0.18111756135634166 8.122811637567833E-4
71747823 0.18917590613901059 0.18111756135634166 8.122811637567833E-4
71753823 0.18555243470892413 0.18111756135634166 8.122811637567833E-4
71759823 0.18764228969623659 0.18111756135634166 8.086258985198778E-4
71765823 0.1892055117257769 0.18111756135634166 8.086258985198778E-4
71771823 0.190839037479784 0.18111756135634166 8.049870819765385E-4
71777823 0.19302343686196777 0.18111756135634166 8.049870819765385E-4
71783823 0.1954258685983249 0.18111756135634166 8.013646401076441E-4
71789823 0.19356366617849785 0.18111756135634166 8.013646401076441E-4
71795823 0.19603975870931223 0.18111756135634166 7.977584992271598E-4
71801823 0.19478342953449423 0.18111756135634166 7.977584992271598E-4
71807823 0.1919552634021446 0.18111756135634166 7.977584992271598E-4
71813823 0.18912707151844396 0.18111756135634166 7.977584992271598E-4
71819823 0.19186531099127074 0.18111756135634166 7.977584992271598E-4
71825823 0.1870727758188597 0.18111756135634166 7.977584992271598E-4
71831823 0.18960962109606064 0.18111756135634166 7.977584992271598E-4
71837823 0.18893308507086617 0.18111756135634166 7.977584992271598E-4
71843823 0.18790625203085498 0.18111756135634166 7.941685859806376E-4
71849823 0.19157206978167968 0.18111756135634166 7.941685859806376E-4
71855823 0.18862450733027114 0.18111756135634166 7.905948273437248E-4
71861823 0.1905086092214086 0.18111756135634166 7.905948273437248E-4
71867823 0.18878578954317074 0.18111756135634166 7.905948273437248E-4
71873823 0.18868534994758884 0.18111756135634166 7.905948273437248E-4
71879823 0.19773760453798517 0.18111756135634166 7.870371506206781E-4
71885823 0.1948686416727593 0.18111756135634166 7.870371506206781E-4
71891823 0.19196918493577173 0.18111756135634166 7.834954834428852E-4
71897823 0.1926659248021679 0.18111756135634166 7.834954834428852E-4
71903823 0.18944935464406312 0.18111756135634166 7.834954834428852E-4
71909823 0.19002469470708377 0.18111756135634166 7.834954834428852E-4
71915823 0.18999348931898172 0.18111756135634166 7.799697537673922E-4
71921823 0.1914250062368153 0.18111756135634166 7.799697537673922E-4
71927823 0.1864943293744934 0.18111756135634166 7.799697537673922E-4
71933823 0.18775881153831162 0.18111756135634166 7.764598898754389E-4
71939823 0.1831949360276985 0.18111756135634166 7.764598898754389E-4
71945823 0.18810930490284875 0.18111756135634166 7.764598898754389E-4
71951823 0.19044505220308025 0.18111756135634166 7.764598898754389E-4
71957823 0.19269388311125477 0.18111756135634166 7.729658203709995E-4
71963823 0.19065856670697337 0.18111756135634166 7.729658203709995E-4
71969823 0.19609963683166293 0.18111756135634166 7.729658203709995E-4
71975823 0.19168578408638998 0.18111756135634166 7.6948747417933E-4
71981823 0.19666140521257078 0.18111756135634166 7.6948747417933E-4
71987823 0.19195176345710085 0.18111756135634166 7.660247805455231E-4
71993823 0.18783168795233038 0.18111756135634166 7.660247805455231E-4
71999823 0.19110818072890912 0.18111756135634166 7.660247805455231E-4
72005823 0.18566145991352695 0.18111756135634166 7.660247805455231E-4
72011823 0.18856742173561314 0.18111756135634166 7.625776690330683E-4
72017823 0.19152123471996696 0.18111756135634166 7.625776690330683E-4
72023823 0.18610529388403493 0.18111756135634166 7.591460695224195E-4
72029823 0.18511357659087319 0.18111756135634166 7.591460695224195E-4
72035823 0.184924413362969 0.18111756135634166 7.591460695224195E-4
72041823 0.18948794385697054 0.18111756135634166 7.591460695224195E-4
72047823 0.18759779714971836 0.18111756135634166 7.557299122095687E-4
72053823 0.18878691139663786 0.18111756135634166 7.557299122095687E-4
72059823 0.18778119752314124 0.18111756135634166 7.557299122095687E-4
72065823 0.18961238808745243 0.18111756135634166 7.557299122095687E-4
72071823 0.1925442083104601 0.18111756135634166 7.523291276046257E-4
72077823 0.18873485365622103 0.18111756135634166 7.523291276046257E-4
72083823 0.19094848790634453 0.18111756135634166 7.523291276046257E-4
72089823 0.18431302031079036 0.18111756135634166 7.523291276046257E-4
72095823 0.18528863291147468 0.18111756135634166 7.523291276046257E-4
72101823 0.18884099702773963 0.18111756135634166 7.523291276046257E-4
72107823 0.18814811421183578 0.18111756135634166 7.489436465304049E-4
72113823 0.1854292104425339 0.18111756135634166 7.489436465304049E-4
72119823 0.18649452600246813 0.18111756135634166 7.489436465304049E-4
72125823 0.18150868601757267 0.1806505845074721 7.489436465304049E-4
72131823 0.18689501974783226 0.17956015687247434 7.489436465304049E-4
72137823 0.19080481965109874 0.17956015687247434 7.489436465304049E-4
72143823 0.19324018492160186 0.17956015687247434 7.455734001210182E-4
72149823 0.18717795836942952 0.17956015687247434 7.455734001210182E-4
72155823 0.1870518896291396 0.17956015687247434 7.455734001210182E-4
72161823 0.18757234316176383 0.17956015687247434 7.455734001210182E-4
72167823 0.1885340506692752 0.17956015687247434 7.455734001210182E-4
72173823 0.18640624074324244 0.17956015687247434 7.422183198204736E-4
72179823 0.1846092155558119 0.17956015687247434 7.422183198204736E-4
72185823 0.18769339662450182 0.17956015687247434 7.422183198204736E-4
72191823 0.18154075005776346 0.17893309413100744 7.388783373812815E-4
72197823 0.18371645635240386 0.17893309413100744 7.388783373812815E-4
72203823 0.18089656616539557 0.17893309413100744 7.355533848630658E-4
72209823 0.17840531052725458 0.17696408656877344 7.355533848630658E-4
72215823 0.1822524794710648 0.17696408656877344 7.355533848630658E-4
72221823 0.18110424123560773 0.17696408656877344 7.355533848630658E-4
72227823 0.18357098526110913 0.17696408656877344 7.32243394631182E-4
72233823 0.18648038138029877 0.17696408656877344 7.32243394631182E-4
72239823 0.18474605596447616 0.17696408656877344 7.289482993553417E-4
72245823 0.18598538011943258 0.17696408656877344 7.289482993553417E-4
72251823 0.18497267751170737 0.17696408656877344 7.289482993553417E-4
72257823 0.189711718891411 0.17696408656877344 7.256680320082427E-4
72263823 0.1883343556681944 0.17696408656877344 7.256680320082427E-4
72269823 0.18741761828428133 0.17696408656877344 7.224025258642056E-4
72275823 0.1853720633638906 0.17696408656877344 7.224025258642056E-4
72281823 0.18487471890320206 0.17696408656877344 7.224025258642056E-4
72287823 0.18365211333429723 0.17696408656877344 7.191517144978167E-4
72293823 0.18192772484535952 0.17696408656877344 7.191517144978167E-4
72299823 0.18644593833385997 0.17696408656877344 7.191517144978167E-4
72305823 0.1830560676047801 0.17696408656877344 7.191517144978167E-4
72311823 0.18863841293823197 0.17696408656877344 7.159155317825765E-4
72317823 0.18546071105930279 0.17696408656877344 7.159155317825765E-4
72323823 0.18540421558193357 0.17696408656877344 7.12693911889555E-4
72329823 0.18471630901115516 0.17696408656877344 7.12693911889555E-4
72335823 0.18430154894314538 0.17696408656877344 7.09486789286052E-4
72341823 0.18571765648853703 0.17696408656877344 7.09486789286052E-4
72347823 0.1895509328824628 0.17696408656877344 7.062940987342649E-4
72353823 0.19661878105059571 0.17696408656877344 7.062940987342649E-4
72359823 0.19360197332868034 0.17696408656877344 7.031157752899607E-4
72365823 0.19237274624024692 0.17696408656877344 7.031157752899607E-4
72371823 0.19156273579697303 0.17696408656877344 7.031157752899607E-4
72377823 0.18817073330781595 0.17696408656877344 6.999517543011559E-4
72383823 0.18645389379024227 0.17696408656877344 6.999517543011559E-4
72389823 0.1845203524036728 0.17696408656877344 6.999517543011559E-4
72395823 0.18482854816366615 0.17696408656877344 6.999517543011559E-4
72401823 0.18629661038466386 0.17696408656877344 6.999517543011559E-4
72407823 0.18645091276828435 0.17696408656877344 6.968019714068007E-4
72413823 0.18609648444603605 0.17696408656877344 6.968019714068007E-4
72419823 0.18742849803708192 0.17696408656877344 6.936663625354702E-4
72425823 0.1868405169024778 0.17696408656877344 6.936663625354702E-4
72431823 0.18473672226036517 0.17696408656877344 6.905448639040606E-4
72437823 0.1878009167260046 0.17696408656877344 6.905448639040606E-4
72443823 0.18736069127052174 0.17696408656877344 6.905448639040606E-4
72449823 0.18321585900197934 0.17696408656877344 6.874374120164924E-4
72455823 0.18660062063641056 0.17696408656877344 6.874374120164924E-4
72461823 0.1839568298768128 0.17696408656877344 6.843439436624182E-4
72467823 0.18767867431193586 0.17696408656877344 6.843439436624182E-4
72473823 0.18472841476883958 0.17696408656877344 6.812643959159373E-4
72479823 0.18031945978866493 0.17696408656877344 6.812643959159373E-4
72485823 0.18288528905521714 0.17696408656877344 6.812643959159373E-4
72491823 0.17677524701287317 0.17677524701287317 6.812643959159373E-4
72497823 0.17996775554154937 0.17660936081539375 6.781987061343156E-4
72503823 0.18088746764262023 0.17660936081539375 6.781987061343156E-4
72509823 0.18145066565724804 0.17660936081539375 6.751468119567112E-4
72515823 0.18245143757260518 0.17660936081539375 6.751468119567112E-4
72521823 0.18863567733979592 0.17660936081539375 6.721086513029061E-4
72527823 0.18284750568928318 0.17660936081539375 6.721086513029061E-4
72533823 0.18109104555409433 0.17660936081539375 6.721086513029061E-4
72539823 0.1801961950385441 0.17660936081539375 6.721086513029061E-4
72545823 0.1795289581311618 0.17660936081539375 6.69084162372043E-4
72551823 0.18042004918421026 0.17660936081539375 6.69084162372043E-4
72557823 0.1831547510877856 0.17660936081539375 6.660732836413688E-4
72563823 0.1845421534032538 0.17660936081539375 6.660732836413688E-4
72569823 0.18573912078088456 0.17660936081539375 6.630759538649827E-4
72575823 0.1803889453920975 0.17660936081539375 6.630759538649827E-4
72581823 0.1810187918358549 0.17660936081539375 6.630759538649827E-4
72587823 0.18279116749368834 0.17660936081539375 6.630759538649827E-4
72593823 0.18265664199099615 0.17660936081539375 6.630759538649827E-4
72599823 0.183887579697373 0.17660936081539375 6.600921120725903E-4
72605823 0.18033532872635427 0.17660936081539375 6.600921120725903E-4
72611823 0.17908442157495116 0.17660936081539375 6.600921120725903E-4
72617823 0.18296789598809324 0.17660936081539375 6.600921120725903E-4
72623823 0.17994711920604284 0.17660936081539375 6.600921120725903E-4
72629823 0.18132609689506626 0.17660936081539375 6.571216975682637E-4
72635823 0.18243233148293866 0.17660936081539375 6.571216975682637E-4
72641823 0.18487167035602586 0.17660936081539375 6.541646499292065E-4
72647823 0.186685558578143 0.17660936081539375 6.541646499292065E-4
72653823 0.18680390078631176 0.17660936081539375 6.512209090045252E-4
72659823 0.18432576147547847 0.17660936081539375 6.512209090045252E-4
72665823 0.18381719698670063 0.17660936081539375 6.482904149140049E-4
72671823 0.18391102082039298 0.17660936081539375 6.482904149140049E-4
72677823 0.18861791860533483 0.17660936081539375 6.482904149140049E-4
72683823 0.18634450163240668 0.17660936081539375 6.453731080468919E-4
72689823 0.18737074614357482 0.17660936081539375 6.453731080468919E-4
72695823 0.18426939823876815 0.17660936081539375 6.424689290606809E-4
72701823 0.1851377912179817 0.17660936081539375 6.424689290606809E-4
72707823 0.1819320302084932 0.17660936081539375 6.424689290606809E-4
72713823 0.18426954454806424 0.17660936081539375 6.424689290606809E-4
72719823 0.1854220167256948 0.17660936081539375 6.424689290606809E-4
72725823 0.1795652698427426 0.17660936081539375 6.395778188799079E-4
72731823 0.1801093951117069 0.17660936081539375 6.395778188799079E-4
72737823 0.18411780117185997 0.17660936081539375 6.395778188799079E-4
72743823 0.18380101810103863 0.17660936081539375 6.366997186949484E-4
72749823 0.18041567734994918 0.17660936081539375 6.366997186949484E-4
72755823 0.18085574653654515 0.17660936081539375 6.366997186949484E-4
72761823 0.18516982667602963 0.17660936081539375 6.366997186949484E-4
72767823 0.18361626063539976 0.17660936081539375 6.338345699608212E-4
72773823 0.18435005946597174 0.17660936081539375 6.338345699608212E-4
72779823 0.18554455872670486 0.17660936081539375 6.338345699608212E-4
72785823 0.18026973918214018 0.17660936081539375 6.338345699608212E-4
72791823 0.1828277313192215 0.17660936081539375 6.338345699608212E-4
72797823 0.18176917021045944 0.17660936081539375 6.338345699608212E-4
72803823 0.18146200458501052 0.17660936081539375 6.309823143959975E-4
72809823 0.1857662919393887 0.17660936081539375 6.309823143959975E-4
72815823 0.18712933565850134 0.17660936081539375 6.281428939812156E-4
72821823 0.18494197373461027 0.17660936081539375 6.281428939812156E-4
72827823 0.1867421881585743 0.17660936081539375 6.281428939812156E-4
72833823 0.18992393817064576 0.17660936081539375 6.253162509583001E-4
72839823 0.18563638432472135 0.17660936081539375 6.253162509583001E-4
72845823 0.183217160541141 0.17660936081539375 6.253162509583001E-4
72851823 0.1794396895921598 0.17660936081539375 6.253162509583001E-4
72857823 0.17869387912707604 0.17660936081539375 6.253162509583001E-4
72863823 0.18025579265520786 0.17660936081539375 6.253162509583001E-4
72869823 0.17992828200212285 0.17660936081539375 6.225023278289878E-4
72875823 0.1800398181444667 0.17660936081539375 6.225023278289878E-4
72881823 0.18164009570343004 0.17660936081539375 6.197010673537574E-4
72887823 0.185157856801359 0.17660936081539375 6.197010673537574E-4
72893823 0.18157089017401368 0.17660936081539375 6.169124125506656E-4
72899823 0.18109512597822186 0.17660936081539375 6.169124125506656E-4
72905823 0.18114028591024037 0.17660936081539375 6.169124125506656E-4
72911823 0.18260274870029572 0.17660936081539375 6.169124125506656E-4
72917823 0.1876270179713555 0.17660936081539375 6.141363066941876E-4
72923823 0.18755242473393613 0.17660936081539375 6.141363066941876E-4
72929823 0.18542016750808302 0.17660936081539375 6.113726933140637E-4
72935823 0.18382004428040666 0.17660936081539375 6.113726933140637E-4
72941823 0.1830315927872721 0.17660936081539375 6.113726933140637E-4
72947823 0.1784532849197915 0.17660936081539375 6.113726933140637E-4
72953823 0.17934282420456013 0.17660936081539375 6.113726933140637E-4
72959823 0.1787872959913137 0.17660936081539375 6.113726933140637E-4
72965823 0.17809761471534175 0.17660936081539375 6.113726933140637E-4
72971823 0.18053625515580707 0.17660130892130266 6.113726933140637E-4
72977823 0.18152857172299375 0.17660130892130266 6.113726933140637E-4
72983823 0.18250784906647094 0.17660130892130266 6.086215161941504E-4
72989823 0.18475577276541788 0.17660130892130266 6.086215161941504E-4
72995823 0.1826422991585986 0.17660130892130266 6.058827193712768E-4
73001823 0.17954721190432632 0.17660130892130266 6.058827193712768E-4
73007823 0.17750093233990727 0.1763162068901368 6.058827193712768E-4
73013823 0.18167492644862948 0.1763162068901368 6.058827193712768E-4
73019823 0.18058018312828844 0.1763162068901368 6.031562471341061E-4
73025823 0.18067427602628527 0.1763162068901368 6.031562471341061E-4
73031823 0.17730052008734473 0.17530589010398637 6.031562471341061E-4
73037823 0.18016600962844828 0.17530589010398637 6.031562471341061E-4
73043823 0.1813817637004884 0.17530589010398637 6.004420440220027E-4
73049823 0.18069615564923933 0.17530589010398637 6.004420440220027E-4
73055823 0.18108854383427916 0.17530589010398637 6.004420440220027E-4
73061823 0.18060809341110964 0.17530589010398637 6.004420440220027E-4
73067823 0.18032845307420703 0.17530589010398637 5.977400548239037E-4
73073823 0.18016740720966948 0.17530589010398637 5.977400548239037E-4
73079823 0.17841588730504576 0.17530589010398637 5.977400548239037E-4
73085823 0.18130543445531688 0.17530589010398637 5.977400548239037E-4
73091823 0.1802776430214958 0.17530589010398637 5.950502245771962E-4
73097823 0.179557581631607 0.17530589010398637 5.950502245771962E-4
73103823 0.1797278311150799 0.17530589010398637 5.950502245771962E-4
73109823 0.17931546362273576 0.17530589010398637 5.923724985665989E-4
73115823 0.17908636227816446 0.17530589010398637 5.923724985665989E-4
73121823 0.18013245402124844 0.17530589010398637 5.923724985665989E-4
73127823 0.1763488843130048 0.17530589010398637 5.897068223230492E-4
73133823 0.1806320510428373 0.17530589010398637 5.897068223230492E-4
73139823 0.1838876140029795 0.17530589010398637 5.870531416225955E-4
73145823 0.1806726356526944 0.17530589010398637 5.870531416225955E-4
73151823 0.18385634392248176 0.17530589010398637 5.844114024852939E-4
73157823 0.18351052562691747 0.17530589010398637 5.844114024852939E-4
73163823 0.18562458664367434 0.17530589010398637 5.817815511741101E-4
73169823 0.18176099543945773 0.17530589010398637 5.817815511741101E-4
73175823 0.1807740382913354 0.17530589010398637 5.817815511741101E-4
73181823 0.17881096146293202 0.17530589010398637 5.817815511741101E-4
73187823 0.18189045371787674 0.17530589010398637 5.817815511741101E-4
73193823 0.17928149483487157 0.17530589010398637 5.791635341938267E-4
73199823 0.17727637301058838 0.17530589010398637 5.791635341938267E-4
73205823 0.17692831369618076 0.17530589010398637 5.791635341938267E-4
73211823 0.17817133310984892 0.17530589010398637 5.791635341938267E-4
73217823 0.1797558046104793 0.17530589010398637 5.765572982899545E-4
73223823 0.17969542818775325 0.17530589010398637 5.765572982899545E-4
73229823 0.17867892371745026 0.17530589010398637 5.739627904476497E-4
73235823 0.1794025024837177 0.17530589010398637 5.739627904476497E-4
73241823 0.18218116439755078 0.17530589010398637 5.713799578906353E-4
73247823 0.1823792943376689 0.17530589010398637 5.713799578906353E-4
73253823 0.18206882400399346 0.17530589010398637 5.688087480801274E-4
73259823 0.18183901228919486 0.17530589010398637 5.688087480801274E-4
73265823 0.1806093813218802 0.17530589010398637 5.688087480801274E-4
73271823 0.17677775275884774 0.17530589010398637 5.688087480801274E-4
73277823 0.17457480356238356 0.17402498168901864 5.688087480801274E-4
73283823 0.17371357669322532 0.17181493679109433 5.688087480801274E-4
73289823 0.17412333413643902 0.17181493679109433 5.688087480801274E-4
73295823 0.17674920059139926 0.17181493679109433 5.662491087137668E-4
73301823 0.17538942387415205 0.17181493679109433 5.662491087137668E-4
73307823 0.17958533040708308 0.17181493679109433 5.637009877245549E-4
73313823 0.17805110069138866 0.17181493679109433 5.637009877245549E-4
73319823 0.17448064939868943 0.17181493679109433 5.611643332797945E-4
73325823 0.17263130349536193 0.17164652679488643 5.611643332797945E-4
73331823 0.1754778611530301 0.17151255071988428 5.611643332797945E-4
73337823 0.17318619835689586 0.17151255071988428 5.586390937800354E-4
73343823 0.17423864332704317 0.17151255071988428 5.586390937800354E-4
73349823 0.17238897873115305 0.17151255071988428 5.586390937800354E-4
73355823 0.1738376749860817 0.17151255071988428 5.561252178580252E-4
73361823 0.17320224405713514 0.17151255071988428 5.561252178580252E-4
73367823 0.17425941913599075 0.17151255071988428 5.561252178580252E-4
73373823 0.1768185062845431 0.17151255071988428 5.536226543776642E-4
73379823 0.17586991562513135 0.17151255071988428 5.536226543776642E-4
73385823 0.17527520621103262 0.17151255071988428 5.511313524329647E-4
73391823 0.17743211690105293 0.17151255071988428 5.511313524329647E-4
73397823 0.17737951666458118 0.17151255071988428 5.511313524329647E-4
73403823 0.17530967967193262 0.17151255071988428 5.486512613470164E-4
73409823 0.17250559311782449 0.17151255071988428 5.486512613470164E-4
73415823 0.17437590201705838 0.17151255071988428 5.486512613470164E-4
73421823 0.17277922364651926 0.17151255071988428 5.461823306709549E-4
73427823 0.1725961218637871 0.17151255071988428 5.461823306709549E-4
73433823 0.17302563429450335 0.17151255071988428 5.437245101829356E-4
73439823 0.17272694102059177 0.17151255071988428 5.437245101829356E-4
73445823 0.17781974961141092 0.17151255071988428 5.437245101829356E-4
73451823 0.17939947470745118 0.17151255071988428 5.412777498871124E-4
73457823 0.17670395629944805 0.17151255071988428 5.412777498871124E-4
73463823 0.17805173651524359 0.17151255071988428 5.388420000126204E-4
73469823 0.17310286696717622 0.17151255071988428 5.388420000126204E-4
73475823 0.17355991367553408 0.17151255071988428 5.388420000126204E-4
73481823 0.1755881449366625 0.17151255071988428 5.388420000126204E-4
73487823 0.17246119637274218 0.17151255071988428 5.364172110125636E-4
73493823 0.1747619376342854 0.17151255071988428 5.364172110125636E-4
73499823 0.17248459733965754 0.17151255071988428 5.340033335630071E-4
73505823 0.17115897944925534 0.1708913425942656 5.340033335630071E-4
73511823 0.1716419446601113 0.1708913425942656 5.340033335630071E-4
73517823 0.1727758428512842 0.17088502536297442 5.340033335630071E-4
73523823 0.17360614453674741 0.17088502536297442 5.316003185619736E-4
73529823 0.17211846449488163 0.1706574853600745 5.316003185619736E-4
73535823 0.17254878330380605 0.1704977751284991 5.292081171284447E-4
73541823 0.17307754958648908 0.1704977751284991 5.292081171284447E-4
73547823 0.17588275973842193 0.1704977751284991 5.268266806013667E-4
73553823 0.1750234832916499 0.1704977751284991 5.268266806013667E-4
73559823 0.17629403175380592 0.1704977751284991 5.244559605386606E-4
73565823 0.17405856304123182 0.1704977751284991 5.244559605386606E-4
73571823 0.16974113805651306 0.16951443196473925 5.244559605386606E-4
73577823 0.17014472438358053 0.1676913721134543 5.244559605386606E-4
73583823 0.17002362856392206 0.1676913721134543 5.244559605386606E-4
73589823 0.17099375183064858 0.1676913721134543 5.220959087162367E-4
73595823 0.1704525222999198 0.1676913721134543 5.220959087162367E-4
73601823 0.1732332804400227 0.1676913721134543 5.220959087162367E-4
73607823 0.1713525625241627 0.1676913721134543 5.197464771270136E-4
73613823 0.17042670750407243 0.1676913721134543 5.197464771270136E-4
73619823 0.17083532045481126 0.1676913721134543 5.197464771270136E-4
73625823 0.17234266808552678 0.1676913721134543 5.197464771270136E-4
73631823 0.16937823482339587 0.1676913721134543 5.174076179799421E-4
73637823 0.17052647732507598 0.1676913721134543 5.174076179799421E-4
73643823 0.17138029997004015 0.1676913721134543 5.174076179799421E-4
73649823 0.16966145450540976 0.1676913721134543 5.150792836990324E-4
73655823 0.17172741396631314 0.1676913721134543 5.150792836990324E-4
73661823 0.16973589805546704 0.1676913721134543 5.127614269223867E-4
73667823 0.17303996792599893 0.1676913721134543 5.127614269223867E-4
73673823 0.1716052318778788 0.1676913721134543 5.10454000501236E-4
73679823 0.17033419380759915 0.1676913721134543 5.10454000501236E-4
73685823 0.170557551226967 0.1676913721134543 5.10454000501236E-4
73691823 0.17258354701368542 0.1676913721134543 5.10454000501236E-4
73697823 0.17093754898994581 0.1676913721134543 5.081569574989804E-4
73703823 0.17007494753150085 0.1676913721134543 5.081569574989804E-4
73709823 0.16887475841027788 0.1676913721134543 5.081569574989804E-4
73715823 0.16863817283282895 0.1676913721134543 5.081569574989804E-4
73721823 0.16881982420989786 0.1676913721134543 5.081569574989804E-4
73727823 0.168208159069413 0.1676913721134543 5.05870251190235E-4
73733823 0.16883303863143234 0.1676913721134543 5.05870251190235E-4
73739823 0.16918089061150376 0.1676913721134543 5.05870251190235E-4
73745823 0.16967217994379918 0.1676913721134543 5.03593835059879E-4
73751823 0.1711971677083394 0.1676913721134543 5.03593835059879E-4
73757823 0.17224719392795934 0.1676913721134543 5.013276628021095E-4
73763823 0.16908532025728792 0.1676913721134543 5.013276628021095E-4
73769823 0.16876913024941406 0.1676913721134543 5.013276628021095E-4
73775823 0.1707475901518859 0.1676913721134543 5.013276628021095E-4
73781823 0.17068387762498025 0.1676913721134543 4.990716883195E-4
73787823 0.17050233182120572 0.1676913721134543 4.990716883195E-4
73793823 0.16916610306195073 0.1676913721134543 4.990716883195E-4
73799823 0.16846071362194237 0.16751497909821758 4.968258657220623E-4
73805823 0.16885804434781926 0.16751497909821758 4.968258657220623E-4
73811823 0.16856187741732456 0.16751497909821758 4.945901493263131E-4
73817823 0.16943176306829458 0.16751497909821758 4.945901493263131E-4
73823823 0.17010927761057898 0.16751497909821758 4.923644936543447E-4
73829823 0.16905893660748517 0.16751497909821758 4.923644936543447E-4
73835823 0.16869285429691563 0.16751497909821758 4.901488534329002E-4
73841823 0.17058927522087652 0.16751497909821758 4.901488534329002E-4
73847823 0.1700531884987619 0.16751497909821758 4.901488534329002E-4
73853823 0.17000905760431675 0.16751497909821758 4.879431835924522E-4
73859823 0.16914132675319102 0.16751497909821758 4.879431835924522E-4
73865823 0.16962170032763543 0.16751497909821758 4.857474392662862E-4
73871823 0.17124114051646594 0.16751497909821758 4.857474392662862E-4
73877823 0.17135000765592945 0.16751497909821758 4.835615757895879E-4
73883823 0.17397061361370617 0.16751497909821758 4.835615757895879E-4
73889823 0.17308787872940237 0.16751497909821758 4.8138554869853477E-4
73895823 0.1740091836940532 0.16751497909821758 4.8138554869853477E-4
73901823 0.17167565758709355 0.16751497909821758 4.792193137293914E-4
73907823 0.17216505553936548 0.16751497909821758 4.792193137293914E-4
73913823 0.1740050299280156 0.16751497909821758 4.792193137293914E-4
73919823 0.1741330130064872 0.16751497909821758 4.7706282681760916E-4
73925823 0.1740086242612619 0.16751497909821758 4.7706282681760916E-4
73931823 0.1742701222731601 0.16751497909821758 4.7706282681760916E-4
73937823 0.17188156934127363 0.16751497909821758 4.7491604409692997E-4
73943823 0.17217597086427977 0.16751497909821758 4.7491604409692997E-4
73949823 0.17221262394949596 0.16751497909821758 4.7491604409692997E-4
73955823 0.1726295549470117 0.16751497909821758 4.7491604409692997E-4
73961823 0.17248771208890126 0.16751497909821758 4.7277892189849383E-4
73967823 0.17346081466007138 0.16751497909821758 4.7277892189849383E-4
73973823 0.17176451604857473 0.16751497909821758 4.706514167499506E-4
73979823 0.17211723016769276 0.16751497909821758 4.706514167499506E-4
73985823 0.17061364723750083 0.16751497909821758 4.706514167499506E-4
73991823 0.1724143546874878 0.16751497909821758 4.706514167499506E-4
73997823 0.16939379439153932 0.16751497909821758 4.6853348537457585E-4
74003823 0.17132608432113522 0.16751497909821758 4.6853348537457585E-4
74009823 0.17284046459651736 0.16751497909821758 4.6853348537457585E-4
74015823 0.17244993195312489 0.16751497909821758 4.664250846903903E-4
74021823 0.1715518758076823 0.16751497909821758 4.664250846903903E-4
74027823 0.1707651386340481 0.16751497909821758 4.664250846903903E-4
74033823 0.16878229710120488 0.16751497909821758 4.664250846903903E-4
74039823 0.16781957998685187 0.16735086215152803 4.664250846903903E-4
74045823 0.16921110326512614 0.16735086215152803 4.664250846903903E-4
74051823 0.16830416953130592 0.16735086215152803 4.643261718092836E-4
74057823 0.16905284113018587 0.16735086215152803 4.643261718092836E-4
74063823 0.16803041311215428 0.16735086215152803 4.643261718092836E-4
74069823 0.16836153059346262 0.16735086215152803 4.622367040361418E-4
74075823 0.16930902596243005 0.16722058911997298 4.622367040361418E-4
74081823 0.16757429282239517 0.1664373379472945 4.622367040361418E-4
74087823 0.16808837963001227 0.1664373379472945 4.622367040361418E-4
74093823 0.1678302199161492 0.1664373379472945 4.601566388679792E-4
74099823 0.1663569112919909 0.1663569112919909 4.601566388679792E-4
74105823 0.16794127547890741 0.1663569112919909 4.580859339930733E-4
74111823 0.16919449500555273 0.1663569112919909 4.580859339930733E-4
74117823 0.17002135247032882 0.1663569112919909 4.5602454729010454E-4
74123823 0.16822593718765388 0.1663569112919909 4.5602454729010454E-4
74129823 0.16622055647498918 0.16622055647498918 4.5602454729010454E-4
74135823 0.16554535572775628 0.1655387052098117 4.5602454729010454E-4
74141823 0.16687798625917225 0.16524962186773362 4.5602454729010454E-4
74147823 0.16754673736453918 0.16524962186773362 4.539724368272991E-4
74153823 0.1692380433774651 0.16524962186773362 4.539724368272991E-4
74159823 0.1705971454175977 0.16524962186773362 4.5192956086157626E-4
74165823 0.17037806171938905 0.16524962186773362 4.5192956086157626E-4
74171823 0.1691596779762484 0.16524962186773362 4.498958778376992E-4
74177823 0.16959572378046509 0.16524962186773362 4.498958778376992E-4
74183823 0.1687938819943668 0.16524962186773362 4.498958778376992E-4
74189823 0.17049015130262668 0.16524962186773362 4.498958778376992E-4
74195823 0.16954417694893104 0.16524962186773362 4.4787134638742956E-4
74201823 0.1685109024894175 0.16524962186773362 4.4787134638742956E-4
74207823 0.170200556582789 0.16524962186773362 4.4787134638742956E-4
74213823 0.16840816403991227 0.16524962186773362 4.4787134638742956E-4
74219823 0.16807394555951974 0.16524962186773362 4.4585592532868617E-4
74225823 0.1707221696351373 0.16524962186773362 4.4585592532868617E-4
74231823 0.17032487335684862 0.16524962186773362 4.438495736647071E-4
74237823 0.16997989984599024 0.16524962186773362 4.438495736647071E-4
74243823 0.16828086378322551 0.16524962186773362 4.438495736647071E-4
74249823 0.1689759169725583 0.16524962186773362 4.438495736647071E-4
74255823 0.16718523009444353 0.16524962186773362 4.438495736647071E-4
74261823 0.166452733778071 0.16524962186773362 4.438495736647071E-4
74267823 0.16814204251323636 0.16524962186773362 4.438495736647071E-4
74273823 0.16769435109282346 0.16524962186773362 4.4185225058321597E-4
74279823 0.16859086274960475 0.16524962186773362 4.4185225058321597E-4
74285823 0.16805048530797645 0.16524962186773362 4.398639154555915E-4
74291823 0.16606070934657394 0.16524962186773362 4.398639154555915E-4
74297823 0.16546989439695625 0.16524962186773362 4.398639154555915E-4
74303823 0.1664488232490161 0.16524962186773362 4.398639154555915E-4
74309823 0.1665405150604187 0.16524962186773362 4.3788452783604135E-4
74315823 0.16841459295680833 0.16524962186773362 4.3788452783604135E-4
74321823 0.16751843892025922 0.16524962186773362 4.359140474607792E-4
74327823 0.16724723263922303 0.16524962186773362 4.359140474607792E-4
74333823 0.16751104479664433 0.16524962186773362 4.359140474607792E-4
74339823 0.16889483447418135 0.16524962186773362 4.359140474607792E-4
74345823 0.1680560597951761 0.16524962186773362 4.339524342472057E-4
74351823 0.16770857720183494 0.16524962186773362 4.339524342472057E-4
74357823 0.16754908350590753 0.16524962186773362 4.339524342472057E-4
74363823 0.16613099292243153 0.16524962186773362 4.3199964829309333E-4
74369823 0.16550962099851285 0.16524962186773362 4.3199964829309333E-4
74375823 0.16613917201188214 0.1648755826605556 4.3199964829309333E-4
74381823 0.16728943133149646 0.1648755826605556 4.3199964829309333E-4
74387823 0.1675809784258437 0.1648755826605556 4.3005564987577444E-4
74393823 0.16785626252886532 0.1648755826605556 4.3005564987577444E-4
74399823 0.16709915757377491 0.1648755826605556 4.281203994513335E-4
74405823 0.16896216890244123 0.1648755826605556 4.281203994513335E-4
74411823 0.1674130539037662 0.1648755826605556 4.2619385765380253E-4
74417823 0.16661907096798498 0.1648755826605556 4.2619385765380253E-4
74423823 0.16737362038310952 0.1648755826605556 4.2619385765380253E-4
74429823 0.16828715287609028 0.1648755826605556 4.242759852943604E-4
74435823 0.1674027970719983 0.1648755826605556 4.242759852943604E-4
74441823 0.16969489632263393 0.1648755826605556 4.223667433605358E-4
74447823 0.17034777377943722 0.1648755826605556 4.223667433605358E-4
74453823 0.16946153261703753 0.1648755826605556 4.2046609301541344E-4
74459823 0.17007997391795027 0.1648755826605556 4.2046609301541344E-4
74465823 0.1715820822893745 0.1648755826605556 4.185739955968441E-4
74471823 0.1730320195637182 0.1648755826605556 4.185739955968441E-4
74477823 0.17261345797045943 0.1648755826605556 4.1669041261665834E-4
74483823 0.17253770417582648 0.1648755826605556 4.1669041261665834E-4
74489823 0.172798852561247 0.1648755826605556 4.1669041261665834E-4
74495823 0.17197531705656707 0.1648755826605556 4.148153057598834E-4
74501823 0.17286626744949804 0.1648755826605556 4.148153057598834E-4
74507823 0.17051976332026303 0.1648755826605556 4.148153057598834E-4
74513823 0.1710138489467023 0.1648755826605556 4.148153057598834E-4
74519823 0.16901967815996802 0.1648755826605556 4.148153057598834E-4
74525823 0.1701762990364392 0.1648755826605556 4.148153057598834E-4
74531823 0.16940332790349044 0.1648755826605556 4.148153057598834E-4
74537823 0.16720586947014662 0.1648755826605556 4.12948636883964E-4
74543823 0.16873654034228358 0.1648755826605556 4.12948636883964E-4
74549823 0.16915355697371726 0.1648755826605556 4.12948636883964E-4
74555823 0.16813311503449946 0.1648755826605556 4.1109036801798617E-4
74561823 0.16746120948308565 0.1648755826605556 4.1109036801798617E-4
74567823 0.16843833685022003 0.1648755826605556 4.1109036801798617E-4
74573823 0.16899262297358372 0.1648755826605556 4.1109036801798617E-4
74579823 0.16786654330358436 0.1648755826605556 4.0924046136190523E-4
74585823 0.16846822850425439 0.1648755826605556 4.0924046136190523E-4
74591823 0.16850111184325783 0.1648755826605556 4.0924046136190523E-4
74597823 0.16934343627669843 0.1648755826605556 4.073988792857767E-4
74603823 0.16970757586552196 0.1648755826605556 4.073988792857767E-4
74609823 0.16952840197723032 0.1648755826605556 4.055655843289907E-4
74615823 0.16694142605587 0.1648755826605556 4.055655843289907E-4
74621823 0.16575183944104208 0.1648755826605556 4.055655843289907E-4
74627823 0.1662746902666274 0.1648755826605556 4.055655843289907E-4
74633823 0.16589842874238347 0.1648755826605556 4.055655843289907E-4
74639823 0.16740016803548544 0.1648755826605556 4.0374053919951027E-4
74645823 0.16606803662571681 0.1648755826605556 4.0374053919951027E-4
74651823 0.1668485643325573 0.1648755826605556 4.0374053919951027E-4
74657823 0.1657132199446372 0.1648755826605556 4.0374053919951027E-4
74663823 0.16607291222621554 0.1648755826605556 4.0374053919951027E-4
74669823 0.16845158866209106 0.1648755826605556 4.0192370677311247E-4
74675823 0.16882513073257843 0.1648755826605556 4.0192370677311247E-4
74681823 0.16963965466400016 0.1648755826605556 4.001150500926335E-4
74687823 0.1678609676508154 0.1648755826605556 4.001150500926335E-4
74693823 0.16871410507627294 0.1648755826605556 4.001150500926335E-4
74699823 0.16779021080017725 0.1648755826605556 4.001150500926335E-4
74705823 0.16752681956061402 0.1648755826605556 3.9831453236721664E-4
74711823 0.16743534139100333 0.1648755826605556 3.9831453236721664E-4
74717823 0.16626137356816117 0.1648755826605556 3.9831453236721664E-4
74723823 0.16682262903275774 0.1648755826605556 3.9831453236721664E-4
74729823 0.16653855771702833 0.1648755826605556 3.9831453236721664E-4
74735823 0.16606455295309844 0.1648755826605556 3.9652211697156417E-4
74741823 0.1675239895039804 0.1648755826605556 3.9652211697156417E-4
74747823 0.1671290584092687 0.1648755826605556 3.947377674451922E-4
74753823 0.16688810483553013 0.1648755826605556 3.947377674451922E-4
74759823 0.16814751538672026 0.1648755826605556 3.947377674451922E-4
74765823 0.16647111538464213 0.1648755826605556 3.929614474916888E-4
74771823 0.16695678155498572 0.1648755826605556 3.929614474916888E-4
74777823 0.16671954738936934 0.1648755826605556 3.929614474916888E-4
74783823 0.1683083770371501 0.1648755826605556 3.9119312097797625E-4
74789823 0.16691709080081943 0.1648755826605556 3.9119312097797625E-4
74795823 0.16874918452013063 0.1648755826605556 3.8943275193357535E-4
74801823 0.16642338791906747 0.1648755826605556 3.8943275193357535E-4
74807823 0.16595753436059146 0.1648755826605556 3.8768030454987425E-4
74813823 0.16497112356751278 0.16455030076257499 3.8768030454987425E-4
74819823 0.16442900588832293 0.16442900588832293 3.8768030454987425E-4
74825823 0.16437456887893748 0.1643714438543452 3.8768030454987425E-4
74831823 0.16560311587178703 0.1643714438543452 3.859357431793998E-4
74837823 0.16609155461655686 0.1643714438543452 3.859357431793998E-4
74843823 0.1656822809003307 0.1643714438543452 3.8419903233509256E-4
74849823 0.1653091130480871 0.1643714438543452 3.8419903233509256E-4
74855823 0.16655260317222498 0.1643714438543452 3.8419903233509256E-4
74861823 0.16575629837195785 0.1643714438543452 3.8247013668958466E-4
74867823 0.16741564022074926 0.1643714438543452 3.8247013668958466E-4
74873823 0.16745761477913837 0.1643714438543452 3.8074902107448157E-4
74879823 0.16790354519471237 0.1643714438543452 3.8074902107448157E-4
74885823 0.1663027079560045 0.1643714438543452 3.8074902107448157E-4
74891823 0.16680367220125597 0.1643714438543452 3.8074902107448157E-4
74897823 0.16683057987759978 0.1643714438543452 3.7903565047964644E-4
74903823 0.16590662118008048 0.1643714438543452 3.7903565047964644E-4
74909823 0.16638868929011993 0.1643714438543452 3.7903565047964644E-4
74915823 0.16452175612788159 0.1643714438543452 3.7903565047964644E-4
74921823 0.16558290656656985 0.16436144757665128 3.7903565047964644E-4
74927823 0.1675257497389557 0.16436144757665128 3.7903565047964644E-4
74933823 0.16633154524210972 0.16436144757665128 3.7732999005248805E-4
74939823 0.1656676356439219 0.16436144757665128 3.7732999005248805E-4
74945823 0.16544971730988264 0.16436144757665128 3.7563200509725187E-4
74951823 0.16673792112969088 0.16436144757665128 3.7563200509725187E-4
74957823 0.16672349207645357 0.16436144757665128 3.7394166107431424E-4
74963823 0.16649612337546385 0.16436144757665128 3.7394166107431424E-4
74969823 0.16642809334405684 0.16436144757665128 3.7394166107431424E-4
74975823 0.16653078937047017 0.16436144757665128 3.7225892359947987E-4
74981823 0.16729437015428214 0.16436144757665128 3.7225892359947987E-4
74987823 0.166781462571231 0.16436144757665128 3.705837584432822E-4
74993823 0.16747947863683818 0.16436144757665128 3.705837584432822E-4
74999823 0.16776544805381768 0.16436144757665128 3.705837584432822E-4
75005823 0.1677576977115111 0.16436144757665128 3.689161315302875E-4
75011823 0.16804374669757047 0.16436144757665128 3.689161315302875E-4
75017823 0.16920856602807574 0.16436144757665128 3.6725600893840123E-4
75023823 0.167721671742967 0.16436144757665128 3.6725600893840123E-4
75029823 0.16659463073930192 0.16436144757665128 3.6725600893840123E-4
75035823 0.16824776068497704 0.16436144757665128 3.6725600893840123E-4
75041823 0.168201919737355 0.16436144757665128 3.656033568981784E-4
75047823 0.1670755980253131 0.16436144757665128 3.656033568981784E-4
75053823 0.16505692380655707 0.16436144757665128 3.656033568981784E-4
75059823 0.16558224118716372 0.16436144757665128 3.656033568981784E-4
75065823 0.16548119400484917 0.16436144757665128 3.656033568981784E-4
75071823 0.1650204801639822 0.16436144757665128 3.639581417921366E-4
75077823 0.16528893682791115 0.16436144757665128 3.639581417921366E-4
75083823 0.16620431789214937 0.16436144757665128 3.639581417921366E-4
75089823 0.16533932712562693 0.16347933857922942 3.62320330154072E-4
75095823 0.16500595157574996 0.16347933857922942 3.62320330154072E-4
75101823 0.16508712236366022 0.16347933857922942 3.606898886683787E-4
75107823 0.16634459837959403 0.16347933857922942 3.606898886683787E-4
75113823 0.1661037476810259 0.16347933857922942 3.5906678416937105E-4
75119823 0.1667731583748171 0.16347933857922942 3.5906678416937105E-4
75125823 0.16637916524497529 0.16347933857922942 3.574509836406089E-4
75131823 0.1649275407941882 0.16347933857922942 3.574509836406089E-4
75137823 0.16513920140347876 0.16347933857922942 3.574509836406089E-4
75143823 0.16535353160742605 0.16347933857922942 3.574509836406089E-4
75149823 0.16398566718960897 0.16347933857922942 3.574509836406089E-4
75155823 0.16398246691659643 0.16347933857922942 3.574509836406089E-4
75161823 0.16369129762181484 0.16347933857922942 3.574509836406089E-4
75167823 0.16425654900130027 0.16347933857922942 3.574509836406089E-4
75173823 0.1646131934435373 0.16347933857922942 3.574509836406089E-4
75179823 0.1650151266693085 0.16347933857922942 3.5584245421422617E-4
75185823 0.16590124539462764 0.16347933857922942 3.5584245421422617E-4
75191823 0.1658441193126397 0.16347933857922942 3.5424116317026217E-4
75197823 0.1651553334849548 0.16347933857922942 3.5424116317026217E-4
75203823 0.1642879185935447 0.16347933857922942 3.5424116317026217E-4
75209823 0.1644634515595785 0.16347933857922942 3.5424116317026217E-4
75215823 0.16490364142681532 0.16347933857922942 3.5424116317026217E-4
75221823 0.1642709462379878 0.16347933857922942 3.52647077935996E-4
75227823 0.1650313096116343 0.16347933857922942 3.52647077935996E-4
75233823 0.16382100933195484 0.16325496774520828 3.510601660852841E-4
75239823 0.16372077123643058 0.16325496774520828 3.510601660852841E-4
75245823 0.16542663786586756 0.16325496774520828 3.494803953379003E-4
75251823 0.16599494677612225 0.16325496774520828 3.494803953379003E-4
75257823 0.16743586054777146 0.16325496774520828 3.4790773355887977E-4
75263823 0.16544643773383055 0.16325496774520828 3.4790773355887977E-4
75269823 0.16426970272241323 0.16325496774520828 3.4634214875786483E-4
75275823 0.16477917515067708 0.16325496774520828 3.4634214875786483E-4
75281823 0.16415755718955338 0.16325496774520828 3.4634214875786483E-4
75287823 0.164314931434336 0.16325496774520828 3.4634214875786483E-4
75293823 0.165160960333386 0.16325496774520828 3.4634214875786483E-4
75299823 0.16440157103082603 0.16325496774520828 3.4478360908845446E-4
75305823 0.1642270855978304 0.16325496774520828 3.4478360908845446E-4
75311823 0.16337330490307533 0.16325496774520828 3.4478360908845446E-4
75317823 0.1637908193392804 0.16318830484399233 3.4478360908845446E-4
75323823 0.16615532617551065 0.16318830484399233 3.4478360908845446E-4
75329823 0.16508334176897052 0.16318830484399233 3.432320828475564E-4
75335823 0.16519859326543535 0.16318830484399233 3.432320828475564E-4
75341823 0.16637518610775515 0.16318830484399233 3.432320828475564E-4
75347823 0.16786086286602456 0.16318830484399233 3.416875384747424E-4
75353823 0.1670207503939774 0.16318830484399233 3.416875384747424E-4
75359823 0.16722842944823768 0.16318830484399233 3.401499445516061E-4
75365823 0.16763357531025677 0.16318830484399233 3.401499445516061E-4
75371823 0.16496577903306395 0.16318830484399233 3.3861926980112384E-4
75377823 0.16572587428262184 0.16318830484399233 3.3861926980112384E-4
75383823 0.1651822831856846 0.16318830484399233 3.3861926980112384E-4
75389823 0.1641674486790525 0.16318830484399233 3.3709548308701883E-4
75395823 0.16466527842043607 0.16318830484399233 3.3709548308701883E-4
75401823 0.16460828746399656 0.16318830484399233 3.3709548308701883E-4
75407823 0.16547683236950977 0.16318830484399233 3.355785534131273E-4
75413823 0.16557919959928508 0.16318830484399233 3.355785534131273E-4
75419823 0.16581098661522423 0.16318830484399233 3.3406844992276823E-4
75425823 0.164764708730479 0.16318830484399233 3.3406844992276823E-4
75431823 0.1653386631284901 0.16318830484399233 3.3406844992276823E-4
75437823 0.16553259979657828 0.16318830484399233 3.325651418981158E-4
75443823 0.16647815035340233 0.16318830484399233 3.325651418981158E-4
75449823 0.1662496530003306 0.16318830484399233 3.310685987595743E-4
75455823 0.16602132664663113 0.16318830484399233 3.310685987595743E-4
75461823 0.16632232105375244 0.16318830484399233 3.310685987595743E-4
75467823 0.16656836590276616 0.16318830484399233 3.310685987595743E-4
75473823 0.16546519066961807 0.16318830484399233 3.295787900651563E-4
75479823 0.16539245276865255 0.16318830484399233 3.295787900651563E-4
75485823 0.1635899685222659 0.16318830484399233 3.295787900651563E-4
75491823 0.16464194003331084 0.16318830484399233 3.295787900651563E-4
75497823 0.1644818684378182 0.16318830484399233 3.295787900651563E-4
75503823 0.16546505429148756 0.16318830484399233 3.280956855098631E-4
75509823 0.1654376164019294 0.16318830484399233 3.280956855098631E-4
75515823 0.16456614697599414 0.16318830484399233 3.2661925492506874E-4
75521823 0.164656713864137 0.16318830484399233 3.2661925492506874E-4
75527823 0.1650100475566408 0.16318830484399233 3.2661925492506874E-4
75533823 0.1650669863971118 0.16318830484399233 3.251494682779059E-4
75539823 0.1653474414658704 0.16318830484399233 3.251494682779059E-4
75545823 0.16485168478379045 0.16318830484399233 3.236862956706554E-4
75551823 0.16420960749917815 0.16318830484399233 3.236862956706554E-4
75557823 0.1645800077247265 0.16318830484399233 3.236862956706554E-4
75563823 0.16546197354806538 0.16318830484399233 3.236862956706554E-4
75569823 0.16614384399856139 0.16318830484399233 3.2222970734013747E-4
75575823 0.16595900073186706 0.16318830484399233 3.2222970734013747E-4
75581823 0.16542535688826282 0.16318830484399233 3.2077967365710686E-4
75587823 0.16509145709463083 0.16318830484399233 3.2077967365710686E-4
75593823 0.16473584787316342 0.16318830484399233 3.2077967365710686E-4
75599823 0.16610952324192693 0.16318830484399233 3.2077967365710686E-4
75605823 0.1662134149510741 0.16318830484399233 3.193361651256499E-4
75611823 0.16644014615813568 0.16318830484399233 3.193361651256499E-4
75617823 0.16641319407798996 0.16318830484399233 3.178991523825845E-4
75623823 0.1652335255873471 0.16318830484399233 3.178991523825845E-4
75629823 0.16491681182231005 0.16318830484399233 3.1646860619686287E-4
75635823 0.16366269686641843 0.16318830484399233 3.1646860619686287E-4
75641823 0.16433825064271418 0.16318830484399233 3.1646860619686287E-4
75647823 0.1642780702502575 0.16318830484399233 3.1646860619686287E-4
75653823 0.16470670200245766 0.16318830484399233 3.15044497468977E-4
75659823 0.16443553422347476 0.16318830484399233 3.15044497468977E-4
75665823 0.16506263192105086 0.16318830484399233 3.15044497468977E-4
75671823 0.16485138713822656 0.16318830484399233 3.136267972303666E-4
75677823 0.16408724351516416 0.16318830484399233 3.136267972303666E-4
75683823 0.16343727436782884 0.16318830484399233 3.136267972303666E-4
75689823 0.16482398057827782 0.16318830484399233 3.136267972303666E-4
75695823 0.16392918140823784 0.16318830484399233 3.1221547664282993E-4
75701823 0.1631297770513263 0.1630016466177868 3.1221547664282993E-4
75707823 0.16454727391992913 0.1630016466177868 3.1221547664282993E-4
75713823 0.16368689662970323 0.1630016466177868 3.108105069979372E-4
75719823 0.16451930725706312 0.1630016466177868 3.108105069979372E-4
75725823 0.1653134193214896 0.1630016466177868 3.0941185971644647E-4
75731823 0.16502867877019178 0.1630016466177868 3.0941185971644647E-4
75737823 0.16568862305923768 0.1630016466177868 3.0801950634772247E-4
75743823 0.1642533463057096 0.1630016466177868 3.0801950634772247E-4
75749823 0.16485203028331694 0.1630016466177868 3.0801950634772247E-4
75755823 0.1656843654475707 0.1630016466177868 3.0801950634772247E-4
75761823 0.16468154077480113 0.1630016466177868 3.0663341856915774E-4
75767823 0.16520787401601783 0.1630016466177868 3.0663341856915774E-4
75773823 0.16584399223896373 0.1630016466177868 3.0663341856915774E-4
75779823 0.16546517502271868 0.1630016466177868 3.0525356818559657E-4
75785823 0.16482255531361575 0.1630016466177868 3.0525356818559657E-4
75791823 0.16411308340708275 0.1630016466177868 3.0525356818559657E-4
75797823 0.16557540668354015 0.1630016466177868 3.0525356818559657E-4
75803823 0.16575452130573365 0.1630016466177868 3.038799271287614E-4
75809823 0.16646455331737153 0.1630016466177868 3.038799271287614E-4
75815823 0.16690175789661993 0.1630016466177868 3.02512467456682E-4
75821823 0.16612875941070002 0.1630016466177868 3.02512467456682E-4
75827823 0.16645105298499133 0.1630016466177868 3.02512467456682E-4
75833823 0.16714483442851322 0.1630016466177868 3.011511613531269E-4
75839823 0.16710036362121933 0.1630016466177868 3.011511613531269E-4
75845823 0.1656452381109189 0.1630016466177868 3.011511613531269E-4
75851823 0.16625489499720292 0.1630016466177868 3.011511613531269E-4
75857823 0.1658119531142617 0.1630016466177868 3.011511613531269E-4
75863823 0.16508096720301674 0.1630016466177868 2.9979598112703785E-4
75869823 0.165351118673221 0.1630016466177868 2.9979598112703785E-4
75875823 0.16614994412958695 0.1630016466177868 2.9979598112703785E-4
75881823 0.16651873077495627 0.1630016466177868 2.984468992119662E-4
75887823 0.1657580610745155 0.1630016466177868 2.984468992119662E-4
75893823 0.16570100952082456 0.1630016466177868 2.984468992119662E-4
75899823 0.16519759897836864 0.1630016466177868 2.9710388816551233E-4
75905823 0.1638488767534479 0.1630016466177868 2.9710388816551233E-4
75911823 0.1641726045047255 0.1630016466177868 2.9710388816551233E-4
75917823 0.1635392591798013 0.1630016466177868 2.9710388816551233E-4
75923823 0.16591866885498574 0.1630016466177868 2.9576692066876756E-4
75929823 0.16535911775060405 0.1630016466177868 2.9576692066876756E-4
75935823 0.16453316672812604 0.1630016466177868 2.9443596952575813E-4
75941823 0.1654395476169923 0.1630016466177868 2.9443596952575813E-4
75947823 0.1658729482131482 0.1630016466177868 2.931110076628922E-4
75953823 0.16485547731850123 0.1630016466177868 2.931110076628922E-4
75959823 0.16492066494940685 0.1630016466177868 2.931110076628922E-4
75965823 0.16584157949453385 0.1630016466177868 2.917920081284092E-4
75971823 0.16572760805342143 0.1630016466177868 2.917920081284092E-4
75977823 0.16400527048885669 0.1630016466177868 2.904789440918314E-4
75983823 0.16337986751888312 0.16288858799883732 2.904789440918314E-4
75989823 0.16389956128799554 0.16288858799883732 2.904789440918314E-4
75995823 0.16457537198984037 0.16288858799883732 2.8917178884341817E-4
76001823 0.1647143254159392 0.16288858799883732 2.8917178884341817E-4
76007823 0.16486001583663426 0.16288858799883732 2.878705157936228E-4
76013823 0.16438840839290317 0.16288858799883732 2.878705157936228E-4
76019823 0.1646053296227663 0.16288858799883732 2.878705157936228E-4
76025823 0.16470057045829944 0.16288858799883732 2.865750984725515E-4
76031823 0.1654031533443262 0.16288858799883732 2.865750984725515E-4
76037823 0.16499331234388318 0.16288858799883732 2.852855105294251E-4
76043823 0.16571557305489054 0.16288858799883732 2.852855105294251E-4
76049823 0.16574608024881504 0.16288858799883732 2.852855105294251E-4
76055823 0.16544899598956847 0.16288858799883732 2.840017257320427E-4
76061823 0.16442706542590566 0.16288858799883732 2.840017257320427E-4
76067823 0.16419871387069726 0.16288858799883732 2.840017257320427E-4
76073823 0.16511275266374964 0.16288858799883732 2.840017257320427E-4
76079823 0.16499523311108752 0.16288858799883732 2.840017257320427E-4
76085823 0.16406858868257776 0.16288858799883732 2.827237179662485E-4
76091823 0.16489823533553533 0.16288858799883732 2.827237179662485E-4
76097823 0.16497573044202998 0.16288858799883732 2.827237179662485E-4
76103823 0.16569272209353308 0.16288858799883732 2.814514612354004E-4
76109823 0.16450820413883613 0.16288858799883732 2.814514612354004E-4
76115823 0.16496509888480276 0.16288858799883732 2.814514612354004E-4
76121823 0.16325063991494645 0.1627378894055526 2.814514612354004E-4
76127823 0.16422522052291652 0.1627378894055526 2.814514612354004E-4
76133823 0.1644874990829389 0.1627378894055526 2.8018492965984113E-4
76139823 0.1638600546090571 0.1627378894055526 2.8018492965984113E-4
76145823 0.16357057560818605 0.1627378894055526 2.8018492965984113E-4
76151823 0.16359622808313715 0.1627378894055526 2.8018492965984113E-4
76157823 0.16427333524873614 0.1627378894055526 2.8018492965984113E-4
76163823 0.16518916718921817 0.1627378894055526 2.7892409747637186E-4
76169823 0.1657010405567576 0.1627378894055526 2.7892409747637186E-4
76175823 0.16400582471855604 0.1627378894055526 2.7766893903772823E-4
76181823 0.16398457055098037 0.1627378894055526 2.7766893903772823E-4
76187823 0.16466911986503233 0.1627378894055526 2.7766893903772823E-4
76193823 0.16507092063640788 0.1627378894055526 2.764194288120585E-4
76199823 0.1648457890209549 0.1627378894055526 2.764194288120585E-4
76205823 0.16431210976586733 0.1627378894055526 2.7517554138240425E-4
76211823 0.16475828686520347 0.1627378894055526 2.7517554138240425E-4
76217823 0.16483426312292326 0.1627378894055526 2.7517554138240425E-4
76223823 0.16498586206015325 0.1627378894055526 2.7393725144618346E-4
76229823 0.16534149944297044 0.1627378894055526 2.7393725144618346E-4
76235823 0.1656917775667483 0.1627378894055526 2.7270453381467565E-4
76241823 0.16511869805108736 0.1627378894055526 2.7270453381467565E-4
76247823 0.1642406104362026 0.1627378894055526 2.714773634125096E-4
76253823 0.16490783691083244 0.1627378894055526 2.714773634125096E-4
76259823 0.1654058977409116 0.1627378894055526 2.714773634125096E-4
76265823 0.16454584198971564 0.1627378894055526 2.702557152771533E-4
76271823 0.1645434571656765 0.1627378894055526 2.702557152771533E-4
76277823 0.16446029557688902 0.1627378894055526 2.702557152771533E-4
76283823 0.1641355847905075 0.1627378894055526 2.6903956455840615E-4
76289823 0.16499144360231469 0.1627378894055526 2.6903956455840615E-4
76295823 0.16486568666754206 0.1627378894055526 2.6782888651789334E-4
76301823 0.16466217312176673 0.1627378894055526 2.6782888651789334E-4
76307823 0.16433843514948962 0.1627378894055526 2.6782888651789334E-4
76313823 0.16443675108349634 0.1627378894055526 2.6782888651789334E-4
76319823 0.1646207784580527 0.1627378894055526 2.666236565285628E-4
76325823 0.1650265466079578 0.1627378894055526 2.666236565285628E-4
76331823 0.1646046136961921 0.1627378894055526 2.654238500741843E-4
76337823 0.16544373753672953 0.1627378894055526 2.654238500741843E-4
76343823 0.16527229842104288 0.1627378894055526 2.642294427488505E-4
76349823 0.16498854848887498 0.1627378894055526 2.642294427488505E-4
76355823 0.1644406497049343 0.1627378894055526 2.642294427488505E-4
76361823 0.16469015580277815 0.1627378894055526 2.6304041025648067E-4
76367823 0.16624583074825217 0.1627378894055526 2.6304041025648067E-4
76373823 0.16573255815202012 0.1627378894055526 2.618567284103265E-4
76379823 0.16538777784358985 0.1627378894055526 2.618567284103265E-4
76385823 0.16526164150528172 0.1627378894055526 2.618567284103265E-4
76391823 0.1655654323057148 0.1627378894055526 2.618567284103265E-4
76397823 0.16584726609967465 0.1627378894055526 2.606783731324801E-4
76403823 0.16561981111069596 0.1627378894055526 2.606783731324801E-4
76409823 0.16519550653218273 0.1627378894055526 2.595053204533839E-4
76415823 0.16515569699712085 0.1627378894055526 2.595053204533839E-4
76421823 0.16549623026609211 0.1627378894055526 2.595053204533839E-4
76427823 0.16392816135966093 0.1627378894055526 2.595053204533839E-4
76433823 0.16409389261051321 0.1627378894055526 2.583375465113437E-4
76439823 0.16422247719296934 0.1627378894055526 2.583375465113437E-4
76445823 0.16349995461342404 0.1627378894055526 2.571750275520427E-4
76451823 0.16353887665828273 0.1627378894055526 2.571750275520427E-4
76457823 0.16409660242338894 0.1627378894055526 2.560177399280585E-4
76463823 0.1639600771886323 0.1627378894055526 2.560177399280585E-4
76469823 0.16368685428445262 0.1627378894055526 2.560177399280585E-4
76475823 0.16350958648454897 0.1627378894055526 2.560177399280585E-4
76481823 0.16391216694881555 0.1627378894055526 2.560177399280585E-4
76487823 0.16404720381256588 0.1627378894055526 2.548656600983822E-4
76493823 0.16382944955571782 0.1627378894055526 2.548656600983822E-4
76499823 0.1632758408358767 0.1627378894055526 2.548656600983822E-4
76505823 0.16348863586094153 0.16245342858217898 2.548656600983822E-4
76511823 0.1637261768417008 0.16245342858217898 2.548656600983822E-4
76517823 0.16366239251658551 0.16245342858217898 2.537187646279395E-4
76523823 0.16346369057918686 0.16245342858217898 2.537187646279395E-4
76529823 0.16368328861232143 0.16245342858217898 2.537187646279395E-4
76535823 0.16410169672060337 0.16245342858217898 2.525770301871138E-4
76541823 0.16404333575115831 0.16245342858217898 2.525770301871138E-4
76547823 0.1639068859795433 0.16245342858217898 2.514404335512718E-4
76553823 0.16366711553445018 0.16245342858217898 2.514404335512718E-4
76559823 0.16400036177875374 0.16245342858217898 2.5030895160029105E-4
76565823 0.16397371244006964 0.16245342858217898 2.5030895160029105E-4
76571823 0.1648143318623323 0.16245342858217898 2.4918256131808975E-4
76577823 0.16496263335581374 0.16245342858217898 2.4918256131808975E-4
76583823 0.1645568979246838 0.16245342858217898 2.4806123979215835E-4
76589823 0.16469226115416485 0.16245342858217898 2.4806123979215835E-4
76595823 0.16531048494794803 0.16245342858217898 2.4806123979215835E-4
76601823 0.16400836243043537 0.16245342858217898 2.4694496421309367E-4
76607823 0.16412389889100598 0.16245342858217898 2.4694496421309367E-4
76613823 0.16457753481735063 0.16245342858217898 2.4694496421309367E-4
76619823 0.16466011477108475 0.16245342858217898 2.4583371187413477E-4
76625823 0.1651231389046162 0.16245342858217898 2.4583371187413477E-4
76631823 0.16358636485668973 0.16245342858217898 2.4472746017070116E-4
76637823 0.16344602654648407 0.16245342858217898 2.4472746017070116E-4
76643823 0.1638605719198392 0.16245342858217898 2.4472746017070116E-4
76649823 0.1637457401383729 0.16245342858217898 2.4362618659993303E-4
76655823 0.16356658673539592 0.16245342858217898 2.4362618659993303E-4
76661823 0.16316916088328903 0.16245342858217898 2.4362618659993303E-4
76667823 0.1629915145120241 0.16245342858217898 2.4362618659993303E-4
76673823 0.16310326276465548 0.16245342858217898 2.4252986876023336E-4
76679823 0.1634956903690546 0.16245342858217898 2.4252986876023336E-4
76685823 0.16356679401238747 0.16245342858217898 2.4143848435081232E-4
76691823 0.16346692522912148 0.16245342858217898 2.4143848435081232E-4
76697823 0.1634940458189886 0.16245342858217898 2.403520111712337E-4
76703823 0.16337423574933524 0.16245342858217898 2.403520111712337E-4
76709823 0.16309497283031832 0.16245342858217898 2.3927042712096314E-4
76715823 0.16332854073225792 0.16245342858217898 2.3927042712096314E-4
76721823 0.16454275149472722 0.16245342858217898 2.381937101989188E-4
76727823 0.16370696907817942 0.16245342858217898 2.381937101989188E-4
76733823 0.16415236395047145 0.16245342858217898 2.3712183850302368E-4
76739823 0.16521280861088203 0.16245342858217898 2.3712183850302368E-4
76745823 0.16369238545250275 0.16245342858217898 2.360547902297601E-4
76751823 0.16320379405254812 0.16245342858217898 2.360547902297601E-4
76757823 0.16332678887998017 0.16245342858217898 2.360547902297601E-4
76763823 0.16439279851003993 0.16245342858217898 2.360547902297601E-4
76769823 0.1642616330522886 0.16245342858217898 2.3499254367372619E-4
76775823 0.16456227230689655 0.16245342858217898 2.3499254367372619E-4
76781823 0.16382435638820958 0.16245342858217898 2.3393507722719442E-4
76787823 0.16359269579657543 0.16245342858217898 2.3393507722719442E-4
76793823 0.1634528810990419 0.16245342858217898 2.3393507722719442E-4
76799823 0.1631329482416872 0.16245342858217898 2.3393507722719442E-4
76805823 0.1636304997213273 0.16245342858217898 2.3393507722719442E-4
76811823 0.16381032169124052 0.16245342858217898 2.3288236937967207E-4
76817823 0.16418609009904842 0.16245342858217898 2.3288236937967207E-4
76823823 0.16391972985442055 0.16245342858217898 2.3183439871746355E-4
76829823 0.16272397977585498 0.16245342858217898 2.3183439871746355E-4
76835823 0.16326398191276656 0.16245342858217898 2.3183439871746355E-4
76841823 0.1637231119806479 0.16245342858217898 2.3183439871746355E-4
76847823 0.1641830607701303 0.16245342858217898 2.3079114392323498E-4
76853823 0.164000224394339 0.16245342858217898 2.3079114392323498E-4
76859823 0.16390078466445573 0.16245342858217898 2.3079114392323498E-4
76865823 0.16398782205764745 0.16245342858217898 2.2975258377558043E-4
76871823 0.16471887919903003 0.16245342858217898 2.2975258377558043E-4
76877823 0.16439168762486767 0.16245342858217898 2.2871869714859034E-4
76883823 0.16415491496739 0.16245342858217898 2.2871869714859034E-4
76889823 0.16439965771339637 0.16245342858217898 2.2871869714859034E-4
76895823 0.16413400829739414 0.16245342858217898 2.2768946301142168E-4
76901823 0.1635888885134838 0.16245342858217898 2.2768946301142168E-4
76907823 0.1632949227777217 0.16245342858217898 2.2768946301142168E-4
76913823 0.16345416377829983 0.16245342858217898 2.2768946301142168E-4
76919823 0.16350813112354867 0.16245342858217898 2.2768946301142168E-4
76925823 0.16319995612940155 0.16245342858217898 2.2768946301142168E-4
76931823 0.16344654760349722 0.16245342858217898 2.266648604278703E-4
76937823 0.16324790728871805 0.16245342858217898 2.266648604278703E-4
76943823 0.1641809981777482 0.16245342858217898 2.266648604278703E-4
76949823 0.16356672464610678 0.16245342858217898 2.2564486855594488E-4
76955823 0.16307260485277028 0.16245342858217898 2.2564486855594488E-4
76961823 0.16344029961846585 0.16245342858217898 2.2564486855594488E-4
76967823 0.1632358564083688 0.16245342858217898 2.2462946664744313E-4
76973823 0.16388360351776096 0.16245342858217898 2.2462946664744313E-4
76979823 0.1630914987691419 0.16245342858217898 2.2361863404752965E-4
76985823 0.16290346037857642 0.16245342858217898 2.2361863404752965E-4
76991823 0.1628211774206964 0.16245342858217898 2.2361863404752965E-4
76997823 0.16353256769725524 0.16245342858217898 2.2261235019431578E-4
77003823 0.1632282673366712 0.16245342858217898 2.2261235019431578E-4
77009823 0.1626625553974897 0.16245342858217898 2.2261235019431578E-4
77015823 0.16268538429771173 0.16245342858217898 2.2261235019431578E-4
77021823 0.1634471454200946 0.16245342858217898 2.2161059461844136E-4
77027823 0.16406274481131217 0.16245342858217898 2.2161059461844136E-4
77033823 0.16335376231752227 0.16245342858217898 2.206133469426584E-4
77039823 0.16322258011109383 0.16245342858217898 2.206133469426584E-4
77045823 0.16314666652355314 0.16245342858217898 2.206133469426584E-4
77051823 0.1632037320402653 0.16245342858217898 2.206133469426584E-4
77057823 0.16264657732072618 0.16241776382970718 2.1962058688141644E-4
77063823 0.16296551609688797 0.16241776382970718 2.1962058688141644E-4
77069823 0.1626572625150335 0.16241776382970718 2.1863229424045008E-4
77075823 0.16295658216760148 0.16241776382970718 2.1863229424045008E-4
77081823 0.16321599974993628 0.16241776382970718 2.1863229424045008E-4
77087823 0.16366023390504714 0.16241776382970718 2.1764844891636808E-4
77093823 0.16350048342975856 0.16241776382970718 2.1764844891636808E-4
77099823 0.16323029216078278 0.16241776382970718 2.1764844891636808E-4
77105823 0.16384041335184363 0.16241776382970718 2.1764844891636808E-4
77111823 0.16339361601622526 0.16241776382970718 2.1666903089624445E-4
77117823 0.16319711205232507 0.16241776382970718 2.1666903089624445E-4
77123823 0.16295678704675692 0.16241776382970718 2.1666903089624445E-4
77129823 0.16282948081112134 0.16241776382970718 2.1666903089624445E-4
77135823 0.16337386807915857 0.16241776382970718 2.1666903089624445E-4
77141823 0.16305069804396266 0.16241776382970718 2.1569402025721135E-4
77147823 0.16316020661575467 0.16241776382970718 2.1569402025721135E-4
77153823 0.16346010825010676 0.16241776382970718 2.1472339716605392E-4
77159823 0.1635238356599384 0.16241776382970718 2.1472339716605392E-4
77165823 0.16309507487385763 0.16241776382970718 2.1375714187880668E-4
77171823 0.16303666465727426 0.16241776382970718 2.1375714187880668E-4
77177823 0.16269445204384717 0.16241776382970718 2.1375714187880668E-4
77183823 0.16301575971876092 0.16241776382970718 2.1375714187880668E-4
77189823 0.1631884704617938 0.16241776382970718 2.1375714187880668E-4
77195823 0.1632421543625247 0.16241776382970718 2.1279523474035207E-4
77201823 0.16398856694201927 0.16241776382970718 2.1279523474035207E-4
77207823 0.16316738550959844 0.16241776382970718 2.118376561840205E-4
77213823 0.16425591395264447 0.16241776382970718 2.118376561840205E-4
77219823 0.1640325136925796 0.16241776382970718 2.108843867311924E-4
77225823 0.16367267817463302 0.16241776382970718 2.108843867311924E-4
77231823 0.16345450878331075 0.16241776382970718 2.108843867311924E-4
77237823 0.16330844302000855 0.16241776382970718 2.108843867311924E-4
77243823 0.16341229868912271 0.16241776382970718 2.108843867311924E-4
77249823 0.16364453346972244 0.16241776382970718 2.0993540699090204E-4
77255823 0.1634310589381652 0.16241776382970718 2.0993540699090204E-4
77261823 0.1631972001836017 0.16241776382970718 2.0899069765944298E-4
77267823 0.16395947544006131 0.16241776382970718 2.0899069765944298E-4
77273823 0.1641175734728449 0.16241776382970718 2.080502395199755E-4
77279823 0.16363158807315856 0.16241776382970718 2.080502395199755E-4
77285823 0.16337183954426684 0.16241776382970718 2.080502395199755E-4
77291823 0.16238111208067607 0.16238111208067607 2.080502395199755E-4
77297823 0.1632417467430028 0.16227800732463704 2.080502395199755E-4
77303823 0.16296151481791088 0.16227800732463704 2.0711401344213564E-4
77309823 0.16322287005009495 0.16227800732463704 2.0711401344213564E-4
77315823 0.1640304158727482 0.16227800732463704 2.0618200038164603E-4
77321823 0.16416396133925598 0.16227800732463704 2.0618200038164603E-4
77327823 0.16414893449897844 0.16227800732463704 2.0525418137992864E-4
77333823 0.16412445602172585 0.16227800732463704 2.0525418137992864E-4
77339823 0.1636480704416251 0.16227800732463704 2.0525418137992864E-4
77345823 0.16436846555276904 0.16227800732463704 2.0433053756371898E-4
77351823 0.16434464319912667 0.16227800732463704 2.0433053756371898E-4
77357823 0.16416343211971657 0.16227800732463704 2.0341105014468226E-4
77363823 0.16377868263353948 0.16227800732463704 2.0341105014468226E-4
77369823 0.16389886579333374 0.16227800732463704 2.0341105014468226E-4
77375823 0.16370360123797242 0.16227800732463704 2.024957004190312E-4
77381823 0.1636156590386682 0.16227800732463704 2.024957004190312E-4
77387823 0.16382508505889642 0.16227800732463704 2.024957004190312E-4
77393823 0.16390463084810733 0.16227800732463704 2.024957004190312E-4
77399823 0.16370230959091528 0.16227800732463704 2.0158446976714558E-4
77405823 0.16378611884523184 0.16227800732463704 2.0158446976714558E-4
77411823 0.1641729782464971 0.16227800732463704 2.0158446976714558E-4
77417823 0.16390159214290473 0.16227800732463704 2.0067733965319345E-4
77423823 0.16371840337002683 0.16227800732463704 2.0067733965319345E-4
77429823 0.16344176295788726 0.16227800732463704 2.0067733965319345E-4
77435823 0.16380243025867455 0.16227800732463704 2.0067733965319345E-4
77441823 0.16371480127068458 0.16227800732463704 1.9977429162475408E-4
77447823 0.16387055280573623 0.16227800732463704 1.9977429162475408E-4
77453823 0.1640279238434355 0.16227800732463704 1.988753073124427E-4
77459823 0.16415857881777635 0.16227800732463704 1.988753073124427E-4
77465823 0.16386079418744431 0.16227800732463704 1.9798036842953671E-4
77471823 0.163581159632823 0.16227800732463704 1.9798036842953671E-4
77477823 0.16399605508276022 0.16227800732463704 1.9798036842953671E-4
77483823 0.16355300349330898 0.16227800732463704 1.970894567716038E-4
77489823 0.1640197314583796 0.16227800732463704 1.970894567716038E-4
77495823 0.16357191055259923 0.16227800732463704 1.962025542161316E-4
77501823 0.16322452328787698 0.16227800732463704 1.962025542161316E-4
77507823 0.16381451537990105 0.16227800732463704 1.962025542161316E-4
77513823 0.1639548565505207 0.16227800732463704 1.962025542161316E-4
77519823 0.16369569479853277 0.16227800732463704 1.95319642722159E-4
77525823 0.16399772248623157 0.16227800732463704 1.95319642722159E-4
77531823 0.16392068631578208 0.16227800732463704 1.944407043299093E-4
77537823 0.16370686442592206 0.16227800732463704 1.944407043299093E-4
77543823 0.16395530594194704 0.16227800732463704 1.944407043299093E-4
77549823 0.16414630533070607 0.16227800732463704 1.935657211604247E-4
77555823 0.16370718374912782 0.16227800732463704 1.935657211604247E-4
77561823 0.16337337282543823 0.16227800732463704 1.935657211604247E-4
77567823 0.16357795075172196 0.16227800732463704 1.935657211604247E-4
77573823 0.16388322627680404 0.16227800732463704 1.926946754152028E-4
77579823 0.16370322499106882 0.16227800732463704 1.926946754152028E-4
77585823 0.16403661262352753 0.16227800732463704 1.918275493758344E-4
77591823 0.16409766774150492 0.16227800732463704 1.918275493758344E-4
77597823 0.1639236504861154 0.16227800732463704 1.9096432540364314E-4
77603823 0.1639883202100547 0.16227800732463704 1.9096432540364314E-4
77609823 0.1639096509012512 0.16227800732463704 1.9096432540364314E-4
77615823 0.16419617898078814 0.16227800732463704 1.9010498593932676E-4
77621823 0.16396704456312 0.16227800732463704 1.9010498593932676E-4
77627823 0.16389205246615135 0.16227800732463704 1.892495135025998E-4
77633823 0.16472408020299079 0.16227800732463704 1.892495135025998E-4
77639823 0.16428155410667394 0.16227800732463704 1.883978906918381E-4
77645823 0.1642299089527401 0.16227800732463704 1.883978906918381E-4
77651823 0.1642250894456109 0.16227800732463704 1.8755010018372485E-4
77657823 0.1642512093979156 0.16227800732463704 1.8755010018372485E-4
77663823 0.16404649019225195 0.16227800732463704 1.867061247328981E-4
77669823 0.16425871410548046 0.16227800732463704 1.867061247328981E-4
77675823 0.16433560413727555 0.16227800732463704 1.858659471716001E-4
77681823 0.16386780179956728 0.16227800732463704 1.858659471716001E-4
77687823 0.1641255425936936 0.16227800732463704 1.850295504093279E-4
77693823 0.1640563471725363 0.16227800732463704 1.850295504093279E-4
77699823 0.16398086603080433 0.16227800732463704 1.850295504093279E-4
77705823 0.1641988231092512 0.16227800732463704 1.8419691743248593E-4
77711823 0.16421288967102254 0.16227800732463704 1.8419691743248593E-4
77717823 0.1641641282328509 0.16227800732463704 1.8336803130403976E-4
77723823 0.1642404329505443 0.16227800732463704 1.8336803130403976E-4
77729823 0.16426871695620213 0.16227800732463704 1.825428751631716E-4
77735823 0.1640637748193493 0.16227800732463704 1.825428751631716E-4
77741823 0.1644323421332173 0.16227800732463704 1.825428751631716E-4
77747823 0.16446739986029416 0.16227800732463704 1.8172143222493732E-4
77753823 0.16447794034186755 0.16227800732463704 1.8172143222493732E-4
77759823 0.16378840293498584 0.16227800732463704 1.8172143222493732E-4
77765823 0.16354500193253257 0.16227800732463704 1.8172143222493732E-4
77771823 0.1634471522087469 0.16227800732463704 1.8172143222493732E-4
77777823 0.16365096549210564 0.16227800732463704 1.8172143222493732E-4
77783823 0.16348678801960495 0.16227800732463704 1.8172143222493732E-4
77789823 0.16336057396804649 0.16227800732463704 1.8172143222493732E-4
77795823 0.16349663190676375 0.16227800732463704 1.8172143222493732E-4
77801823 0.16392882583036464 0.16227800732463704 1.8090368577992511E-4
77807823 0.16428084478802887 0.16227800732463704 1.8090368577992511E-4
77813823 0.16377539897171497 0.16227800732463704 1.8090368577992511E-4
77819823 0.163873521536803 0.16227800732463704 1.8090368577992511E-4
77825823 0.16372275373806744 0.16227800732463704 1.8090368577992511E-4
77831823 0.16385754186759965 0.16227800732463704 1.8090368577992511E-4
77837823 0.16362751748427365 0.16227800732463704 1.8008961919391546E-4
77843823 0.16368988282655594 0.16227800732463704 1.8008961919391546E-4
77849823 0.16334820572457043 0.16227800732463704 1.7927921590754286E-4
77855823 0.16370133927115768 0.16227800732463704 1.7927921590754286E-4
77861823 0.16392450552849988 0.16227800732463704 1.7847245943595892E-4
77867823 0.16350360031399816 0.16227800732463704 1.7847245943595892E-4
77873823 0.1634430489928818 0.16227800732463704 1.7847245943595892E-4
77879823 0.16340310404594244 0.16227800732463704 1.7847245943595892E-4
77885823 0.1634327797803163 0.16227800732463704 1.7847245943595892E-4
77891823 0.1639499234300925 0.16227800732463704 1.7847245943595892E-4
77897823 0.16340196563292875 0.16227800732463704 1.7766933336849712E-4
77903823 0.1636553319637457 0.16227800732463704 1.7766933336849712E-4
77909823 0.16366304379074184 0.16227800732463704 1.7766933336849712E-4
77915823 0.16361500698297876 0.16227800732463704 1.768698213683389E-4
77921823 0.1634949036016842 0.16227800732463704 1.768698213683389E-4
77927823 0.1637003239817063 0.16227800732463704 1.7607390717218138E-4
77933823 0.1639389947710756 0.16227800732463704 1.7607390717218138E-4
77939823 0.16379123538214233 0.16227800732463704 1.7528157458990656E-4
77945823 0.16403114401266042 0.16227800732463704 1.7528157458990656E-4
77951823 0.1637460748587174 0.16227800732463704 1.74492807504252E-4
77957823 0.16364598289622068 0.16227800732463704 1.74492807504252E-4
77963823 0.16381950523119546 0.16227800732463704 1.74492807504252E-4
77969823 0.16369259694106147 0.16227800732463704 1.7370758987048286E-4
77975823 0.16383125441987448 0.16227800732463704 1.7370758987048286E-4
77981823 0.1641194511274325 0.16227800732463704 1.7370758987048286E-4
77987823 0.1641220409412691 0.16227800732463704 1.729259057160657E-4
77993823 0.16405804289065917 0.16227800732463704 1.729259057160657E-4
77999823 0.16386913838383185 0.16227800732463704 1.729259057160657E-4
78005823 0.16374376055518636 0.16227800732463704 1.729259057160657E-4
78011823 0.16391769245822327 0.16227800732463704 1.729259057160657E-4
78017823 0.1635568698080148 0.16227800732463704 1.721477391403434E-4
78023823 0.16344728280289383 0.16227800732463704 1.721477391403434E-4
78029823 0.16361911003174476 0.16227800732463704 1.721477391403434E-4
78035823 0.16369192626208606 0.16227800732463704 1.7137307431421188E-4
78041823 0.16361405297737686 0.16227800732463704 1.7137307431421188E-4
78047823 0.16329221066167807 0.16227800732463704 1.7060189547979794E-4
78053823 0.16348753395977933 0.16227800732463704 1.7060189547979794E-4
78059823 0.16357349107081526 0.16227800732463704 1.6983418695013886E-4
78065823 0.16357896196420962 0.16227800732463704 1.6983418695013886E-4
78071823 0.1633299185151482 0.16227800732463704 1.6983418695013886E-4
78077823 0.1633474586068419 0.16227800732463704 1.6983418695013886E-4
78083823 0.16365450287908054 0.16227800732463704 1.6983418695013886E-4
78089823 0.16378287448800138 0.16227800732463704 1.6906993310886325E-4
78095823 0.16346807614180572 0.16227800732463704 1.6906993310886325E-4
78101823 0.1634544255726257 0.16227800732463704 1.6906993310886325E-4
78107823 0.16353446414467354 0.16227800732463704 1.6906993310886325E-4
78113823 0.1639199012972613 0.16227800732463704 1.6830911840987338E-4
78119823 0.16359509199227573 0.16227800732463704 1.6830911840987338E-4
78125823 0.16328089234456494 0.16227800732463704 1.6830911840987338E-4
78131823 0.1637927722809575 0.16227800732463704 1.6830911840987338E-4
78137823 0.1636044610541533 0.16227800732463704 1.6755172737702897E-4
78143823 0.1637224833903783 0.16227800732463704 1.6755172737702897E-4
78149823 0.1639688548665047 0.16227800732463704 1.6755172737702897E-4
78155823 0.16390812891471174 0.16227800732463704 1.6679774460383234E-4
78161823 0.16374041793066912 0.16227800732463704 1.6679774460383234E-4
78167823 0.1639573865280145 0.16227800732463704 1.6679774460383234E-4
78173823 0.16358639645537867 0.16227800732463704 1.6679774460383234E-4
78179823 0.16371431106342166 0.16227800732463704 1.6679774460383234E-4
78185823 0.16370555889440394 0.16227800732463704 1.6679774460383234E-4
78191823 0.16357433740968186 0.16227800732463704 1.660471547531151E-4
78197823 0.16406494778789907 0.16227800732463704 1.660471547531151E-4
78203823 0.16347070531395672 0.16227800732463704 1.660471547531151E-4
78209823 0.16351076632558786 0.16227800732463704 1.652999425567261E-4
78215823 0.16399917519368723 0.16227800732463704 1.652999425567261E-4
78221823 0.16350903923079504 0.16227800732463704 1.6455609281522084E-4
78227823 0.1635516710217975 0.16227800732463704 1.6455609281522084E-4
78233823 0.16342775524546843 0.16227800732463704 1.6455609281522084E-4
78239823 0.16346195195350852 0.16227800732463704 1.6455609281522084E-4
78245823 0.16354970869714952 0.16227800732463704 1.6455609281522084E-4
78251823 0.16369217918989204 0.16227800732463704 1.6381559039755237E-4
78257823 0.1637299770047712 0.16227800732463704 1.6381559039755237E-4
78263823 0.16323997839890636 0.16227800732463704 1.630784202407634E-4
78269823 0.16377604809995883 0.16227800732463704 1.630784202407634E-4
78275823 0.16366656323382406 0.16227800732463704 1.630784202407634E-4
78281823 0.16351005045165204 0.16227800732463704 1.6234456734967996E-4
78287823 0.16397062838683435 0.16227800732463704 1.6234456734967996E-4
78293823 0.1637084856400765 0.16227800732463704 1.616140167966064E-4
78299823 0.16361434537362254 0.16227800732463704 1.616140167966064E-4
78305823 0.1638789097608771 0.16227800732463704 1.608867537210217E-4
78311823 0.16347549113830154 0.16227800732463704 1.608867537210217E-4
78317823 0.16375039315854087 0.16227800732463704 1.601627633292771E-4
78323823 0.1634969084597138 0.16227800732463704 1.601627633292771E-4
78329823 0.16297432306955364 0.16227800732463704 1.5944203089429538E-4
78335823 0.16322424196478721 0.16227800732463704 1.5944203089429538E-4
78341823 0.16303041963434706 0.16227800732463704 1.5944203089429538E-4
78347823 0.1633646184739078 0.16227800732463704 1.5944203089429538E-4
78353823 0.16318022562813897 0.16227800732463704 1.5872454175527105E-4
78359823 0.1632992419106751 0.16227800732463704 1.5872454175527105E-4
78365823 0.16318712066629606 0.16227800732463704 1.5801028131737235E-4
78371823 0.1637066508114506 0.16227800732463704 1.5801028131737235E-4
78377823 0.16360154757673806 0.16227800732463704 1.572992350514442E-4
78383823 0.1634601088455304 0.16227800732463704 1.572992350514442E-4
78389823 0.16347217613607207 0.16227800732463704 1.572992350514442E-4
78395823 0.163867239763612 0.16227800732463704 1.572992350514442E-4
78401823 0.16379943450395107 0.16227800732463704 1.565913884937127E-4
78407823 0.1635913230718642 0.16227800732463704 1.565913884937127E-4
78413823 0.1636341152481248 0.16227800732463704 1.55886727245491E-4
78419823 0.163818941895606 0.16227800732463704 1.55886727245491E-4
78425823 0.16354431135330538 0.16227800732463704 1.551852369728863E-4
78431823 0.16324271693607542 0.16227800732463704 1.551852369728863E-4
78437823 0.16322269212584944 0.16227800732463704 1.551852369728863E-4
78443823 0.163301159589732 0.16227800732463704 1.551852369728863E-4
78449823 0.16354189067471778 0.16227800732463704 1.551852369728863E-4
78455823 0.16316808848330186 0.16227800732463704 1.5448690340650833E-4
78461823 0.1634726143846479 0.16227800732463704 1.5448690340650833E-4
78467823 0.16347115818246946 0.16227800732463704 1.5448690340650833E-4
78473823 0.16357135024670033 0.16227800732463704 1.5379171234117906E-4
78479823 0.16325854380967572 0.16227800732463704 1.5379171234117906E-4
78485823 0.16308197795872684 0.16227800732463704 1.5379171234117906E-4
78491823 0.16329895803625882 0.16227800732463704 1.5379171234117906E-4
78497823 0.16330922896682729 0.16227800732463704 1.5309964963564377E-4
78503823 0.16337357089393326 0.16227800732463704 1.5309964963564377E-4
78509823 0.16361362334078305 0.16227800732463704 1.5241070121228337E-4
78515823 0.16356500109463615 0.16227800732463704 1.5241070121228337E-4
78521823 0.16356410402485233 0.16227800732463704 1.517248530568281E-4
78527823 0.16357560868506607 0.16227800732463704 1.517248530568281E-4
78533823 0.16336743251668984 0.16227800732463704 1.510420912180724E-4
78539823 0.1634644729118315 0.16227800732463704 1.510420912180724E-4
78545823 0.16339426659742962 0.16227800732463704 1.510420912180724E-4
78551823 0.16332275823952427 0.16227800732463704 1.5036240180759107E-4
78557823 0.16342849056907383 0.16227800732463704 1.5036240180759107E-4
78563823 0.1633594559176597 0.16227800732463704 1.5036240180759107E-4
78569823 0.16321928181231996 0.16227800732463704 1.4968577099945692E-4
78575823 0.1635904950698084 0.16227800732463704 1.4968577099945692E-4
78581823 0.16360349794136503 0.16227800732463704 1.4901218502995936E-4
78587823 0.16378376484441104 0.16227800732463704 1.4901218502995936E-4
78593823 0.16312315970017646 0.16227800732463704 1.4834163019732455E-4
78599823 0.16298282151468993 0.16227800732463704 1.4834163019732455E-4
78605823 0.16308041679246182 0.16227800732463704 1.4834163019732455E-4
78611823 0.16307557965283143 0.16227800732463704 1.4834163019732455E-4
78617823 0.16329020355167195 0.16227800732463704 1.476740928614366E-4
78623823 0.16381143646641863 0.16227800732463704 1.476740928614366E-4
78629823 0.16370284427847348 0.16227800732463704 1.4700955944356014E-4
78635823 0.16344302380717832 0.16227800732463704 1.4700955944356014E-4
78641823 0.16366370232714725 0.16227800732463704 1.4700955944356014E-4
78647823 0.16370238862310726 0.16227800732463704 1.4700955944356014E-4
78653823 0.16304632714709286 0.16227800732463704 1.4634801642606412E-4
78659823 0.1631150824518 0.16227800732463704 1.4634801642606412E-4
78665823 0.1630292895246819 0.16227800732463704 1.4634801642606412E-4
78671823 0.1631791042365401 0.16227800732463704 1.4634801642606412E-4
78677823 0.16329751438272386 0.16227800732463704 1.4634801642606412E-4
78683823 0.16338434952582565 0.16227800732463704 1.4568945035214683E-4
78689823 0.16321880564655794 0.16227800732463704 1.4568945035214683E-4
78695823 0.16299957525024308 0.16227800732463704 1.4568945035214683E-4
78701823 0.16321723466418706 0.16227800732463704 1.4503384782556218E-4
78707823 0.16296618808757785 0.16227800732463704 1.4503384782556218E-4
78713823 0.16282131751737972 0.16227800732463704 1.4438119551034715E-4
78719823 0.16351537837288205 0.16227800732463704 1.4438119551034715E-4
78725823 0.1637058848463151 0.16227800732463704 1.437314801305506E-4
78731823 0.16332460628380924 0.16227800732463704 1.437314801305506E-4
78737823 0.16373573400602523 0.16227800732463704 1.437314801305506E-4
78743823 0.16363928397366476 0.16227800732463704 1.437314801305506E-4
78749823 0.1635511420473611 0.16227800732463704 1.4308468846996314E-4
78755823 0.16361641436507943 0.16227800732463704 1.4308468846996314E-4
78761823 0.1633190040530043 0.16227800732463704 1.4308468846996314E-4
78767823 0.16359402930133554 0.16227800732463704 1.4308468846996314E-4
78773823 0.1632505949594382 0.16227800732463704 1.4308468846996314E-4
78779823 0.16345760649184082 0.16227800732463704 1.4308468846996314E-4
78785823 0.1631989000599305 0.16227800732463704 1.424408073718483E-4
78791823 0.16341607447509549 0.16227800732463704 1.424408073718483E-4
78797823 0.16311166679316338 0.16227800732463704 1.41799823738675E-4
78803823 0.16315645568948217 0.16227800732463704 1.41799823738675E-4
78809823 0.16294608423625578 0.16227800732463704 1.41799823738675E-4
78815823 0.16315913351794814 0.16227800732463704 1.41799823738675E-4
78821823 0.16330567034045315 0.16227800732463704 1.4116172453185096E-4
78827823 0.16366556898308215 0.16227800732463704 1.4116172453185096E-4
78833823 0.1636587801433507 0.16227800732463704 1.4052649677145763E-4
78839823 0.1635717044138992 0.16227800732463704 1.4052649677145763E-4
78845823 0.1638363962233702 0.16227800732463704 1.3989412753598608E-4
78851823 0.16365373655315568 0.16227800732463704 1.3989412753598608E-4
78857823 0.16354279304897976 0.16227800732463704 1.3989412753598608E-4
78863823 0.1634336434658364 0.16227800732463704 1.3926460396207415E-4
78869823 0.16333675032804076 0.16227800732463704 1.3926460396207415E-4
78875823 0.1635140388817541 0.16227800732463704 1.3926460396207415E-4
78881823 0.16354847622160804 0.16227800732463704 1.3863791324424482E-4
78887823 0.1635748418680815 0.16227800732463704 1.3863791324424482E-4
78893823 0.16335557332447784 0.16227800732463704 1.3863791324424482E-4
78899823 0.16359584874654806 0.16227800732463704 1.3863791324424482E-4
78905823 0.16333976227068606 0.16227800732463704 1.3863791324424482E-4
78911823 0.16304925461333392 0.16227800732463704 1.3863791324424482E-4
78917823 0.1631291662454247 0.16227800732463704 1.3863791324424482E-4
78923823 0.16331709268043754 0.16227800732463704 1.3863791324424482E-4
78929823 0.16343392756815892 0.16227800732463704 1.3801404263464573E-4
78935823 0.16315208391760824 0.16227800732463704 1.3801404263464573E-4
78941823 0.16341556506188498 0.16227800732463704 1.3739297944278983E-4
78947823 0.16323964860235085 0.16227800732463704 1.3739297944278983E-4
78953823 0.16338410980953985 0.16227800732463704 1.3677471103529728E-4
78959823 0.1633871558335738 0.16227800732463704 1.3677471103529728E-4
78965823 0.16339492173033843 0.16227800732463704 1.3615922483563845E-4
78971823 0.16314185464395076 0.16227800732463704 1.3615922483563845E-4
78977823 0.16304921076511775 0.16227800732463704 1.355465083238781E-4
78983823 0.16293257086837587 0.16227800732463704 1.355465083238781E-4
78989823 0.16320442217431555 0.16227800732463704 1.355465083238781E-4
78995823 0.16362562461768293 0.16227800732463704 1.3493654903642065E-4
79001823 0.1634682326295974 0.16227800732463704 1.3493654903642065E-4
79007823 0.16326082108823 0.16227800732463704 1.3432933456575678E-4
79013823 0.1634450292826769 0.16227800732463704 1.3432933456575678E-4
79019823 0.1634761032050993 0.16227800732463704 1.3372485256021087E-4
79025823 0.16344809211429284 0.16227800732463704 1.3372485256021087E-4
79031823 0.163180660514615 0.16227800732463704 1.3372485256021087E-4
79037823 0.16323610395792384 0.16227800732463704 1.3312309072368992E-4
79043823 0.16316789802251888 0.16227800732463704 1.3312309072368992E-4
79049823 0.16331426424894202 0.16227800732463704 1.3252403681543332E-4
79055823 0.16326235409925344 0.16227800732463704 1.3252403681543332E-4
79061823 0.16320722881217964 0.16227800732463704 1.3252403681543332E-4
79067823 0.16303153067846896 0.16227800732463704 1.3192767864976388E-4
79073823 0.16302351785718402 0.16227800732463704 1.3192767864976388E-4
79079823 0.16343770870976135 0.16227800732463704 1.3133400409583995E-4
79085823 0.16338938750161877 0.16227800732463704 1.3133400409583995E-4
79091823 0.16320162104396987 0.16227800732463704 1.3074300107740868E-4
79097823 0.16335125692708413 0.16227800732463704 1.3074300107740868E-4
79103823 0.16367122468931222 0.16227800732463704 1.3074300107740868E-4
79109823 0.16348672954814597 0.16227800732463704 1.3015465757256034E-4
79115823 0.1632398403260739 0.16227800732463704 1.3015465757256034E-4
79121823 0.16342602754644978 0.16227800732463704 1.3015465757256034E-4
79127823 0.1632013042584053 0.16227800732463704 1.2956896161348382E-4
79133823 0.16298124454758717 0.16227800732463704 1.2956896161348382E-4
79139823 0.1634447483591275 0.16227800732463704 1.2956896161348382E-4
79145823 0.1635726028212869 0.16227800732463704 1.2898590128622314E-4
79151823 0.16354519299934123 0.16227800732463704 1.2898590128622314E-4
79157823 0.16330528726315904 0.16227800732463704 1.2898590128622314E-4
79163823 0.16315430373896916 0.16227800732463704 1.2898590128622314E-4
79169823 0.16335639972855884 0.16227800732463704 1.2898590128622314E-4
79175823 0.16348108282712484 0.16227800732463704 1.2898590128622314E-4
79181823 0.1634974951626806 0.16227800732463704 1.2840546473043515E-4
79187823 0.16337738482345243 0.16227800732463704 1.2840546473043515E-4
79193823 0.1635871093942619 0.16227800732463704 1.278276401391482E-4
79199823 0.16324487709601193 0.16227800732463704 1.278276401391482E-4
79205823 0.1634459638031291 0.16227800732463704 1.2725241575852205E-4
79211823 0.16308833301895684 0.16227800732463704 1.2725241575852205E-4
79217823 0.16311752683461533 0.16227800732463704 1.2725241575852205E-4
79223823 0.1632896932825929 0.16227800732463704 1.2725241575852205E-4
79229823 0.16332508756039268 0.16227800732463704 1.2725241575852205E-4
79235823 0.16324059263367952 0.16227800732463704 1.2667977988760871E-4
79241823 0.16314132137032944 0.16227800732463704 1.2667977988760871E-4
79247823 0.16319735690309303 0.16227800732463704 1.2667977988760871E-4
79253823 0.16344229066461907 0.16227800732463704 1.2610972087811448E-4
79259823 0.16347240988979503 0.16227800732463704 1.2610972087811448E-4
79265823 0.16319173667611744 0.16227800732463704 1.2554222713416298E-4
79271823 0.1630079957531394 0.16227800732463704 1.2554222713416298E-4
79277823 0.16345366654162594 0.16227800732463704 1.2554222713416298E-4
79283823 0.16339048684613175 0.16227800732463704 1.2497728711205924E-4
79289823 0.16342390575667906 0.16227800732463704 1.2497728711205924E-4
79295823 0.16329152929493665 0.16227800732463704 1.2497728711205924E-4
79301823 0.1633166139838879 0.16227800732463704 1.2441488932005498E-4
79307823 0.16336133980929554 0.16227800732463704 1.2441488932005498E-4
79313823 0.1633032095238463 0.16227800732463704 1.2385502231811475E-4
79319823 0.16285644243423048 0.16227800732463704 1.2385502231811475E-4
79325823 0.16283863150624558 0.16227800732463704 1.2385502231811475E-4
79331823 0.1629530253802418 0.16227800732463704 1.2385502231811475E-4
79337823 0.16311007829820307 0.16227800732463704 1.2329767471768325E-4
79343823 0.16335970689143092 0.16227800732463704 1.2329767471768325E-4
79349823 0.16324119358420852 0.16227800732463704 1.2274283518145368E-4
79355823 0.16298781829184583 0.16227800732463704 1.2274283518145368E-4
79361823 0.1631339817215362 0.16227800732463704 1.2274283518145368E-4
79367823 0.16322169875959355 0.16227800732463704 1.2219049242313715E-4
79373823 0.1631841419633405 0.16227800732463704 1.2219049242313715E-4
79379823 0.16308033870158148 0.16227800732463704 1.2164063520723304E-4
79385823 0.1632049521367958 0.16227800732463704 1.2164063520723304E-4
79391823 0.16328265529707753 0.16227800732463704 1.2164063520723304E-4
79397823 0.16328738637090437 0.16227800732463704 1.210932523488005E-4
79403823 0.16309815882538164 0.16227800732463704 1.210932523488005E-4
79409823 0.16325741544532327 0.16227800732463704 1.210932523488005E-4
79415823 0.16316497491650125 0.16227800732463704 1.2054833271323089E-4
79421823 0.1632906810966152 0.16227800732463704 1.2054833271323089E-4
79427823 0.16312426596934787 0.16227800732463704 1.2000586521602136E-4
79433823 0.16286772434039262 0.16227800732463704 1.2000586521602136E-4
79439823 0.16331149326521444 0.16227800732463704 1.2000586521602136E-4
79445823 0.163285634713062 0.16227800732463704 1.1946583882254927E-4
79451823 0.1632378351214372 0.16227800732463704 1.1946583882254927E-4
79457823 0.16344794389107364 0.16227800732463704 1.1946583882254927E-4
79463823 0.16326015151281575 0.16227800732463704 1.1892824254784781E-4
79469823 0.1635409966094657 0.16227800732463704 1.1892824254784781E-4
79475823 0.1634657706043956 0.16227800732463704 1.183930654563825E-4
79481823 0.16303429466039224 0.16227800732463704 1.183930654563825E-4
79487823 0.16326168287298626 0.16227800732463704 1.183930654563825E-4
79493823 0.16298529361996736 0.16227800732463704 1.183930654563825E-4
79499823 0.16292345433689354 0.16227800732463704 1.183930654563825E-4
79505823 0.1629207227798485 0.16227800732463704 1.183930654563825E-4
79511823 0.16320899616979345 0.16227800732463704 1.183930654563825E-4
79517823 0.16303663073875524 0.16227800732463704 1.1786029666182878E-4
79523823 0.16325587306425243 0.16227800732463704 1.1786029666182878E-4
79529823 0.16303727354383 0.16227800732463704 1.1786029666182878E-4
79535823 0.16283327801921468 0.16227800732463704 1.1732992532685056E-4
79541823 0.16281276568087522 0.16227800732463704 1.1732992532685056E-4
79547823 0.16292513162062439 0.16227800732463704 1.1680194066287974E-4
79553823 0.16327424258324869 0.16227800732463704 1.1680194066287974E-4
79559823 0.16312842394943627 0.16227800732463704 1.1627633192989679E-4
79565823 0.16317338558471153 0.16227800732463704 1.1627633192989679E-4
79571823 0.16292778868812904 0.16227800732463704 1.1627633192989679E-4
79577823 0.1627473955797937 0.16227800732463704 1.1627633192989679E-4
79583823 0.162853436789097 0.16227800732463704 1.1575308843621225E-4
79589823 0.16309138789298436 0.16227800732463704 1.1575308843621225E-4
79595823 0.16289060873838188 0.16227800732463704 1.152321995382493E-4
79601823 0.16333679388782613 0.16227800732463704 1.152321995382493E-4
79607823 0.16325825206953612 0.16227800732463704 1.1471365464032719E-4
79613823 0.1632723724392133 0.16227800732463704 1.1471365464032719E-4
79619823 0.16333670852559143 0.16227800732463704 1.1471365464032719E-4
79625823 0.16341986034580844 0.16227800732463704 1.1419744319444572E-4
79631823 0.16338108755273348 0.16227800732463704 1.1419744319444572E-4
79637823 0.16322452903340073 0.16227800732463704 1.1419744319444572E-4
79643823 0.16273995972282163 0.16227800732463704 1.1419744319444572E-4
79649823 0.1631491538613255 0.16227800732463704 1.1419744319444572E-4
79655823 0.16344163157388997 0.16227800732463704 1.1368355470007072E-4
79661823 0.1633233076533084 0.16227800732463704 1.1368355470007072E-4
79667823 0.16308906172652957 0.16227800732463704 1.1317197870392042E-4
79673823 0.16322281787778048 0.16227800732463704 1.1317197870392042E-4
79679823 0.1630791530777098 0.16227800732463704 1.1266270479975278E-4
79685823 0.16326254848430796 0.16227800732463704 1.1266270479975278E-4
79691823 0.16305735961647674 0.16227800732463704 1.1266270479975278E-4
79697823 0.16297411995089317 0.16227800732463704 1.121557226281539E-4
79703823 0.16300344549039994 0.16227800732463704 1.121557226281539E-4
79709823 0.1630652830655476 0.16227800732463704 1.121557226281539E-4
79715823 0.16323439333301493 0.16227800732463704 1.1165102187632721E-4
79721823 0.16315195805476632 0.16227800732463704 1.1165102187632721E-4
79727823 0.16325829069284642 0.16227800732463704 1.1114859227788375E-4
79733823 0.16314190469914408 0.16227800732463704 1.1114859227788375E-4
79739823 0.16314803503217562 0.16227800732463704 1.1064842361263328E-4
79745823 0.1630293040011719 0.16227800732463704 1.1064842361263328E-4
79751823 0.1629788214826559 0.16227800732463704 1.1064842361263328E-4
79757823 0.16316834606542083 0.16227800732463704 1.1015050570637644E-4
79763823 0.163355503562791 0.16227800732463704 1.1015050570637644E-4
79769823 0.16318254127979248 0.16227800732463704 1.0965482843069776E-4
79775823 0.16323182501547182 0.16227800732463704 1.0965482843069776E-4
79781823 0.16329231775242212 0.16227800732463704 1.0965482843069776E-4
79787823 0.16327755291641716 0.16227800732463704 1.0916138170275962E-4
79793823 0.1631330809712281 0.16227800732463704 1.0916138170275962E-4
79799823 0.16350798502417657 0.16227800732463704 1.0916138170275962E-4
79805823 0.16334879985692194 0.16227800732463704 1.0867015548509721E-4
79811823 0.16313018270206034 0.16227800732463704 1.0867015548509721E-4
79817823 0.16332087249602056 0.16227800732463704 1.0818113978541428E-4
79823823 0.1626511129116472 0.16227800732463704 1.0818113978541428E-4
79829823 0.16307501739456606 0.16227800732463704 1.0818113978541428E-4
79835823 0.16318198267790487 0.16227800732463704 1.0818113978541428E-4
79841823 0.16304269357619144 0.16227800732463704 1.0769432465637992E-4
79847823 0.1629315300851132 0.16227800732463704 1.0769432465637992E-4
79853823 0.16289057086448602 0.16227800732463704 1.0769432465637992E-4
79859823 0.16264345693553559 0.16227800732463704 1.0769432465637992E-4
79865823 0.1629407709592714 0.16227800732463704 1.0769432465637992E-4
79871823 0.1627269773903414 0.16227800732463704 1.0720970019542621E-4
79877823 0.16304398078108154 0.16227800732463704 1.0720970019542621E-4
79883823 0.16303249369748055 0.16227800732463704 1.067272565445468E-4
79889823 0.16308995084059139 0.16227800732463704 1.067272565445468E-4
79895823 0.16300431544105123 0.16227800732463704 1.0624698389009635E-4
79901823 0.16301903285030672 0.16227800732463704 1.0624698389009635E-4
79907823 0.16299739426955828 0.16227800732463704 1.0624698389009635E-4
79913823 0.16298980614903918 0.16227800732463704 1.0624698389009635E-4
79919823 0.16304650362506565 0.16227800732463704 1.0624698389009635E-4
79925823 0.16290674845693806 0.16227800732463704 1.0576887246259092E-4
79931823 0.1627723614402688 0.16227800732463704 1.0576887246259092E-4
79937823 0.16277643776962222 0.16227800732463704 1.0576887246259092E-4
79943823 0.1629040328443925 0.16227800732463704 1.0529291253650927E-4
79949823 0.16306069392110653 0.16227800732463704 1.0529291253650927E-4
79955823 0.1628767006276625 0.16227800732463704 1.0481909443009498E-4
79961823 0.16293329710384405 0.16227800732463704 1.0481909443009498E-4
79967823 0.16304220783013712 0.16227800732463704 1.0481909443009498E-4
79973823 0.16294692463193575 0.16227800732463704 1.0481909443009498E-4
79979823 0.1630531270957638 0.16227800732463704 1.0434740850515956E-4
79985823 0.16278568811040092 0.16227800732463704 1.0434740850515956E-4
79991823 0.16292649152940702 0.16227800732463704 1.0434740850515956E-4
79997823 0.1630947053014935 0.16227800732463704 1.0387784516688634E-4
80003823 0.1631785626580809 0.16227800732463704 1.0387784516688634E-4
80009823 0.16331202433675807 0.16227800732463704 1.0341039486363536E-4
80015823 0.16310810619226448 0.16227800732463704 1.0341039486363536E-4
80021823 0.1629086283556593 0.16227800732463704 1.0341039486363536E-4
80027823 0.1628262963622711 0.16227800732463704 1.0341039486363536E-4
80033823 0.16306696869593293 0.16227800732463704 1.0341039486363536E-4
80039823 0.1629081720809611 0.16227800732463704 1.02945048086749E-4
80045823 0.16286975015431163 0.16227800732463704 1.02945048086749E-4
80051823 0.16278800093794601 0.16227800732463704 1.02945048086749E-4
80057823 0.16300244317803667 0.16227800732463704 1.02945048086749E-4
80063823 0.16308426503230194 0.16227800732463704 1.0248179537035864E-4
80069823 0.1627869408541287 0.16227800732463704 1.0248179537035864E-4
80075823 0.1628146259852224 0.16227800732463704 1.0248179537035864E-4
80081823 0.16283607036992664 0.16227800732463704 1.0248179537035864E-4
80087823 0.16285433501145247 0.16227800732463704 1.0248179537035864E-4
80093823 0.16276049524979042 0.16227800732463704 1.0248179537035864E-4
80099823 0.16307053624811396 0.16227800732463704 1.0202062729119203E-4
80105823 0.16305366261807985 0.16227800732463704 1.0202062729119203E-4
80111823 0.16271242549194684 0.16227800732463704 1.0156153446838167E-4
80117823 0.1627427437014689 0.16227800732463704 1.0156153446838167E-4
80123823 0.1628051668531038 0.16227800732463704 1.0156153446838167E-4
80129823 0.1627983959758678 0.16227800732463704 1.0110450756327396E-4
80135823 0.16292108475668315 0.16227800732463704 1.0110450756327396E-4
80141823 0.1627274202609495 0.16227800732463704 1.0110450756327396E-4
80147823 0.1628879392997596 0.16227800732463704 1.0064953727923924E-4
80153823 0.16306427465660667 0.16227800732463704 1.0064953727923924E-4
80159823 0.16282064912249838 0.16227800732463704 1.0019661436148267E-4
80165823 0.16306444436914594 0.16227800732463704 1.0019661436148267E-4
80171823 0.16288449919595654 0.16227800732463704 1.0019661436148267E-4
80177823 0.16289357582720224 0.16227800732463704 9.9745729596856E-5
80183823 0.16273555284194638 0.16227800732463704 9.9745729596856E-5
80189823 0.16271811184783652 0.16227800732463704 9.9745729596856E-5
80195823 0.1628485765361592 0.16227800732463704 9.929687381367015E-5
80201823 0.16294494820954636 0.16227800732463704 9.929687381367015E-5
80207823 0.16303176304308636 0.16227800732463704 9.885003788150864E-5
80213823 0.16285098261599268 0.16227800732463704 9.885003788150864E-5
80219823 0.16303544502331344 0.16227800732463704 9.885003788150864E-5
80225823 0.16291421125283012 0.16227800732463704 9.840521271104186E-5
80231823 0.16304448792953305 0.16227800732463704 9.840521271104186E-5
80237823 0.16273154632799375 0.16227800732463704 9.796238925384218E-5
80243823 0.16273614796153124 0.16227800732463704 9.796238925384218E-5
80249823 0.1628117878132934 0.16227800732463704 9.796238925384218E-5
80255823 0.16272280966328723 0.16227800732463704 9.796238925384218E-5
80261823 0.1627876551327335 0.16227800732463704 9.796238925384218E-5
80267823 0.16276173907275113 0.16227800732463704 9.75215585021999E-5
80273823 0.16272992952206025 0.16227800732463704 9.75215585021999E-5
80279823 0.16276556969385186 0.16227800732463704 9.75215585021999E-5
80285823 0.16280986691786337 0.16227800732463704 9.708271148894E-5
80291823 0.16288494245591678 0.16227800732463704 9.708271148894E-5
80297823 0.16281120754250214 0.16227800732463704 9.664583928723978E-5
80303823 0.1628434287080388 0.16227800732463704 9.664583928723978E-5
80309823 0.16290687932112471 0.16227800732463704 9.621093301044721E-5
80315823 0.16288070329907992 0.16227800732463704 9.621093301044721E-5
80321823 0.16285407964647866 0.16227800732463704 9.57779838119002E-5
80327823 0.1629265465882609 0.16227800732463704 9.57779838119002E-5
80333823 0.16303679378025834 0.16227800732463704 9.534698288474666E-5
80339823 0.16309110750273792 0.16227800732463704 9.534698288474666E-5
80345823 0.1629555972231075 0.16227800732463704 9.49179214617653E-5
80351823 0.1628505373458035 0.16227800732463704 9.49179214617653E-5
80357823 0.1629674081349261 0.16227800732463704 9.49179214617653E-5
80363823 0.16291185821601628 0.16227800732463704 9.49179214617653E-5
80369823 0.1627490342497804 0.16227800732463704 9.449079081518737E-5
80375823 0.16277896656293572 0.16227800732463704 9.449079081518737E-5
80381823 0.16285497414629974 0.16227800732463704 9.449079081518737E-5
80387823 0.1628035916314147 0.16227800732463704 9.449079081518737E-5
80393823 0.16278129175717565 0.16227800732463704 9.406558225651903E-5
80399823 0.16293165966276466 0.16227800732463704 9.406558225651903E-5
80405823 0.16281651344419448 0.16227800732463704 9.36422871363647E-5
80411823 0.16283038290345242 0.16227800732463704 9.36422871363647E-5
80417823 0.16304850879867783 0.16227800732463704 9.36422871363647E-5
80423823 0.16302681982512632 0.16227800732463704 9.322089684425106E-5
80429823 0.1630835694847471 0.16227800732463704 9.322089684425106E-5
80435823 0.1629899804838229 0.16227800732463704 9.280140280845194E-5
80441823 0.1632983870501915 0.16227800732463704 9.280140280845194E-5
80447823 0.1631968335623768 0.16227800732463704 9.238379649581391E-5
80453823 0.1630723317408148 0.16227800732463704 9.238379649581391E-5
80459823 0.1632515084048585 0.16227800732463704 9.238379649581391E-5
80465823 0.16332069827632376 0.16227800732463704 9.238379649581391E-5
80471823 0.16318066535998557 0.16227800732463704 9.196806941158275E-5
80477823 0.1630818304698559 0.16227800732463704 9.196806941158275E-5
80483823 0.16321657342934454 0.16227800732463704 9.196806941158275E-5
80489823 0.16322487092483676 0.16227800732463704 9.155421309923063E-5
80495823 0.1631409359780453 0.16227800732463704 9.155421309923063E-5
80501823 0.16308957393751003 0.16227800732463704 9.11422191402841E-5
80507823 0.1633115892761792 0.16227800732463704 9.11422191402841E-5
80513823 0.16327045152618896 0.16227800732463704 9.073207915415282E-5
80519823 0.16301164844606325 0.16227800732463704 9.073207915415282E-5
80525823 0.16309678806995978 0.16227800732463704 9.073207915415282E-5
80531823 0.16321017247024255 0.16227800732463704 9.073207915415282E-5
80537823 0.16312540286104124 0.16227800732463704 9.032378479795913E-5
80543823 0.16302549579575767 0.16227800732463704 9.032378479795913E-5
80549823 0.16314263793214723 0.16227800732463704 9.032378479795913E-5
80555823 0.16326232834123233 0.16227800732463704 9.032378479795913E-5
80561823 0.1630957322936746 0.16227800732463704 8.991732776636831E-5
80567823 0.16315771901783047 0.16227800732463704 8.991732776636831E-5
80573823 0.16327199293079855 0.16227800732463704 8.991732776636831E-5
80579823 0.1630524958515444 0.16227800732463704 8.951269979141966E-5
80585823 0.1630777302510408 0.16227800732463704 8.951269979141966E-5
80591823 0.1630081458330295 0.16227800732463704 8.910989264235827E-5
80597823 0.162952856019242 0.16227800732463704 8.910989264235827E-5
80603823 0.1630345729584956 0.16227800732463704 8.910989264235827E-5
80609823 0.16304679299018535 0.16227800732463704 8.870889812546766E-5
80615823 0.16299830590201433 0.16227800732463704 8.870889812546766E-5
80621823 0.16285879696005812 0.16227800732463704 8.870889812546766E-5
80627823 0.16302868496103554 0.16227800732463704 8.830970808390306E-5
80633823 0.16308382662611862 0.16227800732463704 8.830970808390306E-5
80639823 0.1630445858637652 0.16227800732463704 8.79123143975255E-5
80645823 0.16301257095604585 0.16227800732463704 8.79123143975255E-5
80651823 0.16307154647722533 0.16227800732463704 8.79123143975255E-5
80657823 0.16303278616562972 0.16227800732463704 8.751670898273665E-5
80663823 0.1629682683135393 0.16227800732463704 8.751670898273665E-5
80669823 0.16268109766162603 0.16227800732463704 8.712288379231434E-5
80675823 0.16253032821596952 0.16227800732463704 8.712288379231434E-5
80681823 0.16243405351045373 0.16227800732463704 8.712288379231434E-5
80687823 0.16223599782490714 0.16223599782490714 8.712288379231434E-5
80693823 0.1624086767901705 0.16220633964454526 8.712288379231434E-5
80699823 0.16224569450080487 0.16218004679402992 8.712288379231434E-5
80705823 0.16186566528303376 0.16186566528303376 8.712288379231434E-5
80711823 0.1618770167056269 0.16184896833793827 8.712288379231434E-5
80717823 0.16215580635288177 0.16181847457976267 8.712288379231434E-5
80723823 0.16212845537477813 0.16181847457976267 8.673083081524893E-5
80729823 0.16211426245563687 0.16181847457976267 8.673083081524893E-5
80735823 0.16193863534380676 0.16181847457976267 8.673083081524893E-5
80741823 0.16191610286901112 0.16181847457976267 8.673083081524893E-5
80747823 0.1620138798141066 0.16181847457976267 8.673083081524893E-5
80753823 0.1621684485800621 0.16181847457976267 8.673083081524893E-5
80759823 0.16209963113841222 0.16181847457976267 8.634054207658032E-5
80765823 0.16216205753617344 0.16181847457976267 8.634054207658032E-5
80771823 0.16207038287569586 0.16181847457976267 8.595200963723572E-5
80777823 0.16210641330975029 0.16181847457976267 8.595200963723572E-5
80783823 0.1620946331760553 0.16181847457976267 8.556522559386816E-5
80789823 0.16200828665498596 0.16181847457976267 8.556522559386816E-5
80795823 0.16221906159029562 0.16181847457976267 8.556522559386816E-5
80801823 0.16228149556091304 0.16181847457976267 8.518018207869576E-5
80807823 0.16199353820979592 0.16181847457976267 8.518018207869576E-5
80813823 0.16196354893879775 0.16181847457976267 8.479687125934163E-5
80819823 0.16205982449356945 0.16181847457976267 8.479687125934163E-5
80825823 0.16192875325390196 0.16181847457976267 8.44152853386746E-5
80831823 0.16201585121243256 0.16181847457976267 8.44152853386746E-5
80837823 0.16202269140670358 0.16181847457976267 8.44152853386746E-5
80843823 0.16202687583218595 0.16181847457976267 8.403541655465057E-5
80849823 0.16204790304892344 0.16181847457976267 8.403541655465057E-5
80855823 0.1621532599256283 0.16181847457976267 8.403541655465057E-5
80861823 0.16204099046579643 0.16181847457976267 8.365725718015464E-5
80867823 0.16192172694160697 0.16181847457976267 8.365725718015464E-5
80873823 0.16211295606736778 0.16181847457976267 8.365725718015464E-5
80879823 0.16194202920873937 0.16181847457976267 8.328079952284396E-5
80885823 0.16184010248609723 0.16181847457976267 8.328079952284396E-5
80891823 0.1618892354989503 0.16181847457976267 8.328079952284396E-5
80897823 0.16198935360199718 0.16181847457976267 8.328079952284396E-5
80903823 0.16215287570523507 0.16181847457976267 8.290603592499117E-5
80909823 0.16197538781504656 0.16181847457976267 8.290603592499117E-5
80915823 0.16194491365410812 0.16181847457976267 8.253295876332871E-5
80921823 0.16202672883301789 0.16181847457976267 8.253295876332871E-5
80927823 0.16214612619746727 0.16181847457976267 8.253295876332871E-5
80933823 0.16203469348151653 0.16181847457976267 8.216156044889374E-5
80939823 0.16220614336192984 0.16181847457976267 8.216156044889374E-5
80945823 0.16193806408208572 0.16181847457976267 8.179183342687373E-5
80951823 0.16196019575926907 0.16181847457976267 8.179183342687373E-5
80957823 0.1619568348209933 0.16181847457976267 8.179183342687373E-5
80963823 0.16200914786701695 0.16181847457976267 8.14237701764528E-5
80969823 0.16198293034878078 0.16181847457976267 8.14237701764528E-5
80975823 0.16212505645270664 0.16181847457976267 8.14237701764528E-5
80981823 0.1622016899014873 0.16181847457976267 8.105736321065877E-5
80987823 0.16213409374779103 0.16181847457976267 8.105736321065877E-5
80993823 0.16180849146701168 0.16180849146701168 8.105736321065877E-5
80999823 0.16208370589796883 0.16180849146701168 8.105736321065877E-5
81005823 0.1620608213624068 0.16180849146701168 8.069260507621081E-5
81011823 0.16199406422052215 0.16180849146701168 8.069260507621081E-5
81017823 0.1621224671853085 0.16180849146701168 8.069260507621081E-5
81023823 0.16215444589837438 0.16180849146701168 8.032948835336786E-5
81029823 0.16218544199971477 0.16180849146701168 8.032948835336786E-5
81035823 0.16218294897906568 0.16180849146701168 7.99680056557777E-5
81041823 0.1619263169271182 0.16180849146701168 7.99680056557777E-5
81047823 0.1619359804089235 0.16180849146701168 7.99680056557777E-5
81053823 0.1619524430493217 0.16180849146701168 7.99680056557777E-5
81059823 0.1619204517323153 0.16180849146701168 7.960814963032671E-5
81065823 0.16196186914458055 0.16180849146701168 7.960814963032671E-5
81071823 0.1619848270229827 0.16180849146701168 7.960814963032671E-5
81077823 0.1619448516519582 0.16180849146701168 7.960814963032671E-5
81083823 0.16205574112185075 0.16180849146701168 7.924991295699024E-5
81089823 0.16191786994372612 0.16180849146701168 7.924991295699024E-5
81095823 0.16187915549526805 0.16180849146701168 7.924991295699024E-5
81101823 0.1619098688726183 0.16180849146701168 7.924991295699024E-5
81107823 0.1619363461452502 0.16180849146701168 7.924991295699024E-5
81113823 0.16185500411238174 0.16180849146701168 7.889328834868379E-5
81119823 0.1619633075387206 0.16180849146701168 7.889328834868379E-5
81125823 0.1618849047473065 0.16180849146701168 7.889328834868379E-5
81131823 0.16199192242211993 0.16180849146701168 7.853826855111472E-5
81137823 0.1619602557931734 0.16180849146701168 7.853826855111472E-5
81143823 0.16192951448125217 0.16180849146701168 7.818484634263471E-5
81149823 0.16202332821104912 0.16180849146701168 7.818484634263471E-5
81155823 0.16212029608051953 0.16180849146701168 7.783301453409285E-5
81161823 0.16191994161309675 0.16180849146701168 7.783301453409285E-5
81167823 0.16198536739594913 0.16180849146701168 7.783301453409285E-5
81173823 0.16203144119032192 0.16180849146701168 7.783301453409285E-5
81179823 0.16194307256489612 0.16180849146701168 7.748276596868944E-5
81185823 0.1620034705293296 0.16180849146701168 7.748276596868944E-5
81191823 0.16204262945669862 0.16180849146701168 7.713409352183033E-5
81197823 0.16209871974594844 0.16180849146701168 7.713409352183033E-5
81203823 0.16217315727049658 0.16180849146701168 7.67869901009821E-5
81209823 0.16202313321382708 0.16180849146701168 7.67869901009821E-5
81215823 0.1619568335740263 0.16180849146701168 7.67869901009821E-5
81221823 0.16199842358542843 0.16180849146701168 7.67869901009821E-5
81227823 0.1619274633846812 0.16180849146701168 7.67869901009821E-5
81233823 0.16212090323259715 0.16180849146701168 7.67869901009821E-5
81239823 0.16207635149457672 0.16180849146701168 7.644144864552768E-5
81245823 0.16196041065266337 0.16180849146701168 7.644144864552768E-5
81251823 0.1620246832323269 0.16180849146701168 7.644144864552768E-5
81257823 0.16202446342752813 0.16180849146701168 7.60974621266228E-5
81263823 0.16206448383590813 0.16180849146701168 7.60974621266228E-5
81269823 0.16189381716013093 0.16180849146701168 7.60974621266228E-5
81275823 0.16196791703307994 0.16180849146701168 7.60974621266228E-5
81281823 0.1621456422314592 0.16180849146701168 7.60974621266228E-5
81287823 0.16199870841087302 0.16180849146701168 7.5755023547053E-5
81293823 0.16195178163430088 0.16180849146701168 7.5755023547053E-5
81299823 0.16198604368657268 0.16180849146701168 7.5755023547053E-5
81305823 0.1619495701645972 0.16180849146701168 7.541412594109126E-5
81311823 0.16204186780813118 0.16180849146701168 7.541412594109126E-5
81317823 0.16205857593957776 0.16180849146701168 7.507476237435636E-5
81323823 0.1620002565789191 0.16180849146701168 7.507476237435636E-5
81329823 0.16196540479535784 0.16180849146701168 7.507476237435636E-5
81335823 0.16205110595689748 0.16180849146701168 7.473692594367176E-5
81341823 0.16214842094355816 0.16180849146701168 7.473692594367176E-5
81347823 0.16213423758307297 0.16180849146701168 7.440060977692525E-5
81353823 0.16204283080296902 0.16180849146701168 7.440060977692525E-5
81359823 0.162023998741238 0.16180849146701168 7.440060977692525E-5
81365823 0.16202159049621379 0.16180849146701168 7.440060977692525E-5
81371823 0.16202803773009206 0.16180849146701168 7.440060977692525E-5
81377823 0.1618731839474991 0.16180849146701168 7.40658070329291E-5
81383823 0.16190325607556247 0.16180849146701168 7.40658070329291E-5
81389823 0.16187467183433568 0.16180849146701168 7.373251090128092E-5
81395823 0.16195076206002001 0.16180849146701168 7.373251090128092E-5
81401823 0.16188662895035855 0.16180849146701168 7.340071460222517E-5
81407823 0.1619044212662806 0.16180849146701168 7.340071460222517E-5
81413823 0.1620034530855471 0.16180849146701168 7.307041138651516E-5
81419823 0.16194069688564838 0.16180849146701168 7.307041138651516E-5
81425823 0.161969239600053 0.16180849146701168 7.274159453527584E-5
81431823 0.16205234762650042 0.16180849146701168 7.274159453527584E-5
81437823 0.1620055184275664 0.16180849146701168 7.24142573598671E-5
81443823 0.16192221821769673 0.16180849146701168 7.24142573598671E-5
81449823 0.1619919344387881 0.16180849146701168 7.24142573598671E-5
81455823 0.1620102207937399 0.16180849146701168 7.24142573598671E-5
81461823 0.16210345398847023 0.16180849146701168 7.208839320174771E-5
81467823 0.1620185576778614 0.16180849146701168 7.208839320174771E-5
81473823 0.1619101914907558 0.16180849146701168 7.208839320174771E-5
81479823 0.16196185644444755 0.16180849146701168 7.208839320174771E-5
81485823 0.1619294608276064 0.16180849146701168 7.208839320174771E-5
81491823 0.16192171966429889 0.16180849146701168 7.208839320174771E-5
81497823 0.16202394523413544 0.16180849146701168 7.176399543233985E-5
81503823 0.161870888743805 0.16180849146701168 7.176399543233985E-5
81509823 0.16194799149837155 0.16180849146701168 7.176399543233985E-5
81515823 0.1619687923622193 0.16180849146701168 7.144105745289433E-5
81521823 0.16190122139974236 0.16180849146701168 7.144105745289433E-5
81527823 0.16202448958610677 0.16180849146701168 7.144105745289433E-5
81533823 0.16198618116227062 0.16180849146701168 7.11195726943563E-5
81539823 0.16191581041656353 0.16180849146701168 7.11195726943563E-5
81545823 0.1619273722182612 0.16180849146701168 7.11195726943563E-5
81551823 0.1620628776159282 0.16180849146701168 7.11195726943563E-5
81557823 0.16182348603279723 0.1618036669163929 7.079953461723171E-5
81563823 0.16202821875944623 0.1618036669163929 7.079953461723171E-5
81569823 0.16198188682563414 0.1618036669163929 7.048093671145417E-5
81575823 0.1620183387873034 0.1618036669163929 7.048093671145417E-5
81581823 0.16208577585047002 0.1618036669163929 7.016377249625263E-5
81587823 0.1618646501295785 0.1618036669163929 7.016377249625263E-5
81593823 0.1620347054979224 0.1618036669163929 7.016377249625263E-5
81599823 0.16204190796078569 0.1618036669163929 6.98480355200195E-5
81605823 0.16206954253428857 0.1618036669163929 6.98480355200195E-5
81611823 0.16200978005098288 0.1618036669163929 6.98480355200195E-5
81617823 0.16207765889934683 0.1618036669163929 6.98480355200195E-5
81623823 0.162107377344033 0.1618036669163929 6.953371936017942E-5
81629823 0.1620386042077309 0.1618036669163929 6.953371936017942E-5
81635823 0.1619086079152566 0.1618036669163929 6.953371936017942E-5
81641823 0.16185052541806838 0.1618036669163929 6.953371936017942E-5
81647823 0.16198931919162265 0.1618036669163929 6.953371936017942E-5
81653823 0.16202332732453784 0.1618036669163929 6.922081762305862E-5
81659823 0.16207638567169222 0.1618036669163929 6.922081762305862E-5
81665823 0.1620330373246367 0.1618036669163929 6.890932394375486E-5
81671823 0.1618937328964695 0.1618036669163929 6.890932394375486E-5
81677823 0.16184499938339184 0.1618036669163929 6.890932394375486E-5
81683823 0.16187309876355002 0.16179077240956657 6.890932394375486E-5
81689823 0.16196618039483204 0.16179077240956657 6.890932394375486E-5
81695823 0.1619193165154265 0.16179077240956657 6.859923198600797E-5
81701823 0.1618675016762072 0.16179077240956657 6.859923198600797E-5
81707823 0.16193649124271697 0.16179077240956657 6.859923198600797E-5
81713823 0.16185707123055315 0.16179077240956657 6.829053544207094E-5
81719823 0.16189475877452023 0.16179077240956657 6.829053544207094E-5
81725823 0.1618881678035026 0.16179077240956657 6.829053544207094E-5
81731823 0.16190943897785753 0.16179077240956657 6.798322803258163E-5
81737823 0.16194484287949368 0.16179077240956657 6.798322803258163E-5
81743823 0.16187902341802066 0.16179077240956657 6.767730350643501E-5
81749823 0.16193350420106636 0.16179077240956657 6.767730350643501E-5
81755823 0.16190438173272076 0.16179077240956657 6.767730350643501E-5
81761823 0.16192662160951107 0.16179077240956657 6.737275564065606E-5
81767823 0.16187092342128756 0.16179077240956657 6.737275564065606E-5
81773823 0.16197200780176507 0.16179077240956657 6.737275564065606E-5
81779823 0.1619146033849248 0.16179077240956657 6.706957824027312E-5
81785823 0.16183995940836446 0.16179077240956657 6.706957824027312E-5
81791823 0.16193150400191725 0.16179077240956657 6.706957824027312E-5
81797823 0.16196470933928886 0.16179077240956657 6.706957824027312E-5
81803823 0.16192936985365486 0.16179077240956657 6.676776513819189E-5
81809823 0.16198002010736606 0.16179077240956657 6.676776513819189E-5
81815823 0.16187611084515416 0.16179077240956657 6.646731019507003E-5
81821823 0.1619332614400261 0.16179077240956657 6.646731019507003E-5
81827823 0.1619801318217046 0.16179077240956657 6.646731019507003E-5
81833823 0.16199529837667528 0.16179077240956657 6.646731019507003E-5
81839823 0.16182235501455605 0.16179077240956657 6.616820729919221E-5
81845823 0.1619356614135769 0.16179077240956657 6.616820729919221E-5
81851823 0.16188295319125448 0.16179077240956657 6.616820729919221E-5
81857823 0.16191782317530234 0.16179077240956657 6.616820729919221E-5
81863823 0.16195614632297375 0.16179077240956657 6.587045036634585E-5
81869823 0.161822138730491 0.16179077240956657 6.587045036634585E-5
81875823 0.16190534202232348 0.16179077240956657 6.587045036634585E-5
81881823 0.16203430904000093 0.16179077240956657 6.587045036634585E-5
81887823 0.16209112208385137 0.16179077240956657 6.55740333396973E-5
81893823 0.1619785542081563 0.16179077240956657 6.55740333396973E-5
81899823 0.16198559965978127 0.16179077240956657 6.55740333396973E-5
81905823 0.1620330331033579 0.16179077240956657 6.55740333396973E-5
81911823 0.1619328949017094 0.16179077240956657 6.527895018966867E-5
81917823 0.1620382107972425 0.16179077240956657 6.527895018966867E-5
81923823 0.16198557391819235 0.16179077240956657 6.498519491381517E-5
81929823 0.16212719210792564 0.16179077240956657 6.498519491381517E-5
81935823 0.1619524728362469 0.16179077240956657 6.4692761536703E-5
81941823 0.1619488592121331 0.16179077240956657 6.4692761536703E-5
81947823 0.16197433871089617 0.16179077240956657 6.4692761536703E-5
81953823 0.16195213381797974 0.16179077240956657 6.440164410978784E-5
81959823 0.1620753736034786 0.16179077240956657 6.440164410978784E-5
81965823 0.16210617545574152 0.16179077240956657 6.41118367112938E-5
81971823 0.16210224078371407 0.16179077240956657 6.41118367112938E-5
81977823 0.16207927216333476 0.16179077240956657 6.382333344609298E-5
81983823 0.16192034033751015 0.16179077240956657 6.382333344609298E-5
81989823 0.16193069270222082 0.16179077240956657 6.382333344609298E-5
81995823 0.16203874301638163 0.16179077240956657 6.382333344609298E-5
82001823 0.16195439868217462 0.16179077240956657 6.353612844558556E-5
82007823 0.1619771696628913 0.16179077240956657 6.353612844558556E-5
82013823 0.16200372417059145 0.16179077240956657 6.353612844558556E-5
82019823 0.16212068832984905 0.16179077240956657 6.325021586758042E-5
82025823 0.1621213598614632 0.16179077240956657 6.325021586758042E-5
82031823 0.16203484745207364 0.16179077240956657 6.296558989617632E-5
82037823 0.16198406906511484 0.16179077240956657 6.296558989617632E-5
82043823 0.16196964213159856 0.16179077240956657 6.296558989617632E-5
82049823 0.16190304657784566 0.16179077240956657 6.268224474164353E-5
82055823 0.1619359543685883 0.16179077240956657 6.268224474164353E-5
82061823 0.16199353628257268 0.16179077240956657 6.240017464030614E-5
82067823 0.1619306457603441 0.16179077240956657 6.240017464030614E-5
82073823 0.16200449229411037 0.16179077240956657 6.211937385442476E-5
82079823 0.16206181646852585 0.16179077240956657 6.211937385442476E-5
82085823 0.16192512496640804 0.16179077240956657 6.183983667207985E-5
82091823 0.16189045802171523 0.16179077240956657 6.183983667207985E-5
82097823 0.16180722004091405 0.16179077240956657 6.156155740705549E-5
82103823 0.16183604910779026 0.16179077240956657 6.156155740705549E-5
82109823 0.16185778256991493 0.16179077240956657 6.156155740705549E-5
82115823 0.16186067551420055 0.16179077240956657 6.156155740705549E-5
82121823 0.16194840253499657 0.16179077240956657 6.128453039872374E-5
82127823 0.16190278118071022 0.16179077240956657 6.128453039872374E-5
82133823 0.16188657738659518 0.16179077240956657 6.128453039872374E-5
82139823 0.1618292190888005 0.16179077240956657 6.128453039872374E-5
82145823 0.16181513858951527 0.1617857084815991 6.128453039872374E-5
82151823 0.16197059336525402 0.1617857084815991 6.128453039872374E-5
82157823 0.16188062416920232 0.1617857084815991 6.1008750011929484E-5
82163823 0.1618986314370597 0.1617857084815991 6.1008750011929484E-5
82169823 0.1619252277027435 0.1617857084815991 6.1008750011929484E-5
82175823 0.1619148980446072 0.1617857084815991 6.0734210636875805E-5
82181823 0.1619365806175248 0.1617857084815991 6.0734210636875805E-5
82187823 0.16191446940475676 0.1617857084815991 6.046090668900987E-5
82193823 0.1619209524363572 0.1617857084815991 6.046090668900987E-5
82199823 0.16195086014090457 0.1617857084815991 6.046090668900987E-5
82205823 0.1619465706051051 0.1617857084815991 6.018883260890933E-5
82211823 0.16183484589005528 0.1617857084815991 6.018883260890933E-5
82217823 0.16196684269607725 0.1617857084815991 5.991798286216924E-5
82223823 0.1619475171567054 0.1617857084815991 5.991798286216924E-5
82229823 0.16195865260080117 0.1617857084815991 5.964835193928948E-5
82235823 0.1618249045685027 0.1617857084815991 5.964835193928948E-5
82241823 0.16182375493606702 0.1617857084815991 5.964835193928948E-5
82247823 0.16191801446111637 0.1617857084815991 5.964835193928948E-5
82253823 0.16195860452484762 0.1617857084815991 5.937993435556268E-5
82259823 0.16188519246551245 0.1617857084815991 5.937993435556268E-5
82265823 0.16192346703604518 0.1617857084815991 5.9112724650962655E-5
82271823 0.16195497148518112 0.1617857084815991 5.9112724650962655E-5
82277823 0.1620310897646306 0.1617857084815991 5.884671739003333E-5
82283823 0.16195623964589798 0.1617857084815991 5.884671739003333E-5
82289823 0.1619477433916858 0.1617857084815991 5.884671739003333E-5
82295823 0.16187575441426785 0.1617857084815991 5.884671739003333E-5
82301823 0.16184225937409732 0.1617857084815991 5.884671739003333E-5
82307823 0.1618799469180644 0.1617857084815991 5.884671739003333E-5
82313823 0.16189883163804017 0.1617857084815991 5.884671739003333E-5
82319823 0.16193074526420723 0.1617857084815991 5.8581907161778185E-5
82325823 0.16192507887867005 0.1617857084815991 5.8581907161778185E-5
82331823 0.1619953504916734 0.1617857084815991 5.8581907161778185E-5
82337823 0.16187577758521546 0.1617857084815991 5.831828857955019E-5
82343823 0.1619735354893145 0.1617857084815991 5.831828857955019E-5
82349823 0.16190846801620748 0.1617857084815991 5.8055856280942215E-5
82355823 0.1619259066690889 0.1617857084815991 5.8055856280942215E-5
82361823 0.1620034854982731 0.1617857084815991 5.8055856280942215E-5
82367823 0.16194447746382792 0.1617857084815991 5.779460492767798E-5
82373823 0.1619501033895019 0.1617857084815991 5.779460492767798E-5
82379823 0.16195424301698172 0.1617857084815991 5.779460492767798E-5
82385823 0.16184350757861068 0.1617857084815991 5.779460492767798E-5
82391823 0.16190696195664825 0.1617857084815991 5.779460492767798E-5
82397823 0.16192974191910403 0.1617857084815991 5.779460492767798E-5
82403823 0.16189697613579548 0.1617857084815991 5.753452920550343E-5
82409823 0.16193326481957251 0.1617857084815991 5.753452920550343E-5
82415823 0.16189207873609468 0.1617857084815991 5.727562382407867E-5
82421823 0.16182058796218823 0.1617857084815991 5.727562382407867E-5
82427823 0.16193215175156708 0.1617857084815991 5.727562382407867E-5
82433823 0.16188083047384355 0.1617857084815991 5.7017883516870314E-5
82439823 0.16196482391096764 0.1617857084815991 5.7017883516870314E-5
82445823 0.1618398145121774 0.1617857084815991 5.67613030410444E-5
82451823 0.16181430911447045 0.1617857084815991 5.67613030410444E-5
82457823 0.16190980460030904 0.1617857084815991 5.67613030410444E-5
82463823 0.16191324301749577 0.1617857084815991 5.65058771773597E-5
82469823 0.1619740645477094 0.1617857084815991 5.65058771773597E-5
82475823 0.16199375629691604 0.1617857084815991 5.625160073006159E-5
82481823 0.16198482050418947 0.1617857084815991 5.625160073006159E-5
82487823 0.16184169430900933 0.1617857084815991 5.599846852677632E-5
82493823 0.16186498144911707 0.1617857084815991 5.599846852677632E-5
82499823 0.1618589180112355 0.1617857084815991 5.599846852677632E-5
82505823 0.161918241824777 0.1617857084815991 5.5746475418405826E-5
82511823 0.16204265510393873 0.1617857084815991 5.5746475418405826E-5
82517823 0.16193496371227284 0.1617857084815991 5.5495616279023E-5
82523823 0.1619217388653117 0.1617857084815991 5.5495616279023E-5
82529823 0.16197250325413606 0.1617857084815991 5.5495616279023E-5
82535823 0.16187928278840205 0.1617857084815991 5.52458860057674E-5
82541823 0.16186250234990546 0.1617857084815991 5.52458860057674E-5
82547823 0.16192435860198764 0.1617857084815991 5.52458860057674E-5
82553823 0.1619782137277564 0.1617857084815991 5.499727951874145E-5
82559823 0.1619318224902146 0.1617857084815991 5.499727951874145E-5
82565823 0.16197071628088278 0.1617857084815991 5.4749791760907116E-5
82571823 0.1618731063329831 0.1617857084815991 5.4749791760907116E-5
82577823 0.16188765969781793 0.1617857084815991 5.4749791760907116E-5
82583823 0.16182895565231759 0.1617823736785965 5.4749791760907116E-5
82589823 0.16188917040855128 0.1617823736785965 5.4749791760907116E-5
82595823 0.16185226410495715 0.1617823736785965 5.450341769798304E-5
82601823 0.1619390523606141 0.1617823736785965 5.450341769798304E-5
82607823 0.16189390715634924 0.1617823736785965 5.425815231834212E-5
82613823 0.16196843614388556 0.1617823736785965 5.425815231834212E-5
82619823 0.16202525881011742 0.1617823736785965 5.401399063290958E-5
82625823 0.1619106825049469 0.1617823736785965 5.401399063290958E-5
82631823 0.16190137591373918 0.1617823736785965 5.401399063290958E-5
82637823 0.1617602773080577 0.1617602773080577 5.401399063290958E-5
82643823 0.16192414652034062 0.1617602773080577 5.401399063290958E-5
82649823 0.16198845943530898 0.1617602773080577 5.3770927675061485E-5
82655823 0.16201944872403376 0.1617602773080577 5.3770927675061485E-5
82661823 0.16194437138596024 0.1617602773080577 5.352895850052371E-5
82667823 0.16201092625575372 0.1617602773080577 5.352895850052371E-5
82673823 0.16199863825941066 0.1617602773080577 5.328807818727136E-5
82679823 0.16209134225152316 0.1617602773080577 5.328807818727136E-5
82685823 0.1618849494802596 0.1617602773080577 5.3048281835428636E-5
82691823 0.1618323170688094 0.1617602773080577 5.3048281835428636E-5
82697823 0.16190693331091063 0.1617602773080577 5.3048281835428636E-5
82703823 0.1619368778223385 0.1617602773080577 5.280956456716921E-5
82709823 0.1619320155456139 0.1617602773080577 5.280956456716921E-5
82715823 0.16198772324472455 0.1617602773080577 5.280956456716921E-5
82721823 0.16190812574210747 0.1617602773080577 5.280956456716921E-5
82727823 0.16187082431644356 0.1617602773080577 5.2571921526616946E-5
82733823 0.16186854243007384 0.1617602773080577 5.2571921526616946E-5
82739823 0.1618645524499028 0.1617602773080577 5.2571921526616946E-5
82745823 0.1619106580209105 0.1617602773080577 5.2571921526616946E-5
82751823 0.16199157005735082 0.1617602773080577 5.2571921526616946E-5
82757823 0.16185865783739506 0.1617602773080577 5.233534787974717E-5
82763823 0.16182281743243182 0.1617602773080577 5.233534787974717E-5
82769823 0.16180624549244713 0.1617602773080577 5.233534787974717E-5
82775823 0.1618764838044376 0.1617602773080577 5.209983881428831E-5
82781823 0.1618909176268177 0.1617602773080577 5.209983881428831E-5
82787823 0.16185640656515843 0.1617602773080577 5.186538953962401E-5
82793823 0.16182405796075733 0.1617602773080577 5.186538953962401E-5
82799823 0.1618739312671376 0.1617602773080577 5.186538953962401E-5
82805823 0.16185808876828703 0.1617602773080577 5.1631995286695705E-5
82811823 0.161928825073657 0.1617602773080577 5.1631995286695705E-5
82817823 0.16191163704535477 0.1617602773080577 5.139965130790558E-5
82823823 0.16183600373394433 0.1617602773080577 5.139965130790558E-5
82829823 0.16182774629789343 0.1617602773080577 5.139965130790558E-5
82835823 0.16189661969491692 0.1617602773080577 5.139965130790558E-5
82841823 0.16190043589570552 0.1617602773080577 5.1168352877020006E-5
82847823 0.16194333968900296 0.1617602773080577 5.1168352877020006E-5
82853823 0.16195497870262146 0.1617602773080577 5.1168352877020006E-5
82859823 0.16190518372340312 0.1617602773080577 5.1168352877020006E-5
82865823 0.16184054525114222 0.1617602773080577 5.1168352877020006E-5
82871823 0.16184366750930304 0.1617602773080577 5.1168352877020006E-5
82877823 0.16187393342956188 0.1617602773080577 5.1168352877020006E-5
82883823 0.16182338092935764 0.1617602773080577 5.093809528907342E-5
82889823 0.16191508901169932 0.1617602773080577 5.093809528907342E-5
82895823 0.16189360689228846 0.1617602773080577 5.070887386027259E-5
82901823 0.16201153298689203 0.1617602773080577 5.070887386027259E-5
82907823 0.16180913540347067 0.1617602773080577 5.048068392790137E-5
82913823 0.16187456584932194 0.1617602773080577 5.048068392790137E-5
82919823 0.16184506844065338 0.1617602773080577 5.048068392790137E-5
82925823 0.16189644681845114 0.1617602773080577 5.048068392790137E-5
82931823 0.16194393235348103 0.1617602773080577 5.048068392790137E-5
82937823 0.16190195783980818 0.1617602773080577 5.025352085022582E-5
82943823 0.16195262335969587 0.1617602773080577 5.025352085022582E-5
82949823 0.16187792610354432 0.1617602773080577 5.025352085022582E-5
82955823 0.16188371841408364 0.1617602773080577 5.00273800063998E-5
82961823 0.16184492793271338 0.1617602773080577 5.00273800063998E-5
82967823 0.1619063023058978 0.1617602773080577 5.00273800063998E-5
82973823 0.16190325838196476 0.1617602773080577 4.980225679637101E-5
82979823 0.16189162903895712 0.1617602773080577 4.980225679637101E-5
82985823 0.1618844876694863 0.1617602773080577 4.980225679637101E-5
82991823 0.16192080551873714 0.1617602773080577 4.980225679637101E-5
82997823 0.16195507756368302 0.1617602773080577 4.957814664078734E-5
83003823 0.16188643305678957 0.1617602773080577 4.957814664078734E-5
83009823 0.16179292394892344 0.1617602773080577 4.957814664078734E-5
83015823 0.16178577848740122 0.16174433755760353 4.957814664078734E-5
83021823 0.1619008226197851 0.16174433755760353 4.957814664078734E-5
83027823 0.16180580279540005 0.16174433755760353 4.93550449809038E-5
83033823 0.16182024367424475 0.16174433755760353 4.93550449809038E-5
83039823 0.16181950145228113 0.16174433755760353 4.9132947278489736E-5
83045823 0.16192851919926457 0.16174433755760353 4.9132947278489736E-5
83051823 0.16199420366539485 0.16174433755760353 4.891184901573653E-5
83057823 0.1618535283835281 0.16174433755760353 4.891184901573653E-5
83063823 0.16190269762955556 0.16174433755760353 4.891184901573653E-5
83069823 0.16190123261931363 0.16174433755760353 4.891184901573653E-5
83075823 0.1618550475583042 0.16174433755760353 4.869174569516572E-5
83081823 0.16180866261756555 0.16174433755760353 4.869174569516572E-5
83087823 0.16193114566906963 0.16174433755760353 4.869174569516572E-5
83093823 0.16187752084186713 0.16174433755760353 4.847263283953748E-5
83099823 0.16185407076755084 0.16174433755760353 4.847263283953748E-5
83105823 0.1619555023473823 0.16174433755760353 4.847263283953748E-5
83111823 0.1619759432945181 0.16174433755760353 4.825450599175956E-5
83117823 0.16185672194547274 0.16174433755760353 4.825450599175956E-5
83123823 0.16182444563674017 0.16174433755760353 4.825450599175956E-5
83129823 0.16189239725043086 0.16174433755760353 4.825450599175956E-5
83135823 0.16193579592573312 0.16174433755760353 4.803736071479665E-5
83141823 0.16185711312184956 0.16174433755760353 4.803736071479665E-5
83147823 0.16189417639817488 0.16174433755760353 4.782119259158007E-5
83153823 0.16192343596762016 0.16174433755760353 4.782119259158007E-5
83159823 0.16183803229006172 0.16174433755760353 4.760599722491796E-5
83165823 0.16194775231642916 0.16174433755760353 4.760599722491796E-5
83171823 0.16187493640419004 0.16174433755760353 4.739177023740583E-5
83177823 0.161997675374538 0.16174433755760353 4.739177023740583E-5
83183823 0.16199291044976616 0.16174433755760353 4.7178507271337506E-5
83189823 0.1620497534433514 0.16174433755760353 4.7178507271337506E-5
83195823 0.1619131935052472 0.16174433755760353 4.696620398861649E-5
83201823 0.1619549140779142 0.16174433755760353 4.696620398861649E-5
83207823 0.16182040320987276 0.16174433755760353 4.696620398861649E-5
83213823 0.16183599500122123 0.16174433755760353 4.696620398861649E-5
83219823 0.16188396468330815 0.16174433755760353 4.696620398861649E-5
83225823 0.16185085686267286 0.16174433755760353 4.6754856070667716E-5
83231823 0.1618050054813616 0.16174433755760353 4.6754856070667716E-5
83237823 0.1618149232476572 0.16174433755760353 4.6754856070667716E-5
83243823 0.16181387627072974 0.16174433755760353 4.6754856070667716E-5
83249823 0.16184808829544278 0.16174433755760353 4.6544459218349714E-5
83255823 0.161854696237029 0.16174433755760353 4.6544459218349714E-5
83261823 0.16184417881114438 0.16174433755760353 4.6544459218349714E-5
83267823 0.16185832101804978 0.16174433755760353 4.6544459218349714E-5
83273823 0.1618233933853374 0.16174433755760353 4.6544459218349714E-5
83279823 0.16179540100270567 0.16174433755760353 4.633500915186714E-5
83285823 0.16188535687136357 0.16174433755760353 4.633500915186714E-5
83291823 0.16195515123738985 0.16174433755760353 4.612650161068374E-5
83297823 0.16195320350792416 0.16174433755760353 4.612650161068374E-5
83303823 0.16189552285444722 0.16174433755760353 4.5918932353435664E-5
83309823 0.16187975099033836 0.16174433755760353 4.5918932353435664E-5
83315823 0.16185358433890176 0.16174433755760353 4.5918932353435664E-5
83321823 0.16190841398398256 0.16174433755760353 4.5712297157845204E-5
83327823 0.1618190941028589 0.16174433755760353 4.5712297157845204E-5
83333823 0.1618132533927689 0.16174433755760353 4.5712297157845204E-5
83339823 0.16177800211945104 0.16174433755760353 4.5712297157845204E-5
83345823 0.16184466134815073 0.16174433755760353 4.5506591820634906E-5
83351823 0.16183061759620804 0.16174433755760353 4.5506591820634906E-5
83357823 0.16180136118018276 0.16174433755760353 4.530181215744205E-5
83363823 0.1618502499729466 0.16174433755760353 4.530181215744205E-5
83369823 0.16180262424730546 0.16174433755760353 4.509795400273357E-5
83375823 0.16185524126678258 0.16174433755760353 4.509795400273357E-5
83381823 0.16184220245039144 0.16174433755760353 4.509795400273357E-5
83387823 0.1617894620140706 0.16174433755760353 4.489501320972127E-5
83393823 0.16185630184685829 0.16174433755760353 4.489501320972127E-5
83399823 0.16188604305006787 0.16174433755760353 4.469298565027753E-5
83405823 0.16181720160377255 0.16174433755760353 4.469298565027753E-5
83411823 0.1618277590245521 0.16174433755760353 4.469298565027753E-5
83417823 0.16181105941527052 0.16174433755760353 4.469298565027753E-5
83423823 0.1618197493938442 0.16174433755760353 4.449186721485128E-5
83429823 0.16181620892995996 0.16174433755760353 4.449186721485128E-5
83435823 0.16184299522083828 0.16174433755760353 4.449186721485128E-5
83441823 0.16185274850756332 0.16174433755760353 4.429165381238445E-5
83447823 0.1619160176616887 0.16174433755760353 4.429165381238445E-5
83453823 0.16188306433904684 0.16174433755760353 4.409234137022872E-5
83459823 0.16185956516711786 0.16174433755760353 4.409234137022872E-5
83465823 0.16181400223471903 0.16174433755760353 4.409234137022872E-5
83471823 0.1618190876859544 0.16174433755760353 4.409234137022872E-5
83477823 0.16183061759620804 0.16174433755760353 4.3893925834062696E-5
83483823 0.16179389182246065 0.16174433755760353 4.3893925834062696E-5
83489823 0.16182204266752817 0.16174433755760353 4.3893925834062696E-5
83495823 0.16185120990586585 0.16174433755760353 4.3696403167809416E-5
83501823 0.16180568389389416 0.16174433755760353 4.3696403167809416E-5
83507823 0.16184160151359855 0.16174433755760353 4.3696403167809416E-5
83513823 0.16188181887050387 0.16174433755760353 4.3696403167809416E-5
83519823 0.16178831573544478 0.16174433755760353 4.349976935355428E-5
83525823 0.1618214477448141 0.16174433755760353 4.349976935355428E-5
83531823 0.16178720381832176 0.16174433755760353 4.349976935355428E-5
83537823 0.16181295113344982 0.16174433755760353 4.330402039146329E-5
83543823 0.16181059292376462 0.16174433755760353 4.330402039146329E-5
83549823 0.16175881807944026 0.16174433755760353 4.330402039146329E-5
83555823 0.16184879993589024 0.16174433755760353 4.330402039146329E-5
83561823 0.1618099501623336 0.1617360801215527 4.310915229970171E-5
83567823 0.16183027943322428 0.1617360801215527 4.310915229970171E-5
83573823 0.16183436951313296 0.1617360801215527 4.291516111435305E-5
83579823 0.16180820286169637 0.1617360801215527 4.291516111435305E-5
83585823 0.16185601203733174 0.1617360801215527 4.291516111435305E-5
83591823 0.16190626256185023 0.1617360801215527 4.2722042889338465E-5
83597823 0.16190160068017137 0.1617360801215527 4.2722042889338465E-5
83603823 0.16181621640304283 0.1617360801215527 4.252979369633644E-5
83609823 0.16181621640304283 0.1617360801215527 4.252979369633644E-5
83615823 0.16180569150407534 0.1617360801215527 4.233840962470293E-5
83621823 0.16183324503527377 0.1617360801215527 4.233840962470293E-5
83627823 0.16187342363832893 0.1617360801215527 4.233840962470293E-5
83633823 0.1618757662378609 0.1617360801215527 4.214788678139177E-5
83639823 0.1618966331395515 0.1617360801215527 4.214788678139177E-5
83645823 0.16183924316769335 0.1617360801215527 4.195822129087551E-5
83651823 0.16187254200771217 0.1617360801215527 4.195822129087551E-5
83657823 0.16186307903218627 0.1617360801215527 4.1769409295066575E-5
83663823 0.16187154194107267 0.1617360801215527 4.1769409295066575E-5
83669823 0.1618443909685211 0.1617360801215527 4.1769409295066575E-5
83675823 0.16177433789001625 0.1617360801215527 4.158144695323878E-5
83681823 0.1618118206999424 0.1617360801215527 4.158144695323878E-5
83687823 0.1617902650359827 0.1617360801215527 4.158144695323878E-5
83693823 0.16189564881843652 0.1617360801215527 4.158144695323878E-5
83699823 0.16184601308155516 0.1617360801215527 4.1394330441949205E-5
83705823 0.16182387699441597 0.1617360801215527 4.1394330441949205E-5
83711823 0.16180798715518635 0.1617360801215527 4.1208055954960435E-5
83717823 0.16172548907315154 0.16172548907315154 4.1208055954960435E-5
83723823 0.16179911292473567 0.16172548907315154 4.1208055954960435E-5
83729823 0.16181434484068954 0.16172548907315154 4.1208055954960435E-5
83735823 0.16183506410323606 0.16172548907315154 4.1022619703163115E-5
83741823 0.1617718960865367 0.16172548907315154 4.1022619703163115E-5
83747823 0.16184800171749952 0.16172548907315154 4.1022619703163115E-5
83753823 0.16179200558428825 0.16172548907315154 4.083801791449888E-5
83759823 0.1618109182663198 0.16172548907315154 4.083801791449888E-5
83765823 0.1618213906424944 0.16172548907315154 4.065424683388364E-5
83771823 0.1618384565931255 0.16172548907315154 4.065424683388364E-5
83777823 0.16182282434462905 0.16172548907315154 4.047130272313117E-5
83783823 0.16180034359968273 0.16172548907315154 4.047130272313117E-5
83789823 0.1617881070384057 0.16172548907315154 4.028918186087708E-5
83795823 0.16185110308028494 0.16172548907315154 4.028918186087708E-5
83801823 0.16178133158914426 0.16172548907315154 4.010788054250314E-5
83807823 0.16177284694479216 0.16172548907315154 4.010788054250314E-5
83813823 0.16178835504071593 0.16172548907315154 4.010788054250314E-5
83819823 0.16176990330422023 0.16172548907315154 3.992739508006187E-5
83825823 0.16176849398682727 0.16172548907315154 3.992739508006187E-5
83831823 0.16177480513034526 0.16172548907315154 3.992739508006187E-5
83837823 0.1617947680598864 0.16172548907315154 3.992739508006187E-5
83843823 0.16187610264969995 0.16172548907315154 3.97477218022016E-5
83849823 0.16180290044645484 0.16172548907315154 3.97477218022016E-5
83855823 0.16179057393119362 0.16172548907315154 3.97477218022016E-5
83861823 0.16176154124239 0.16172548907315154 3.97477218022016E-5
83867823 0.161789381913234 0.16172548907315154 3.97477218022016E-5
83873823 0.16182036341807338 0.16172548907315154 3.956885705409169E-5
83879823 0.1618640593060064 0.16172548907315154 3.956885705409169E-5
83885823 0.16182268247408163 0.16172548907315154 3.9390797197348276E-5
83891823 0.16175566140303133 0.16172548907315154 3.9390797197348276E-5
83897823 0.1618323431678665 0.16172548907315154 3.9390797197348276E-5
83903823 0.1618519462524492 0.16172548907315154 3.9390797197348276E-5
83909823 0.16188137636036537 0.16172548907315154 3.921353860996021E-5
83915823 0.16181843693773929 0.16172548907315154 3.921353860996021E-5
83921823 0.161814039437442 0.16172548907315154 3.90370776862154E-5
83927823 0.16181665135982337 0.16172548907315154 3.90370776862154E-5
83933823 0.16179154922292868 0.16172548907315154 3.90370776862154E-5
83939823 0.16178048557572317 0.16172548907315154 3.90370776862154E-5
83945823 0.16179506793386214 0.16172548907315154 3.8861410836627426E-5
83951823 0.16179546519698415 0.16172548907315154 3.8861410836627426E-5
83957823 0.16182983790187738 0.16172548907315154 3.8861410836627426E-5
83963823 0.16181909422008314 0.16172548907315154 3.868653448786261E-5
83969823 0.16185142807093716 0.16172548907315154 3.868653448786261E-5
83975823 0.16189668170099542 0.16172548907315154 3.851244508266723E-5
83981823 0.16179971306716903 0.16172548907315154 3.851244508266723E-5
83987823 0.16185901336452796 0.16172548907315154 3.851244508266723E-5
83993823 0.1618739252466149 0.16172548907315154 3.851244508266723E-5
83999823 0.16185271264512446 0.16172548907315154 3.833913907979523E-5
84005823 0.1618040777969361 0.16172548907315154 3.833913907979523E-5
84011823 0.16179344161322742 0.16172548907315154 3.833913907979523E-5
84017823 0.1618880059964679 0.16172548907315154 3.833913907979523E-5
84023823 0.16181198478182984 0.16172548907315154 3.816661295393615E-5
84029823 0.16181407000409886 0.16172548907315154 3.816661295393615E-5
84035823 0.16181422614869245 0.16172548907315154 3.816661295393615E-5
84041823 0.16184173606313262 0.16172548907315154 3.816661295393615E-5
84047823 0.16183010148786406 0.16172548907315154 3.799486319564344E-5
84053823 0.16190957579333448 0.16172548907315154 3.799486319564344E-5
84059823 0.16185568389483473 0.16172548907315154 3.782388631126304E-5
84065823 0.16183228659855825 0.16172548907315154 3.782388631126304E-5
84071823 0.16182983765893175 0.16172548907315154 3.782388631126304E-5
84077823 0.1618089548243349 0.16172548907315154 3.765367882286236E-5
84083823 0.16186041695998274 0.16172548907315154 3.765367882286236E-5
84089823 0.16186939051894034 0.16172548907315154 3.748423726815948E-5
84095823 0.16183513635005364 0.16172548907315154 3.748423726815948E-5
84101823 0.16181121481416863 0.16172548907315154 3.748423726815948E-5
84107823 0.16181554346862967 0.16172548907315154 3.748423726815948E-5
84113823 0.16176879709325215 0.16172548907315154 3.748423726815948E-5
84119823 0.16184928137741286 0.16172548907315154 3.748423726815948E-5
84125823 0.16183451304190463 0.16172548907315154 3.7315558200452763E-5
84131823 0.16191916244594173 0.16172548907315154 3.7315558200452763E-5
84137823 0.16185247367097264 0.16172548907315154 3.714763818855073E-5
84143823 0.1618552180929526 0.16172548907315154 3.714763818855073E-5
84149823 0.16184377479261516 0.16172548907315154 3.714763818855073E-5
84155823 0.1617945112942485 0.16172548907315154 3.714763818855073E-5
84161823 0.16180176924854336 0.16172548907315154 3.714763818855073E-5
84167823 0.16179887246660055 0.16172548907315154 3.714763818855073E-5
84173823 0.1617829607556852 0.16172548907315154 3.698047381670225E-5
84179823 0.1617966140738845 0.16172548907315154 3.698047381670225E-5
84185823 0.16178656506196912 0.16172548907315154 3.681406168452709E-5
84191823 0.16182668638492165 0.16172548907315154 3.681406168452709E-5
84197823 0.1618297636427405 0.16172548907315154 3.681406168452709E-5
84203823 0.16184665580421986 0.16172548907315154 3.664839840694672E-5
84209823 0.1618106553967413 0.16172548907315154 3.664839840694672E-5
84215823 0.16180570585090848 0.16172548907315154 3.664839840694672E-5
84221823 0.16181513678591436 0.16172548907315154 3.664839840694672E-5
84227823 0.16182687744509705 0.16172548907315154 3.664839840694672E-5
84233823 0.1618539825647114 0.16172548907315154 3.664839840694672E-5
84239823 0.1618539825647114 0.16172548907315154 3.6483480614115464E-5
84245823 0.16185700221640517 0.16172548907315154 3.6483480614115464E-5
84251823 0.16185774443836878 0.16172548907315154 3.6483480614115464E-5
84257823 0.1618528378513968 0.16172548907315154 3.6483480614115464E-5
84263823 0.16181856401883996 0.16172548907315154 3.631930495135195E-5
84269823 0.16178913391092378 0.16172548907315154 3.631930495135195E-5
84275823 0.1618230061146871 0.16172548907315154 3.631930495135195E-5
84281823 0.1617967944135405 0.16172548907315154 3.615586807907087E-5
84287823 0.16181885693464018 0.16172548907315154 3.615586807907087E-5
84293823 0.16176213564466893 0.16172548907315154 3.615586807907087E-5
84299823 0.16176394238117445 0.16172548907315154 3.615586807907087E-5
84305823 0.16179552402844719 0.16172548907315154 3.615586807907087E-5
84311823 0.16179120936054495 0.16172548907315154 3.599316667271505E-5
84317823 0.1617932070012353 0.16172548907315154 3.599316667271505E-5
84323823 0.16175623672371575 0.16172548907315154 3.583119742268783E-5
84329823 0.16175056465449056 0.16172548907315154 3.583119742268783E-5
84335823 0.1618149232476572 0.16172548907315154 3.583119742268783E-5
84341823 0.1618311144480746 0.16172548907315154 3.566995703428574E-5
84347823 0.16178118299854455 0.16172548907315154 3.566995703428574E-5
84353823 0.16174126529751942 0.16172548907315154 3.566995703428574E-5
84359823 0.1617654341522751 0.16172548907315154 3.566995703428574E-5
84365823 0.16177595157815972 0.16172548907315154 3.5509442227631455E-5
84371823 0.16187412598675835 0.16172548907315154 3.5509442227631455E-5
84377823 0.16185659889362417 0.16172548907315154 3.534964973760712E-5
84383823 0.16180673358098613 0.16172548907315154 3.534964973760712E-5
84389823 0.1618216237895761 0.16172548907315154 3.534964973760712E-5
84395823 0.16182577296962303 0.16172548907315154 3.534964973760712E-5
84401823 0.16183751362880572 0.16172548907315154 3.534964973760712E-5
84407823 0.16178725108468286 0.16172548907315154 3.5190576313787884E-5
84413823 0.16176353068801572 0.16172548907315154 3.5190576313787884E-5
84419823 0.16178867046693424 0.16172548907315154 3.5190576313787884E-5
84425823 0.1618119630338225 0.16172548907315154 3.503221872037584E-5
84431823 0.16177841539019297 0.16172548907315154 3.503221872037584E-5
84437823 0.1618389511094527 0.16172548907315154 3.503221872037584E-5
84443823 0.16177091349176656 0.16172548907315154 3.4874573736134155E-5
84449823 0.16177204714435528 0.16172548907315154 3.4874573736134155E-5
84455823 0.16181478209870648 0.16172548907315154 3.4874573736134155E-5
84461823 0.1617881430484108 0.16172548907315154 3.4717638154321554E-5
84467823 0.1617538329724848 0.16172548907315154 3.4717638154321554E-5
84473823 0.16180923867166216 0.16172548907315154 3.4717638154321554E-5
84479823 0.1617662981278351 0.16172548907315154 3.456140878262711E-5
84485823 0.1617549048947129 0.16172548907315154 3.456140878262711E-5
84491823 0.16181513678591436 0.16172548907315154 3.456140878262711E-5
84497823 0.16180141552191082 0.16172548907315154 3.440588244310529E-5
84503823 0.16183242988287794 0.16172548907315154 3.440588244310529E-5
84509823 0.16179657711410717 0.16172548907315154 3.425105597211132E-5
84515823 0.16177576530621013 0.16172548907315154 3.425105597211132E-5
84521823 0.16175920951006537 0.16172548907315154 3.425105597211132E-5
84527823 0.16180110064909628 0.16172548907315154 3.409692622023682E-5
84533823 0.1618013704722008 0.16172548907315154 3.409692622023682E-5
84539823 0.16178356970729227 0.16172548907315154 3.3943490052245755E-5
84545823 0.16176989560499871 0.16172548907315154 3.3943490052245755E-5
84551823 0.1617614109606466 0.16172548907315154 3.3943490052245755E-5
84557823 0.1617613467630671 0.16172548907315154 3.379074434701065E-5
84563823 0.16177740939558102 0.16172548907315154 3.379074434701065E-5
84569823 0.16184696326934822 0.16172548907315154 3.3638685997449105E-5
84575823 0.16178656506196912 0.16172548907315154 3.3638685997449105E-5
84581823 0.1617502222045106 0.16172548907315154 3.3638685997449105E-5
84587823 0.16175793224130705 0.16172548907315154 3.3638685997449105E-5
84593823 0.16176559521114264 0.16172548907315154 3.348731191046059E-5
84599823 0.16176559521114264 0.16172548907315154 3.348731191046059E-5
84605823 0.1618021709742067 0.16172548907315154 3.3336619006863515E-5
84611823 0.16181590927407977 0.16172548907315154 3.3336619006863515E-5
84617823 0.16179929406858132 0.16172548907315154 3.318660422133263E-5
84623823 0.16179502547504937 0.16172548907315154 3.318660422133263E-5
84629823 0.16182332177438627 0.16172548907315154 3.318660422133263E-5
84635823 0.16182827157752858 0.16172548907315154 3.3037264502336634E-5
84641823 0.1618477904410127 0.16172548907315154 3.3037264502336634E-5
84647823 0.16174647901143077 0.16172548907315154 3.288859681207612E-5
84653823 0.16176909489164723 0.16172548907315154 3.288859681207612E-5
84659823 0.16177806813266468 0.16172548907315154 3.288859681207612E-5
84665823 0.16180116513558532 0.16172548907315154 3.274059812642178E-5
84671823 0.16179717701440594 0.16172548907315154 3.274059812642178E-5
84677823 0.16178196010310256 0.16172548907315154 3.259326543485288E-5
84683823 0.1617659926302552 0.16172548907315154 3.259326543485288E-5
84689823 0.16178058867755687 0.16172548907315154 3.259326543485288E-5
84695823 0.16182568872183045 0.16172548907315154 3.259326543485288E-5
84701823 0.1618392834055339 0.16172548907315154 3.244659574039605E-5
84707823 0.1618392834055339 0.16172548907315154 3.244659574039605E-5
84713823 0.16182654539196148 0.16172548907315154 3.230058605956427E-5
84719823 0.16184346954535817 0.16172548907315154 3.230058605956427E-5
84725823 0.16184004045494746 0.16172548907315154 3.215523342229623E-5
84731823 0.16181168226925938 0.16172548907315154 3.215523342229623E-5
84737823 0.16182864722182524 0.16172548907315154 3.215523342229623E-5
84743823 0.16177305046247248 0.16172548907315154 3.20105348718959E-5
84749823 0.16180999444656846 0.16172548907315154 3.20105348718959E-5
84755823 0.1617964704577149 0.16172548907315154 3.20105348718959E-5
84761823 0.16177650752817374 0.16172548907315154 3.20105348718959E-5
84767823 0.16176163087252646 0.16172548907315154 3.186648746497237E-5
84773823 0.16178826992282214 0.16172548907315154 3.186648746497237E-5
84779823 0.16178890944108607 0.16172548907315154 3.172308827137999E-5
84785823 0.16181740955031385 0.16172548907315154 3.172308827137999E-5
84791823 0.1617735888745452 0.16172548907315154 3.1580334374158786E-5
84797823 0.16177422839280914 0.16172548907315154 3.1580334374158786E-5
84803823 0.16181733346057844 0.16172548907315154 3.1580334374158786E-5
84809823 0.16177740939558102 0.16172548907315154 3.143822286947507E-5
84815823 0.16182689918056276 0.16172548907315154 3.143822286947507E-5
84821823 0.16180953102211337 0.16172548907315154 3.1296750866562435E-5
84827823 0.1617373882392637 0.16172548907315154 3.1296750866562435E-5
84833823 0.16174700379774104 0.16172548907315154 3.1296750866562435E-5
84839823 0.1617781130461547 0.16172548907315154 3.1296750866562435E-5
84845823 0.16180770175826117 0.16172548907315154 3.115591548766291E-5
84851823 0.16180770175826117 0.16172548907315154 3.115591548766291E-5
84857823 0.1617804554896961 0.16172548907315154 3.101571386796843E-5
84863823 0.16183019162850992 0.16172548907315154 3.101571386796843E-5
84869823 0.161831570379246 0.16172548907315154 3.087614315556257E-5
84875823 0.16179854868977506 0.16172548907315154 3.087614315556257E-5
84881823 0.16182859997478666 0.16172548907315154 3.073720051136254E-5
84887823 0.16182128413880098 0.16172548907315154 3.073720051136254E-5
84893823 0.16179081440865126 0.16172548907315154 3.073720051136254E-5
84899823 0.16176919435637416 0.16172548907315154 3.059888310906141E-5
84905823 0.16180749063039968 0.16172548907315154 3.059888310906141E-5
84911823 0.16177625378597799 0.16172548907315154 3.0461188135070635E-5
84917823 0.16183809272548177 0.16172548907315154 3.0461188135070635E-5
84923823 0.16184626755183443 0.16172548907315154 3.0324112788462817E-5
84929823 0.1618086626175656 0.16172548907315154 3.0324112788462817E-5
84935823 0.16179301339201363 0.16172548907315154 3.0324112788462817E-5
84941823 0.16181733346057844 0.16172548907315154 3.0324112788462817E-5
84947823 0.16177032800896288 0.16172548907315154 3.0324112788462817E-5
84953823 0.16183223904066182 0.16172548907315154 3.0324112788462817E-5
84959823 0.1617985276637495 0.16172548907315154 3.0187654280914736E-5
84965823 0.16177856473420835 0.16172548907315154 3.0187654280914736E-5
84971823 0.16176340396910172 0.16172548907315154 3.0187654280914736E-5
84977823 0.16176510209913952 0.16172548907315154 3.0187654280914736E-5
84983823 0.16172437729224853 0.16172437729224853 3.0187654280914736E-5
84989823 0.16176188604524105 0.16172296797485558 3.0187654280914736E-5
84995823 0.16180256839331927 0.16172296797485558 3.0187654280914736E-5
85001823 0.16178261608905417 0.16172296797485558 3.005180983665062E-5
85007823 0.16177784322305017 0.16172296797485558 3.005180983665062E-5
85013823 0.16180475209645037 0.16172296797485558 3.005180983665062E-5
85019823 0.16178317317428137 0.16172296797485558 3.005180983665062E-5
85025823 0.16180517304978403 0.16172296797485558 2.9916576692385695E-5
85031823 0.16179355180408636 0.16172296797485558 2.9916576692385695E-5
85037823 0.1617763799321657 0.16172296797485558 2.9916576692385695E-5
85043823 0.16174063555190335 0.16172296797485558 2.9916576692385695E-5
85049823 0.16174819186534667 0.16172296797485558 2.9916576692385695E-5
85055823 0.16179431891835833 0.16172296797485558 2.9916576692385695E-5
85061823 0.16179521016048956 0.16172296797485558 2.9781952097269963E-5
85067823 0.16181070996774877 0.16172296797485558 2.9781952097269963E-5
85073823 0.16182282434462905 0.16172296797485558 2.964793331283225E-5
85079823 0.1618044828708618 0.16172296797485558 2.964793331283225E-5
85085823 0.1617926947676733 0.16172296797485558 2.964793331283225E-5
85091823 0.16182071555819652 0.16172296797485558 2.964793331283225E-5
85097823 0.16179521016048956 0.16172296797485558 2.964793331283225E-5
85103823 0.161803809786945 0.16172296797485558 2.9514517612924506E-5
85109823 0.1617845523020624 0.16172296797485558 2.9514517612924506E-5
85115823 0.16179927565316155 0.16172296797485558 2.9514517612924506E-5
85121823 0.16180621582886023 0.16172296797485558 2.9381702283666346E-5
85127823 0.16177062540923282 0.16172296797485558 2.9381702283666346E-5
85133823 0.1617824135124213 0.16172296797485558 2.9381702283666346E-5
85139823 0.1617601079833482 0.16172296797485558 2.924948462338985E-5
85145823 0.1617824702575889 0.16172296797485558 2.924948462338985E-5
85151823 0.1618397317643587 0.16172296797485558 2.9117861942584597E-5
85157823 0.1618355601931851 0.16172296797485558 2.9117861942584597E-5
85163823 0.16179449456503187 0.16172296797485558 2.898683156384297E-5
85169823 0.1617731382854031 0.16172296797485558 2.898683156384297E-5
85175823 0.16175612812801096 0.16172296797485558 2.898683156384297E-5
85181823 0.16177101508512323 0.16172296797485558 2.898683156384297E-5
85187823 0.16181200224115758 0.16172296797485558 2.8856390821805677E-5
85193823 0.1617810216349248 0.16172296797485558 2.8856390821805677E-5
85199823 0.16179535854059188 0.16172296797485558 2.8856390821805677E-5
85205823 0.16178122528882513 0.16172296797485558 2.8856390821805677E-5
85211823 0.16176466949268037 0.16172296797485558 2.8856390821805677E-5
85217823 0.16180241145166435 0.16172296797485558 2.8856390821805677E-5
85223823 0.16175705643406946 0.16172296797485558 2.8726537063107554E-5
85229823 0.16174653900818484 0.16172296797485558 2.8726537063107554E-5
85235823 0.16179604320582666 0.16172296797485558 2.8726537063107554E-5
85241823 0.16177251459944603 0.16172296797485558 2.8597267646323572E-5
85247823 0.1617408979010467 0.16172296797485558 2.8597267646323572E-5
85253823 0.1617903259896306 0.16172296797485558 2.8597267646323572E-5
85259823 0.16175056465449056 0.16172296797485558 2.8468579941915118E-5
85265823 0.1617873223543283 0.16172296797485558 2.8468579941915118E-5
85271823 0.1617909097666335 0.16172296797485558 2.83404713321765E-5
85277823 0.1617962060902431 0.16172296797485558 2.83404713321765E-5
85283823 0.1617487372071796 0.16172296797485558 2.8212939211181708E-5
85289823 0.1617586334559688 0.16172296797485558 2.8212939211181708E-5
85295823 0.1617615972325962 0.16172296797485558 2.8212939211181708E-5
85301823 0.16174882161096274 0.16172296797485558 2.808598098473139E-5
85307823 0.16173600649903616 0.16172296797485558 2.808598098473139E-5
85313823 0.16177422839280914 0.16172296797485558 2.808598098473139E-5
85319823 0.16177422839280914 0.16172296797485558 2.7959594070300102E-5
85325823 0.16177208960316805 0.16172296797485558 2.7959594070300102E-5
85331823 0.16174653900818484 0.16172296797485558 2.7833775896983753E-5
85337823 0.16174342660952384 0.16172296797485558 2.7833775896983753E-5
85343823 0.1617426170364391 0.16172296797485558 2.7708523905447328E-5
85349823 0.16177240347112568 0.16172296797485558 2.7708523905447328E-5
85355823 0.16175908943741948 0.16172296797485558 2.7583835547872817E-5
85361823 0.16175693789806292 0.16172296797485558 2.7583835547872817E-5
85367823 0.16175908943741948 0.16172296797485558 2.745970828790739E-5
85373823 0.16174434022178968 0.16172296797485558 2.745970828790739E-5
85379823 0.1617741149963369 0.16172296797485558 2.733613960061181E-5
85385823 0.1617857066779982 0.16172296797485558 2.733613960061181E-5
85391823 0.16175629085643684 0.16172296797485558 2.7213126972409056E-5
85397823 0.16177104007206664 0.16172296797485558 2.7213126972409056E-5
85403823 0.16176588756159385 0.16172296797485558 2.7090667901033216E-5
85409823 0.16176588756159385 0.16172296797485558 2.7090667901033216E-5
85415823 0.16175338226766672 0.16172296797485558 2.7090667901033216E-5
85421823 0.16176326017528742 0.16172296797485558 2.7090667901033216E-5
85427823 0.16178560089170713 0.16172296797485558 2.696875989547857E-5
85433823 0.1617539342627606 0.16172296797485558 2.696875989547857E-5
85439823 0.16175286234053252 0.16172296797485558 2.696875989547857E-5
85445823 0.16177810311751628 0.16172296797485558 2.696875989547857E-5
85451823 0.1617614061724208 0.16172296797485558 2.696875989547857E-5
85457823 0.16177826417638383 0.16172296797485558 2.6847400475948917E-5
85463823 0.16176740935533435 0.16172296797485558 2.6847400475948917E-5
85469823 0.1617356241903813 0.16172296797485558 2.672658717380715E-5
85475823 0.16176114382327744 0.16172296797485558 2.672658717380715E-5
85481823 0.16177400384869403 0.16172296797485558 2.660631753152502E-5
85487823 0.16174700379774104 0.16172296797485558 2.660631753152502E-5
85493823 0.16173674872099977 0.16172296797485558 2.660631753152502E-5
85499823 0.1617362764583607 0.16172296797485558 2.660631753152502E-5
85505823 0.16176063637329177 0.16172296797485558 2.660631753152502E-5
85511823 0.16174974233169034 0.16172296797485558 2.6486589102633157E-5
85517823 0.16173953977862027 0.16172296797485558 2.6486589102633157E-5
85523823 0.1617402968280338 0.16172296797485558 2.6486589102633157E-5
85529823 0.16175644930139757 0.16172296797485558 2.6486589102633157E-5
85535823 0.16175115297778797 0.16172296797485558 2.636739945167131E-5
85541823 0.16175544330678562 0.16172296797485558 2.636739945167131E-5
85547823 0.161739083756855 0.16172296797485558 2.6248746154138787E-5
85553823 0.16174337408585265 0.16172296797485558 2.6248746154138787E-5
85559823 0.16174337408585265 0.16172296797485558 2.6248746154138787E-5
85565823 0.161748413115134 0.16172296797485558 2.6130626796445163E-5
85571823 0.16175056465449056 0.16172296797485558 2.6130626796445163E-5
85577823 0.16174994614158122 0.16172296797485558 2.6130626796445163E-5
85583823 0.1617405006379247 0.16172296797485558 2.6130626796445163E-5
85589823 0.16174894014696928 0.16172296797485558 2.601303897586116E-5
85595823 0.16175900416353514 0.16172296797485558 2.601303897586116E-5
85601823 0.16174582774830829 0.16172296797485558 2.601303897586116E-5
85607823 0.16174479096692235 0.16172296797485558 2.5895980300469786E-5
85613823 0.16173723731766512 0.16172296797485558 2.5895980300469786E-5
85619823 0.16175719758302018 0.16172296797485558 2.5779448389117673E-5
85625823 0.16175286234053252 0.16172296797485558 2.5779448389117673E-5
85631823 0.16173004936147373 0.16172296797485558 2.5779448389117673E-5
85637823 0.16172687081337908 0.16172296797485558 2.5779448389117673E-5
85643823 0.16173116114237673 0.16172296797485558 2.5779448389117673E-5
85649823 0.16174167856826135 0.16172296797485558 2.5779448389117673E-5
85655823 0.16175082186409961 0.16172296797485558 2.5663440871366644E-5
85661823 0.1617356241903813 0.16172296797485558 2.5663440871366644E-5
85667823 0.16175812857811506 0.16172296797485558 2.5663440871366644E-5
85673823 0.16173004936147373 0.16172296797485558 2.5547955387445495E-5
85679823 0.16173966491995106 0.16172296797485558 2.5547955387445495E-5
85685823 0.1617353745909534 0.16172296797485558 2.5547955387445495E-5
85691823 0.1617413764451623 0.16172296797485558 2.5547955387445495E-5
85697823 0.1617276406125081 0.16172296797485558 2.543298958820199E-5
85703823 0.16175705643406946 0.16172296797485558 2.543298958820199E-5
85709823 0.16173842272108466 0.16172296797485558 2.5318541135055084E-5
85715823 0.1617305216241128 0.16172296797485558 2.5318541135055084E-5
85721823 0.16175159166322864 0.16172296797485558 2.5318541135055084E-5
85727823 0.16175159166322864 0.16172296797485558 2.5204607699947338E-5
85733823 0.16172866762124619 0.16172296797485558 2.5204607699947338E-5
85739823 0.16174004722860594 0.16172296797485558 2.5204607699947338E-5
85745823 0.16175705643406946 0.16172296797485558 2.5204607699947338E-5
85751823 0.1617360801215527 0.16172296797485558 2.5091186965297578E-5
85757823 0.16174464981797163 0.16172296797485558 2.5091186965297578E-5
85763823 0.16174142635638697 0.16172296797485558 2.497827662395374E-5
85769823 0.16173996712776934 0.16172296797485558 2.497827662395374E-5
85775823 0.1617436889586672 0.16172296797485558 2.486587437914595E-5
85781823 0.16174244836739038 0.16172296797485558 2.486587437914595E-5
85787823 0.1617391850471308 0.16172296797485558 2.4753977944439796E-5
85793823 0.16174882161096274 0.16172296797485558 2.4753977944439796E-5
85799823 0.16175112407191788 0.16172296797485558 2.4642585043689816E-5
85805823 0.16174994614158122 0.16172296797485558 2.4642585043689816E-5
85811823 0.1617405006379247 0.16172296797485558 2.4642585043689816E-5
85817823 0.16174077936504017 0.16172296797485558 2.4642585043689816E-5
85823823 0.1617491553370976 0.16172296797485558 2.4642585043689816E-5
85829823 0.16174808341486951 0.16172296797485558 2.4642585043689816E-5
85835823 0.1617353745909534 0.16172296797485558 2.4642585043689816E-5
85841823 0.16173841524800178 0.16172296797485558 2.4642585043689816E-5
85847823 0.16175516480148766 0.16172296797485558 2.4531693410993212E-5
85853823 0.16175793224130705 0.16172296797485558 2.4531693410993212E-5
85859823 0.16174552562520922 0.16172296797485558 2.4531693410993212E-5
85865823 0.16176844966719167 0.16172296797485558 2.4531693410993212E-5
85871823 0.16174960118273962 0.16172296797485558 2.4421300790643744E-5
85877823 0.161748413115134 0.16172296797485558 2.4421300790643744E-5
85883823 0.16174023828878134 0.16172296797485558 2.4421300790643744E-5
85889823 0.16173392858219612 0.16172296797485558 2.4311404937085848E-5
85895823 0.16174848673765052 0.16172296797485558 2.4311404937085848E-5
85901823 0.1617593139815346 0.16172296797485558 2.4202003614868963E-5
85907823 0.16176275002080107 0.16172296797485558 2.4202003614868963E-5
85913823 0.16174653153510196 0.16172296797485558 2.4093094598602055E-5
85919823 0.16175609557476503 0.16172296797485558 2.4093094598602055E-5
85925823 0.16175823436440612 0.16172296797485558 2.4093094598602055E-5
85931823 0.1617373882392637 0.16172296797485558 2.3984675672908346E-5
85937823 0.1617445312819651 0.16172296797485558 2.3984675672908346E-5
85943823 0.16173841524800178 0.16172296797485558 2.3984675672908346E-5
85949823 0.161753185981138 0.16172296797485558 2.3984675672908346E-5
85955823 0.16175082186409961 0.16172296797485558 2.3876744632380258E-5
85961823 0.16174374047748147 0.16172296797485558 2.3876744632380258E-5
85967823 0.1617624189071127 0.16172296797485558 2.3876744632380258E-5
85973823 0.16175082186409961 0.16172296797485558 2.3769299281534548E-5
85979823 0.16174964393376295 0.16172296797485558 2.3769299281534548E-5
85985823 0.16174245597757156 0.16172296797485558 2.3662337434767643E-5
85991823 0.16174077670085407 0.16172296797485558 2.3662337434767643E-5
85997823 0.16175163152190355 0.16172296797485558 2.3555856916311188E-5
86003823 0.16173467080415974 0.16172296797485558 2.3555856916311188E-5
86009823 0.1617436889586672 0.16172296797485558 2.344985556018779E-5
86015823 0.16176038590376268 0.16172296797485558 2.344985556018779E-5
86021823 0.16174518823004436 0.16172296797485558 2.3344331210166944E-5
86027823 0.16173193094150576 0.16172296797485558 2.3344331210166944E-5
86033823 0.1617401556790831 0.16172296797485558 2.3344331210166944E-5
86039823 0.16173198085273044 0.16172296797485558 2.3344331210166944E-5
86045823 0.16174142635638697 0.16172296797485558 2.3239281719721193E-5
86051823 0.16176435039836942 0.16172296797485558 2.3239281719721193E-5
86057823 0.1617666430866767 0.16172296797485558 2.313470495198245E-5
86063823 0.1617443375576036 0.16172296797485558 2.313470495198245E-5
86069823 0.16174107423734402 0.16172296797485558 2.313470495198245E-5
86075823 0.16173697496852177 0.16172296797485558 2.313470495198245E-5
86081823 0.161747301334231 0.16172296797485558 2.313470495198245E-5
86087823 0.16172456835242394 0.16172296797485558 2.3030598779698528E-5
86093823 0.16172687081337908 0.16172296797485558 2.3030598779698528E-5
86099823 0.1617489852822768 0.16172296797485558 2.3030598779698528E-5
86105823 0.16176435039836942 0.16172296797485558 2.2926961085189887E-5
86111823 0.16176844966719167 0.16172296797485558 2.2926961085189887E-5
86117823 0.16175256229518092 0.16172296797485558 2.2823789760306534E-5
86123823 0.16176435039836942 0.16172296797485558 2.2823789760306534E-5
86129823 0.16174337408585265 0.16172296797485558 2.2721082706385155E-5
86135823 0.1617662981278351 0.16172296797485558 2.2721082706385155E-5
86141823 0.1617465975474373 0.16172296797485558 2.2721082706385155E-5
86147823 0.16175163152190355 0.16172296797485558 2.2721082706385155E-5
86153823 0.16174060664603326 0.16172296797485558 2.2618837834206424E-5
86159823 0.16175313446232373 0.16172296797485558 2.2618837834206424E-5
86165823 0.1617436889586672 0.16172296797485558 2.25170530639525E-5
86171823 0.16175409532162816 0.16172296797485558 2.25170530639525E-5
86177823 0.16175604305109384 0.16172296797485558 2.2415726325164714E-5
86183823 0.16175604305109384 0.16172296797485558 2.2415726325164714E-5
86189823 0.16174357789574353 0.16172296797485558 2.2314855556701473E-5
86195823 0.16175149037295283 0.16172296797485558 2.2314855556701473E-5
86201823 0.16175598451184137 0.16172296797485558 2.2314855556701473E-5
86207823 0.16174357789574353 0.16172296797485558 2.2214438706696318E-5
86213823 0.16175149037295283 0.16172296797485558 2.2214438706696318E-5
86219823 0.161744925880901 0.16172296797485558 2.2114473732516186E-5
86225823 0.16175082186409961 0.16172296797485558 2.2114473732516186E-5
86231823 0.16176122822706057 0.16172296797485558 2.2014958600719863E-5
86237823 0.16174882161096274 0.16172296797485558 2.2014958600719863E-5
86243823 0.16173596158554615 0.16172296797485558 2.2014958600719863E-5
86249823 0.16174633519829396 0.16172296797485558 2.2014958600719863E-5
86255823 0.16173198085273044 0.16172296797485558 2.1915891287016623E-5
86261823 0.16174404268529974 0.16172296797485558 2.1915891287016623E-5
86267823 0.16172822893580552 0.16172296797485558 2.181726977622505E-5
86273823 0.1617401556790831 0.16172296797485558 2.181726977622505E-5
86279823 0.16173834909856813 0.16172296797485558 2.181726977622505E-5
86285823 0.1617540851843592 0.16172296797485558 2.1719092062232037E-5
86291823 0.16173401385608047 0.16172296797485558 2.1719092062232037E-5
86297823 0.16173401385608047 0.16172296797485558 2.1621356147951993E-5
86303823 0.16173601410921734 0.16172296797485558 2.1621356147951993E-5
86309823 0.16175159166322864 0.16172296797485558 2.152406004528621E-5
86315823 0.16175286234053252 0.16172296797485558 2.152406004528621E-5
86321823 0.16174045572443468 0.16172296797485558 2.1427201775082425E-5
86327823 0.16172296797485558 0.16172296797485558 2.1427201775082425E-5
86333823 0.16173133386138364 0.16172081643549902 2.1427201775082425E-5
86339823 0.1617327431787766 0.16172081643549902 2.1427201775082425E-5
86345823 0.1617345522681532 0.16172081643549902 2.1330779367094554E-5
86351823 0.16174293090439673 0.16172081643549902 2.1330779367094554E-5
86357823 0.1617324134785121 0.16172081643549902 2.123479085994263E-5
86363823 0.1617236074931195 0.16172081643549902 2.123479085994263E-5
86369823 0.16174357042266066 0.16172081643549902 2.113923430107289E-5
86375823 0.1617559770387585 0.16172081643549902 2.113923430107289E-5
86381823 0.16174683374292023 0.16172081643549902 2.1044107746718063E-5
86387823 0.1617483330142974 0.16172081643549902 2.1044107746718063E-5
86393823 0.16173596158554615 0.16172081643549902 2.1044107746718063E-5
86399823 0.16174045572443468 0.16172081643549902 2.1044107746718063E-5
86405823 0.1617391850471308 0.16172081643549902 2.094940926185783E-5
86411823 0.1617288586814216 0.16172081643549902 2.094940926185783E-5
86417823 0.16174647901143077 0.16172081643549902 2.085513692017947E-5
86423823 0.1617588856275286 0.16172081643549902 2.085513692017947E-5
86429823 0.16174836820164398 0.16172081643549902 2.0761288804038664E-5
86435823 0.16174482009460994 0.16172081643549902 2.0761288804038664E-5
86441823 0.16174808341486951 0.16172081643549902 2.0761288804038664E-5
86447823 0.16176488881044215 0.16172081643549902 2.066786300442049E-5
86453823 0.16176704034979872 0.16172081643549902 2.066786300442049E-5
86459823 0.16175437138455753 0.16172081643549902 2.05748576209006E-5
86465823 0.1617477169385215 0.16172081643549902 2.05748576209006E-5
86471823 0.1617477169385215 0.16172081643549902 2.05748576209006E-5
86477823 0.16175437138455753 0.16172081643549902 2.0482270761606547E-5
86483823 0.1617316712565485 0.16172081643549902 2.0482270761606547E-5
86489823 0.16175747631013565 0.16172081643549902 2.0482270761606547E-5
86495823 0.161747301334231 0.16172081643549902 2.039010054317932E-5
86501823 0.161753185981138 0.16172081643549902 2.039010054317932E-5
86507823 0.16176844966719167 0.16172081643549902 2.029834509073501E-5
86513823 0.16176864072736707 0.16172081643549902 2.029834509073501E-5
86519823 0.16175812330148245 0.16172081643549902 2.0207002537826704E-5
86525823 0.1617520849312223 0.16172081643549902 2.0207002537826704E-5
86531823 0.16175504604366361 0.16172081643549902 2.0116071026406485E-5
86537823 0.16176353068801572 0.16172081643549902 2.0116071026406485E-5
86543823 0.16173116114237673 0.16172081643549902 2.0116071026406485E-5
86549823 0.16173004936147373 0.16172081643549902 2.0116071026406485E-5
86555823 0.16175327561127445 0.16172081643549902 2.0116071026406485E-5
86561823 0.16174383010761792 0.16172081643549902 2.0025548706787657E-5
86567823 0.16175327561127445 0.16172081643549902 2.0025548706787657E-5
86573823 0.1617478682247412 0.16172081643549902 1.9935433737607115E-5
86579823 0.1617394287156966 0.16172081643549902 1.9935433737607115E-5
86585823 0.16174407787264633 0.16172081643549902 1.9935433737607115E-5
86591823 0.16172456835242394 0.16172081643549902 1.9845724285787884E-5
86597823 0.16175674683788752 0.16172081643549902 1.9845724285787884E-5
86603823 0.16175674683788752 0.16172081643549902 1.9845724285787884E-5
86609823 0.16175674683788752 0.16172081643549902 1.9756418526501838E-5
86615823 0.16172837008475624 0.16172081643549902 1.9756418526501838E-5
86621823 0.1617345522681532 0.16172081643549902 1.9756418526501838E-5
86627823 0.16172789782211716 0.16172081643549902 1.966751464313258E-5
86633823 0.16173723731766512 0.16172081643549902 1.966751464313258E-5
86639823 0.1617509731503193 0.16172081643549902 1.9579010827238486E-5
86645823 0.16174244836739038 0.16172081643549902 1.9579010827238486E-5
86651823 0.16174479096692235 0.16172081643549902 1.9490905278515912E-5
86657823 0.16174479096692235 0.16172081643549902 1.9490905278515912E-5
86663823 0.1617509731503193 0.16172081643549902 1.9490905278515912E-5
86669823 0.1617391850471308 0.16172081643549902 1.940319620476259E-5
86675823 0.1617267198917805 0.16172081643549902 1.940319620476259E-5
86681823 0.16173467080415974 0.16172081643549902 1.940319620476259E-5
86687823 0.16173251926480317 0.16172081643549902 1.940319620476259E-5
86693823 0.16173427354103773 0.16172081643549902 1.931588182184116E-5
86699823 0.16175544330678562 0.16172081643549902 1.931588182184116E-5
86705823 0.16174552562520922 0.16172081643549902 1.9228960353642878E-5
86711823 0.1617491104236076 0.16172081643549902 1.9228960353642878E-5
86717823 0.16175051974100055 0.16172081643549902 1.9228960353642878E-5
86723823 0.16176103716688517 0.16172081643549902 1.9142430032051486E-5
86729823 0.16175533752049456 0.16172081643549902 1.9142430032051486E-5
86735823 0.1617559770387585 0.16172081643549902 1.9142430032051486E-5
86741823 0.16174218601824703 0.16172081643549902 1.9142430032051486E-5
86747823 0.1617297794021492 0.16172081643549902 1.9142430032051486E-5
86753823 0.1617401556790831 0.16172081643549902 1.9142430032051486E-5
86759823 0.16172822893580552 0.16172081643549902 1.9056289096907256E-5
86765823 0.16175223259491645 0.16172081643549902 1.9056289096907256E-5
86771823 0.16174894014696928 0.16172081643549902 1.8970535795971175E-5
86777823 0.1617613467630671 0.16172081643549902 1.8970535795971175E-5
86783823 0.16174986847787806 0.16172081643549902 1.8970535795971175E-5
86789823 0.16173842272108466 0.16172081643549902 1.8970535795971175E-5
86795823 0.16174218601824703 0.16172081643549902 1.8970535795971175E-5
86801823 0.1617420448692963 0.16172081643549902 1.8885168384889307E-5
86807823 0.16173352525941512 0.16172081643549902 1.8885168384889307E-5
86813823 0.16174357789574353 0.16172081643549902 1.8885168384889307E-5
86819823 0.16172548907315154 0.16172081643549902 1.8800185127157307E-5
86825823 0.1617538329724848 0.16172081643549902 1.8800185127157307E-5
86831823 0.16174142635638697 0.16172081643549902 1.87155842940851E-5
86837823 0.16172963825319847 0.16172081643549902 1.87155842940851E-5
86843823 0.1617375133805945 0.16172081643549902 1.87155842940851E-5
86849823 0.1617375133805945 0.16172081643549902 1.87155842940851E-5
86855823 0.16173004936147373 0.16172081643549902 1.863136416476172E-5
86861823 0.16173427354103773 0.16172081643549902 1.863136416476172E-5
86867823 0.16174275818538983 0.16172081643549902 1.854752302602029E-5
86873823 0.16173116114237673 0.16172081643549902 1.854752302602029E-5
86879823 0.16172687081337908 0.16172081643549902 1.8464059172403202E-5
86885823 0.16173133386138364 0.16172081643549902 1.8464059172403202E-5
86891823 0.16173352525941512 0.16172081643549902 1.8464059172403202E-5
86897823 0.16173648637185642 0.16172081643549902 1.8380970906127387E-5
86903823 0.16174419640865287 0.16172081643549902 1.8380970906127387E-5
86909823 0.161731019993426 0.16172081643549902 1.8298256537049816E-5
86915823 0.161739083756855 0.16172081643549902 1.8298256537049816E-5
86921823 0.161739083756855 0.16172081643549902 1.821591438263309E-5
86927823 0.1617401556790831 0.16172081643549902 1.8133942767911245E-5
86933823 0.16175705643406946 0.16172081643549902 1.8133942767911245E-5
86939823 0.16175623672371575 0.16172081643549902 1.8052340025455647E-5
86945823 0.16175115297778797 0.16172081643549902 1.8052340025455647E-5
86951823 0.161731019993426 0.16172081643549902 1.8052340025455647E-5
86957823 0.16174249827861506 0.16172081643549902 1.8052340025455647E-5
86963823 0.16175256229518092 0.16172081643549902 1.8052340025455647E-5
86969823 0.16175900416353514 0.16172081643549902 1.7971104495341096E-5
86975823 0.16174444600808074 0.16172081643549902 1.7971104495341096E-5
86981823 0.16172963825319847 0.16172081643549902 1.7971104495341096E-5
86987823 0.16175785861879052 0.16172081643549902 1.7971104495341096E-5
86993823 0.16175459529853095 0.16172081643549902 1.789023452511206E-5
86999823 0.16175018234583569 0.16172081643549902 1.789023452511206E-5
87005823 0.16175178272340404 0.16172081643549902 1.780972846974906E-5
87011823 0.16175327561127445 0.16172081643549902 1.780972846974906E-5
87017823 0.16175527325196482 0.16172081643549902 1.780972846974906E-5
87023823 0.16173830418507812 0.16172081643549902 1.772958469163519E-5
87029823 0.161744528617779 0.16172081643549902 1.772958469163519E-5
87035823 0.1617561256607921 0.16172081643549902 1.772958469163519E-5
87041823 0.16175344566609526 0.16172081643549902 1.772958469163519E-5
87047823 0.16173863791121298 0.16172081643549902 1.764980156052283E-5
87053823 0.16175237374386717 0.16172081643549902 1.764980156052283E-5
87059823 0.16173567679877168 0.16172081643549902 1.757037745350048E-5
87065823 0.1617398259788186 0.16172081643549902 1.757037745350048E-5
87071823 0.16173846785639218 0.16172081643549902 1.7491310754959728E-5
87077823 0.1617236074931195 0.16172081643549902 1.7491310754959728E-5
87083823 0.16172789782211716 0.16172081643549902 1.7491310754959728E-5
87089823 0.16173401385608047 0.16172081643549902 1.7491310754959728E-5
87095823 0.16173703350777424 0.16172081643549902 1.741259985656241E-5
87101823 0.16174218868243312 0.16172081643549902 1.741259985656241E-5
87107823 0.1617478607516583 0.16172081643549902 1.741259985656241E-5
87113823 0.16173953977862027 0.16172081643549902 1.733424315720788E-5
87119823 0.16175705643406946 0.16172081643549902 1.733424315720788E-5
87125823 0.16174464981797163 0.16172081643549902 1.733424315720788E-5
87131823 0.16174797928766485 0.16172081643549902 1.733424315720788E-5
87137823 0.16174230721843966 0.16172081643549902 1.733424315720788E-5
87143823 0.16173178979255504 0.16172081643549902 1.7256239063000446E-5
87149823 0.16175389151173727 0.16172081643549902 1.7256239063000446E-5
87155823 0.16175685262417858 0.16172081643549902 1.7178585987216945E-5
87161823 0.16174518823004436 0.16172081643549902 1.7178585987216945E-5
87167823 0.16175344566609526 0.16172081643549902 1.710128235027447E-5
87173823 0.16174868307445853 0.16172081643549902 1.710128235027447E-5
87179823 0.1617334854007402 0.16172081643549902 1.7024326579698236E-5
87185823 0.16174760354204926 0.16172081643549902 1.7024326579698236E-5
87191823 0.16174960118273962 0.16172081643549902 1.6947717110089594E-5
87197823 0.16173922490580572 0.16172081643549902 1.6947717110089594E-5
87203823 0.16174337408585265 0.16172081643549902 1.6947717110089594E-5
87209823 0.1617419647684597 0.16172081643549902 1.6871452383094193E-5
87215823 0.16177079226672364 0.16172081643549902 1.6871452383094193E-5
87221823 0.16177079226672364 0.16172081643549902 1.679553084737027E-5
87227823 0.1617600101581471 0.16172081643549902 1.6719950958557106E-5
87233823 0.1617483330142974 0.16172081643549902 1.6719950958557106E-5
87239823 0.16173674872099977 0.16172081643549902 1.6719950958557106E-5
87245823 0.16175785861879052 0.16172081643549902 1.6719950958557106E-5
87251823 0.16176864072736707 0.16172081643549902 1.66447111792436E-5
87257823 0.16174857201153486 0.16172081643549902 1.66447111792436E-5
87263823 0.16173697496852177 0.16172081643549902 1.66447111792436E-5
87269823 0.16173949486513026 0.16172081643549902 1.66447111792436E-5
87275823 0.16174589201683803 0.16172081643549902 1.66447111792436E-5
87281823 0.16174152764666277 0.16172081643549902 1.6569809978937004E-5
87287823 0.16173830418507812 0.16172081643549902 1.6569809978937004E-5
87293823 0.1617267198917805 0.16172081643549902 1.649524583403179E-5
87299823 0.16174374047748147 0.16172081643549902 1.649524583403179E-5
87305823 0.16175459529853095 0.16172081643549902 1.6421017227778646E-5
87311823 0.16174023828878134 0.16172081643549902 1.6421017227778646E-5
87317823 0.16175290725402253 0.16172081643549902 1.6421017227778646E-5
87323823 0.16176568222737228 0.16172081643549902 1.6421017227778646E-5
87329823 0.1617333126817333 0.16172081643549902 1.6347122650253643E-5
87335823 0.1617333126817333 0.16172081643549902 1.6347122650253643E-5
87341823 0.1617324134785121 0.16172081643549902 1.6347122650253643E-5
87347823 0.16174293090439673 0.16172081643549902 1.6347122650253643E-5
87353823 0.16174722123339438 0.16172081643549902 1.6273560598327503E-5
87359823 0.16174482009460994 0.16172081643549902 1.6273560598327503E-5
87365823 0.16174857201153486 0.16172081643549902 1.620032957563503E-5
87371823 0.16174572196201722 0.16172081643549902 1.620032957563503E-5
87377823 0.16175860084075414 0.16172081643549902 1.6127428092544672E-5
87383823 0.16173596158554615 0.16172081643549902 1.6127428092544672E-5
87389823 0.16175001229101488 0.16172081643549902 1.6127428092544672E-5
87395823 0.16173830418507812 0.16172081643549902 1.6127428092544672E-5
87401823 0.1617509731503193 0.16172081643549902 1.6127428092544672E-5
87407823 0.1617509731503193 0.16172081643549902 1.6054854666128223E-5
87413823 0.16175693789806292 0.16172081643549902 1.6054854666128223E-5
87419823 0.161753185981138 0.16172081643549902 1.5982607820130646E-5
87425823 0.16174803080647912 0.16172081643549902 1.5982607820130646E-5
87431823 0.16174944012387207 0.16172081643549902 1.5982607820130646E-5
87437823 0.16174944012387207 0.16172081643549902 1.591068608494006E-5
87443823 0.16173101022077815 0.16172081643549902 1.591068608494006E-5
87449823 0.16172725830385323 0.16172081643549902 1.583908799755783E-5
87455823 0.1617443375576036 0.16172081643549902 1.583908799755783E-5
87461823 0.1617666430866767 0.16172081643549902 1.576781210156882E-5
87467823 0.16172222575289197 0.16172081643549902 1.576781210156882E-5
87473823 0.16173966491995106 0.16172081643549902 1.576781210156882E-5
87479823 0.16174695888425103 0.16172081643549902 1.576781210156882E-5
87485823 0.1617391850471308 0.16172081643549902 1.5696856947111762E-5
87491823 0.16173777572973785 0.16172081643549902 1.5696856947111762E-5
87497823 0.1617465975474373 0.16172081643549902 1.562622109084976E-5
87503823 0.16174383010761792 0.16172081643549902 1.562622109084976E-5
87509823 0.1617613467630671 0.16172081643549902 1.5555903095940934E-5
87515823 0.16176704034979872 0.16172081643549902 1.5555903095940934E-5
87521823 0.16174683374292023 0.16172081643549902 1.54859015320092E-5
87527823 0.16176449154732014 0.16172081643549902 1.54859015320092E-5
87533823 0.16174882161096274 0.16172081643549902 1.541621497511516E-5
87539823 0.16174882161096274 0.16172081643549902 1.541621497511516E-5
87545823 0.1617509731503193 0.16172081643549902 1.534684200772714E-5
87551823 0.16173193094150576 0.16172081643549902 1.534684200772714E-5
87557823 0.1617394287156966 0.16172081643549902 1.534684200772714E-5
87563823 0.1617561256607921 0.16172081643549902 1.534684200772714E-5
87569823 0.16175812330148245 0.16172081643549902 1.527778121869237E-5
87575823 0.16176864072736707 0.16172081643549902 1.527778121869237E-5
87581823 0.16175812330148245 0.16172081643549902 1.5209031203208255E-5
87587823 0.16174690736543676 0.16172081643549902 1.5209031203208255E-5
87593823 0.1617447558260802 0.16172081643549902 1.5209031203208255E-5
87599823 0.16173746186178023 0.16172081643549902 1.5209031203208255E-5
87605823 0.1617436889586672 0.16172081643549902 1.514059056279382E-5
87611823 0.16174979485536153 0.16172081643549902 1.514059056279382E-5
87617823 0.16173834909856813 0.16172081643549902 1.5072457905261249E-5
87623823 0.16175719758302018 0.16172081643549902 1.5072457905261249E-5
87629823 0.1617628911697518 0.16172081643549902 1.5004631844687574E-5
87635823 0.16175747631013565 0.16172081643549902 1.5004631844687574E-5
87641823 0.16175747631013565 0.16172081643549902 1.5004631844687574E-5
87647823 0.16176214894778818 0.16172081643549902 1.4937111001386481E-5
87653823 0.1617548549834882 0.16172081643549902 1.4937111001386481E-5
87659823 0.16174944012387207 0.16172081643549902 1.4937111001386481E-5
87665823 0.16174506969403782 0.16172081643549902 1.4937111001386481E-5
87671823 0.16175001229101488 0.16172081643549902 1.4869894001880242E-5
87677823 0.16175962784949222 0.16172081643549902 1.4869894001880242E-5
87683823 0.16176026736775614 0.16172081643549902 1.4802979478871782E-5
87689823 0.16175071080117595 0.16172081643549902 1.4802979478871782E-5
87695823 0.16175286234053252 0.16172081643549902 1.4802979478871782E-5
87701823 0.16173670380750976 0.16172081643549902 1.4802979478871782E-5
87707823 0.16175270344413165 0.16172081643549902 1.4802979478871782E-5
87713823 0.161748413115134 0.16172081643549902 1.4802979478871782E-5
87719823 0.1617401556790831 0.16172081643549902 1.473636607121686E-5
87725823 0.16173251926480317 0.16172081643549902 1.473636607121686E-5
87731823 0.16174819186534667 0.16172081643549902 1.473636607121686E-5
87737823 0.16172575903247607 0.16172081643549902 1.4670052423896386E-5
87743823 0.1617405006379247 0.16172081643549902 1.4670052423896386E-5
87749823 0.16175290725402253 0.16172081643549902 1.4604037187988853E-5
87755823 0.16175623672371575 0.16172081643549902 1.4604037187988853E-5
87761823 0.16174979485536153 0.16172081643549902 1.4538319020642904E-5
87767823 0.1617373882392637 0.16172081643549902 1.4538319020642904E-5
87773823 0.16175159166322864 0.16172081643549902 1.4538319020642904E-5
87779823 0.16174152764666277 0.16172081643549902 1.4472896585050011E-5
87785823 0.16174152764666277 0.16172081643549902 1.4472896585050011E-5
87791823 0.1617393761073062 0.16172081643549902 1.4407768550417287E-5
87797823 0.16174152764666277 0.16172081643549902 1.4407768550417287E-5
87803823 0.16174479096692235 0.16172081643549902 1.434293359194041E-5
87809823 0.1617465975474373 0.16172081643549902 1.434293359194041E-5
87815823 0.16174103904999743 0.16172081643549902 1.4278390390776678E-5
87821823 0.1617519014812281 0.16172081643549902 1.4278390390776678E-5
87827823 0.16174808341486951 0.16172081643549902 1.4278390390776678E-5
87833823 0.16174004722860594 0.16172081643549902 1.4214137634018184E-5
87839823 0.16173678390834637 0.16172081643549902 1.4214137634018184E-5
87845823 0.16173697496852177 0.16172081643549902 1.4150174014665103E-5
87851823 0.1617381656485739 0.16172081643549902 1.4150174014665103E-5
87857823 0.16175286234053252 0.16172081643549902 1.408649823159911E-5
87863823 0.16175286234053252 0.16172081643549902 1.408649823159911E-5
87869823 0.16173004936147373 0.16172081643549902 1.4023108989556915E-5
87875823 0.1617267198917805 0.16172081643549902 1.4023108989556915E-5
87881823 0.16173101022077815 0.16172081643549902 1.4023108989556915E-5
87887823 0.16175742479132138 0.16172081643549902 1.3960004999103909E-5
87893823 0.1617398259788186 0.16172081643549902 1.3960004999103909E-5
87899823 0.16175409532162816 0.16172081643549902 1.3897184976607942E-5
87905823 0.16175409532162816 0.16172081643549902 1.3897184976607942E-5
87911823 0.16174760354204926 0.16172081643549902 1.3834647644213207E-5
87917823 0.16176200779883745 0.16172081643549902 1.3834647644213207E-5
87923823 0.16174278709125992 0.16172081643549902 1.3772391729814247E-5
87929823 0.1617461942246563 0.16172081643549902 1.3772391729814247E-5
87935823 0.16175048455365396 0.16172081643549902 1.3710415967030083E-5
87941823 0.1617698314074192 0.16172081643549902 1.3710415967030083E-5
87947823 0.16175623411126924 0.16172081643549902 1.3648719095178448E-5
87953823 0.16175527325196482 0.16172081643549902 1.3648719095178448E-5
87959823 0.16173953977862027 0.16172081643549902 1.3648719095178448E-5
87965823 0.1617278316726835 0.16172081643549902 1.3648719095178448E-5
87971823 0.16172222575289197 0.16172081643549902 1.3648719095178448E-5
87977823 0.16173616539543703 0.16172081643549902 1.3587299859250146E-5
87983823 0.16175183533179444 0.16172081643549902 1.3587299859250146E-5
87989823 0.16173723731766512 0.16172081643549902 1.3526157009883521E-5
87995823 0.16175115297778797 0.16172081643549902 1.3526157009883521E-5
88001823 0.161766501937726 0.16172081643549902 1.3526157009883521E-5
88007823 0.16174249827861506 0.16172081643549902 1.3465289303339046E-5
88013823 0.16174700379774104 0.16172081643549902 1.3465289303339046E-5
88019823 0.16175270344413165 0.16172081643549902 1.3465289303339046E-5
88025823 0.16175270344413165 0.16172081643549902 1.340469550147402E-5
88031823 0.1617588856275286 0.16172081643549902 1.340469550147402E-5
88037823 0.16175087447249 0.16172081643549902 1.3344374371717388E-5
88043823 0.16173863791121298 0.16172081643549902 1.3344374371717388E-5
88049823 0.16174868307445853 0.16172081643549902 1.3344374371717388E-5
88055823 0.16175924035901806 0.16172081643549902 1.3344374371717388E-5
88061823 0.1617345522681532 0.16172081643549902 1.3284324687044661E-5
88067823 0.16172510676449667 0.16172081643549902 1.3284324687044661E-5
88073823 0.16172575903247607 0.16172081643549902 1.3284324687044661E-5
88079823 0.16173508577830856 0.16172081643549902 1.322454522595296E-5
88085823 0.16174438746882827 0.16172081643549902 1.322454522595296E-5
88091823 0.1617401556790831 0.16172081643549902 1.3165034772436173E-5
88097823 0.16174444600808074 0.16172081643549902 1.3165034772436173E-5
88103823 0.16175604305109384 0.16172081643549902 1.3105792115960212E-5
88109823 0.1617666430866767 0.16172081643549902 1.3105792115960212E-5
88115823 0.161766501937726 0.16172081643549902 1.3046816051438392E-5
88121823 0.16176235275767906 0.16172081643549902 1.3046816051438392E-5
88127823 0.1617278316726835 0.16172081643549902 1.3046816051438392E-5
88133823 0.16174979485536153 0.16172081643549902 1.3046816051438392E-5
88139823 0.16173892269798745 0.16172081643549902 1.3046816051438392E-5
88145823 0.16172296797485558 0.16172081643549902 1.298810537920692E-5
88151823 0.16173996712776934 0.16172081643549902 1.298810537920692E-5
88157823 0.16173781558841277 0.16172081643549902 1.298810537920692E-5
88163823 0.1617288586814216 0.16172081643549902 1.292965890500049E-5
88169823 0.16174882161096274 0.16172081643549902 1.292965890500049E-5
88175823 0.16174263942756578 0.16172081643549902 1.2871475439927988E-5
88181823 0.1617588856275286 0.16172081643549902 1.2871475439927988E-5
88187823 0.16175719758302018 0.16172081643549902 1.2871475439927988E-5
88193823 0.16174964393376295 0.16172081643549902 1.2813553800448312E-5
88199823 0.16175908943741948 0.16172081643549902 1.2813553800448312E-5
88205823 0.16173401385608047 0.16172081643549902 1.2755892808346295E-5
88211823 0.16173198085273044 0.16172081643549902 1.2755892808346295E-5
88217823 0.1617519437822716 0.16172081643549902 1.2755892808346295E-5
88223823 0.1617436889586672 0.16172081643549902 1.2698491290708737E-5
88229823 0.16173953977862027 0.16172081643549902 1.2698491290708737E-5
88235823 0.1617373882392637 0.16172081643549902 1.2698491290708737E-5
88241823 0.1617483330142974 0.16172081643549902 1.2698491290708737E-5
88247823 0.16174077670085407 0.16172081643549902 1.2641348079900549E-5
88253823 0.1617297794021492 0.16172081643549902 1.2641348079900549E-5
88259823 0.16173198085273044 0.16172081643549902 1.2584462013540996E-5
88265823 0.1617401556790831 0.16172081643549902 1.2584462013540996E-5
88271823 0.16173251926480317 0.16172081643549902 1.2527831934480062E-5
88277823 0.16175544330678562 0.16172081643549902 1.2527831934480062E-5
88283823 0.1617430366906878 0.16172081643549902 1.2471456690774901E-5
88289823 0.16174411630781627 0.16172081643549902 1.2471456690774901E-5
88295823 0.1617405006379247 0.16172081643549902 1.2471456690774901E-5
88301823 0.16174464981797163 0.16172081643549902 1.2415335135666415E-5
88307823 0.16174153741931063 0.16172081643549902 1.2415335135666415E-5
88313823 0.1617401556790831 0.16172081643549902 1.2415335135666415E-5
88319823 0.1617600101581471 0.16172081643549902 1.2415335135666415E-5
88325823 0.16174949273226247 0.16172081643549902 1.2359466127555916E-5
88331823 0.16173846785639218 0.16172081643549902 1.2359466127555916E-5
88337823 0.16172866762124619 0.16172081643549902 1.2359466127555916E-5
88343823 0.16174371904469426 0.16172081643549902 1.2359466127555916E-5
88349823 0.1617478682247412 0.16172081643549902 1.2303848529981915E-5
88355823 0.1617517527220962 0.16172081643549902 1.2303848529981915E-5
88361823 0.1617517527220962 0.16172081643549902 1.2303848529981915E-5
88367823 0.1617436889586672 0.16172081643549902 1.2248481211596997E-5
88373823 0.16174464981797163 0.16172081643549902 1.2248481211596997E-5
88379823 0.16174249827861506 0.16172081643549902 1.2248481211596997E-5
88385823 0.1617489852822768 0.16172081643549902 1.2248481211596997E-5
88391823 0.16174668282132165 0.16172081643549902 1.2193363046144811E-5
88397823 0.16174572196201722 0.16172081643549902 1.2193363046144811E-5
88403823 0.16173412491900413 0.16172081643549902 1.2138492912437161E-5
88409823 0.1617363163170356 0.16172081643549902 1.2138492912437161E-5
88415823 0.1617316712565485 0.16172081643549902 1.2138492912437161E-5
88421823 0.16172548907315154 0.16172081643549902 1.2138492912437161E-5
88427823 0.16173600649903616 0.16172081643549902 1.2138492912437161E-5
88433823 0.161739083756855 0.16172081643549902 1.2083869694331194E-5
88439823 0.16174123529621157 0.16172081643549902 1.2083869694331194E-5
88445823 0.16174230721843966 0.16172081643549902 1.2029492280706704E-5
88451823 0.16175327561127445 0.16172081643549902 1.2029492280706704E-5
88457823 0.16175423647057888 0.16172081643549902 1.1975359565443524E-5
88463823 0.16173830418507812 0.16172081643549902 1.1975359565443524E-5
88469823 0.1617415675053377 0.16172081643549902 1.1975359565443524E-5
88475823 0.16173670380750976 0.16172081643549902 1.1975359565443524E-5
88481823 0.16174863055078734 0.16172081643549902 1.1975359565443524E-5
88487823 0.16174218868243312 0.16172081643549902 1.1975359565443524E-5
88493823 0.16173352525941512 0.16172081643549902 1.1921470447399029E-5
88499823 0.16174506969403782 0.16172081643549902 1.1921470447399029E-5
88505823 0.16174506969403782 0.16172081643549902 1.1867823830385734E-5
88511823 0.16174863055078734 0.16172081643549902 1.1867823830385734E-5
88517823 0.16173382279590506 0.16172081643549902 1.1814418623149E-5
88523823 0.16173493457680807 0.16172081643549902 1.1814418623149E-5
88529823 0.1617278316726835 0.16172081643549902 1.1814418623149E-5
88535823 0.1617546337337009 0.16172081643549902 1.1814418623149E-5
88541823 0.16173815803839273 0.16172081643549902 1.176125373934483E-5
88547823 0.16173781558841277 0.16172081643549902 1.176125373934483E-5
88553823 0.16172789782211716 0.16172081643549902 1.176125373934483E-5
88559823 0.16173746186178023 0.16172081643549902 1.1708328097517778E-5
88565823 0.16173038047516208 0.16172081643549902 1.1708328097517778E-5
88571823 0.16173317153278258 0.16172081643549902 1.1708328097517778E-5
88577823 0.16174894014696928 0.16172081643549902 1.1708328097517778E-5
88583823 0.1617405006379247 0.16172081643549902 1.1655640621078948E-5
88589823 0.16174046549708254 0.16172081643549902 1.1655640621078948E-5
88595823 0.161731019993426 0.16172081643549902 1.1655640621078948E-5
88601823 0.16174411630781627 0.16172081643549902 1.1655640621078948E-5
88607823 0.16172963825319847 0.16172081643549902 1.1603190238284094E-5
88613823 0.16174571668538462 0.16172081643549902 1.1603190238284094E-5
88619823 0.16174060664603326 0.16172081643549902 1.1550975882211816E-5
88625823 0.16173116114237673 0.16172081643549902 1.1550975882211816E-5
88631823 0.16173600649903616 0.16172081643549902 1.1550975882211816E-5
88637823 0.16173703350777424 0.16172081643549902 1.1498996490741864E-5
88643823 0.1617267198917805 0.16172081643549902 1.1498996490741864E-5
88649823 0.1617327431787766 0.16172081643549902 1.1498996490741864E-5
88655823 0.16173703350777424 0.16172081643549902 1.1447251006533527E-5
88661823 0.1617391850471308 0.16172081643549902 1.1447251006533527E-5
88667823 0.16173703350777424 0.16172081643549902 1.1395738377004127E-5
88673823 0.1617401556790831 0.16172081643549902 1.1395738377004127E-5
88679823 0.1617430366906878 0.16172081643549902 1.1344457554307609E-5
88685823 0.16174383010761792 0.16172081643549902 1.1344457554307609E-5
88691823 0.1617333126817333 0.16172081643549902 1.1344457554307609E-5
88697823 0.16174960118273962 0.16172081643549902 1.1344457554307609E-5
88703823 0.16174142635638697 0.16172081643549902 1.1293407495313226E-5
88709823 0.1617519437822716 0.16172081643549902 1.1293407495313226E-5
88715823 0.1617454520026927 0.16172081643549902 1.1293407495313226E-5
88721823 0.1617461942246563 0.16172081643549902 1.1242587161584317E-5
88727823 0.16174760354204926 0.16172081643549902 1.1242587161584317E-5
88733823 0.1617461942246563 0.16172081643549902 1.1191995519357188E-5
88739823 0.16175604305109384 0.16172081643549902 1.1191995519357188E-5
88745823 0.16175604305109384 0.16172081643549902 1.1141631539520082E-5
88751823 0.16174337408585265 0.16172081643549902 1.1141631539520082E-5
88757823 0.16175389151173727 0.16172081643549902 1.1141631539520082E-5
88763823 0.16174337408585265 0.16172081643549902 1.1091494197592242E-5
88769823 0.1617394287156966 0.16172081643549902 1.1091494197592242E-5
88775823 0.16174894014696928 0.16172081643549902 1.1041582473703078E-5
88781823 0.16175409532162816 0.16172081643549902 1.1041582473703078E-5
88787823 0.16175409532162816 0.16172081643549902 1.0991895352571415E-5
88793823 0.16174142635638697 0.16172081643549902 1.0942431823484844E-5
88799823 0.1617426170364391 0.16172081643549902 1.0942431823484844E-5
88805823 0.1617426170364391 0.16172081643549902 1.0942431823484844E-5
88811823 0.16175742479132138 0.16172081643549902 1.0893190880279162E-5
88817823 0.1617583856506258 0.16172081643549902 1.0893190880279162E-5
88823823 0.16175623411126924 0.16172081643549902 1.0844171521317906E-5
88829823 0.16174894014696928 0.16172081643549902 1.0844171521317906E-5
88835823 0.16172687081337908 0.16172081643549902 1.0844171521317906E-5
88841823 0.1617345971816432 0.16172081643549902 1.0844171521317906E-5
88847823 0.16173874636169014 0.16172081643549902 1.0844171521317906E-5
88853823 0.16174882161096274 0.16172081643549902 1.0795372749471975E-5
88859823 0.16174779460222466 0.16172081643549902 1.0795372749471975E-5
88865823 0.1617445312819651 0.16172081643549902 1.0746793572099352E-5
88871823 0.1617327431787766 0.16172081643549902 1.0746793572099352E-5
88877823 0.16172510676449667 0.16172081643549902 1.0746793572099352E-5
88883823 0.16172222575289197 0.16172081643549902 1.0746793572099352E-5
88889823 0.1617288586814216 0.16172081643549902 1.0746793572099352E-5
88895823 0.16174167856826135 0.16172081643549902 1.0698433001024906E-5
88901823 0.16174263942756578 0.16172081643549902 1.0698433001024906E-5
88907823 0.1617236074931195 0.16172081643549902 1.0650290052520294E-5
88913823 0.16172296797485558 0.16172081643549902 1.0650290052520294E-5
88919823 0.16173781558841277 0.16172081643549902 1.0650290052520294E-5
88925823 0.16175742479132138 0.16172081643549902 1.0602363747283954E-5
88931823 0.1617454520026927 0.16172081643549902 1.0602363747283954E-5
88937823 0.16173493457680807 0.16172081643549902 1.0602363747283954E-5
88943823 0.1617373882392637 0.16172081643549902 1.0602363747283954E-5
88949823 0.16173305299677604 0.16172081643549902 1.0554653110421177E-5
88955823 0.16172623129511515 0.16172081643549902 1.0554653110421177E-5
88961823 0.16173178979255504 0.16172081643549902 1.0554653110421177E-5
88967823 0.161734132392087 0.16172081643549902 1.0507157171424282E-5
88973823 0.16173746186178023 0.16172081643549902 1.0507157171424282E-5
88979823 0.16173317153278258 0.16172081643549902 1.0507157171424282E-5
88985823 0.16174123529621157 0.16172081643549902 1.0459874964152874E-5
88991823 0.16173212200168116 0.16172081643549902 1.0459874964152874E-5
88997823 0.16172651608188962 0.16172081643549902 1.0459874964152874E-5
89003823 0.16172651608188962 0.16172081643549902 1.0459874964152874E-5
89009823 0.16172651608188962 0.16172081643549902 1.0459874964152874E-5
89015823 0.1617236074931195 0.16172081643549902 1.0412805526814186E-5
89021823 0.16172837008475624 0.16172081643549902 1.0412805526814186E-5
89027823 0.1617419647684597 0.16172081643549902 1.0365947901943524E-5
89033823 0.1617363163170356 0.16172081643549902 1.0365947901943524E-5
89039823 0.16172651608188962 0.16172081643549902 1.0319301136384779E-5
89045823 0.16172651608188962 0.16172081643549902 1.0319301136384779E-5
89051823 0.1617297794021492 0.16172081643549902 1.0272864281271047E-5
89057823 0.16173427354103773 0.16172081643549902 1.0272864281271047E-5
89063823 0.16173101022077815 0.16172081643549902 1.0226636392005328E-5
89069823 0.16172222575289197 0.16172081643549902 1.0226636392005328E-5
89075823 0.16172222575289197 0.16172081643549902 1.0226636392005328E-5
89081823 0.16173596158554615 0.16172081643549902 1.0180616528241306E-5
89087823 0.1617413764451623 0.16172081643549902 1.0180616528241306E-5
89093823 0.16173392858219612 0.16172081643549902 1.013480375386422E-5
89099823 0.16173392858219612 0.16172081643549902 1.013480375386422E-5
89105823 0.16173392858219612 0.16172081643549902 1.013480375386422E-5
89111823 0.1617297794021492 0.16172081643549902 1.0089197136971833E-5
89117823 0.16174411630781627 0.16172081643549902 1.0089197136971833E-5
89123823 0.16174060664603326 0.16172081643549902 1.004379574985546E-5
89129823 0.16173922490580572 0.16172081643549902 1.004379574985546E-5
89135823 0.1617297794021492 0.16172081643549902 1.004379574985546E-5
89141823 0.1617297794021492 0.16172081643549902 1.004379574985546E-5
89147823 0.16172222575289197 0.16172081643549902 1.004379574985546E-5
